"name","from_node","to_node","length","roughness","inoffset","outoffset","initflow","maxflow"
"C10797","J433","J435",34.4682682011056,0.56,0,0,0,0
"C10797","J435","J435",0,0.56,0,0,0,0
"C10798","J435","J432",118.415847014449,0.26,0,0,0,0
"C10798","J432","J480",605.044451696284,0.26,0,0,0,0
"C10800","J480","J477",395.85682457422,0.01,0,0,0,0
"C10800","J477","J444",598.158285591888,0.01,0,0,0,0
"C10801","J444","J433",488.851878024314,0.01,0,0,0,0
"C10801","J433","J472",830.948461146828,0.01,0,0,0,0
"C10825","J472","J476",33.7196479025115,0.05,0,0,0,0
"C10825","J476","J465",204.063604168473,0.05,0,0,0,0
"C10826","J465","J463",161.624629907424,1.53,0,0,0,0
"C10826","J463","J465",161.624629907424,1.53,0,0,0,0
"C10831","J465","J467",168.655885666019,1.19,0,0,0,0
"C10831","J467","J476",368.6215638482,1.19,0,0,0,0
"C10832","J476","J486",97.1355924072476,1.54,0,0,0,0
"C10832","J486","J486",0,1.54,0,0,0,0
"C10833","J486","J516",245.115413380338,1.34,0,0,0,0
"C10833","J516","J516",0,1.34,0,0,0,0
"C10834","J516","J523",44.2989375413694,0.56,0,0,0,0
"C10834","J523","J449",923.960820406144,0.56,0,0,0,0
"C10835","J449","J448",122.834294469461,1.08,0,0,0,0
"C10835","J448","J411",475.696002794079,1.08,0,0,0,0
"C10836","J411","J415",64.2833595569731,1.5,0,0,0,0
"C10836","J415","J415",0,1.5,0,0,0,0
"C10837","J415","J418",187.003607696528,0.59,0,0,0,0
"C10837","J418","J481",2502.7699648328,0.59,0,0,0,0
"C10983","J481","J478",45.0928174029701,0.6,0,0,0,0
"C10983","J478","J538",530.064663526264,0.6,0,0,0,0
"C10984","J538","J522",111.144240283828,0.32,0,0,0,0
"C10984","J522","J513",40.0977816588937,0.32,0,0,0,0
"C10985","J513","J498",139.095341185654,1.07,0,0,0,0
"C10985","J498","J500",597.788099521641,1.07,0,0,0,0
"C10986","J500","J473",251.276999965751,0.66,0,0,0,0
"C10986","J473","J468",28.8772859637396,0.66,0,0,0,0
"C10987","J468","J473",28.8772859637396,1.54,0,0,0,0
"C10987","J473","J430",379.200928015447,1.54,0,0,0,0
"C10988","J430","J429",34.5748531254069,0.75,0,0,0,0
"C10988","J429","J463",642.477161480344,0.75,0,0,0,0
"C11113","J463","J464",37.2620148223852,3.5,0,0,0,0
"C11113","J464","J471",265.578780242126,3.5,0,0,0,0
"C11114","J471","J447",243.507373590598,0.8,0,0,0,0
"C11114","J447","J479",302.687215423109,0.8,0,0,0,0
"C11115","J479","J490",167.460535669361,0.01,0,0,0,0
"C11115","J490","J490",0,0.01,0,0,0,0
"C11116","J490","J561",463.326594035892,0.01,0,0,0,0
"C11116","J561","J465",1047.94051198442,0.01,0,0,0,0
"C11481","J465","J445",227.995297079508,0.01,0,0,0,0
"C11481","J445","J365",1338.20049693614,0.01,0,0,0,0
"C12496","J365","J361",136.273629476954,0.01,0,0,0,0
"C12496","J361","J597",2453.40920283392,0.01,0,0,0,0
"C13544","J597","J601",152.026430017665,0.8,0,0,0,0
"C13544","J601","J552",461.743102100819,0.8,0,0,0,0
"C13545","J552","J608",306.23428297018,0.01,0,0,0,0
"C13545","J608","J551",454.819229052815,0.01,0,0,0,0
"C13546","J551","J546",68.9597185484893,0.01,0,0,0,0
"C13546","J546","J407",11134.2145231883,0.01,0,0,0,0
"C1602","J407","J211",3943.59019805917,0.01,0,0,0,0
"C1602","J211","J10",10753.9292546606,0.01,0,0,0,0
"C16600","J10","J11",66.7188025247958,0.01,0,0,0,0
"C16600","J11","J420",2984.48717598579,0.01,0,0,0,0
"C16601","J420","J419",103.011581786141,0.01,0,0,0,0
"C16601","J419","J16",3792.20498696578,0.01,0,0,0,0
"C16605","J16","J23",223.75250424989,0.01,0,0,0,0
"C16605","J23","J150",932.75523263846,0.01,0,0,0,0
"C16606","J150","J156",34.6267627283321,0.01,0,0,0,0
"C16606","J156","J225",2403.09501745289,0.01,0,0,0,0
"C16615","J225","J227",48.0587342904478,0.01,0,0,0,0
"C16615","J227","J221",244.009746638121,0.01,0,0,0,0
"C16712","J221","J223",8.19205228316898,0.01,0,0,0,0
"C16712","J223","J296",6265.84058158399,0.01,0,0,0,0
"C17723","J296","J291",39.215138749645,0.01,0,0,0,0
"C17723","J291","J134",7810.62330709672,0.01,0,0,0,0
"C1783","J134","J167",3902.23136635364,0.01,0,0,0,0
"C1783","J167","J193",2714.76737352886,0.01,0,0,0,0
"C18454","J193","J205",41.3903705631841,0.01,0,0,0,0
"C18454","J205","J231",1278.11237432349,0.01,0,0,0,0
"C18464","J231","J255",103.240728528021,0.01,0,0,0,0
"C18464","J255","J198",5325.44323234919,0.01,0,0,0,0
"C18482","J198","J187",62.8248981797354,0.01,0,0,0,0
"C18482","J187","J378",6640.03877436586,0.01,0,0,0,0
"C18483","J378","J391",287.099165719141,0.01,0,0,0,0
"C18483","J391","J596",4791.71062509695,0.01,0,0,0,0
"C18490","J596","J602",125.579794025483,0.01,0,0,0,0
"C18490","J602","J608",639.433255385489,0.01,0,0,0,0
"C18550","J608","J597",192.531273213522,0.36,0,0,0,0
"C18550","J597","J524",2079.35020851389,0.36,0,0,0,0
"C18750","J524","J525",32.558930869807,0.01,0,0,0,0
"C18750","J525","J76",5350.93984681117,0.01,0,0,0,0
"C18751","J76","J77",57.7932267156631,0.01,0,0,0,0
"C18751","J77","J71",8464.19363386579,0.01,0,0,0,0
"C18800","J71","J80",188.313740226616,0.01,0,0,0,0
"C18800","J80","J666",6757.68940934359,0.01,0,0,0,0
"C19016","J666","J663",90.2455370958181,0.01,0,0,0,0
"C19016","J663","J638",559.492020471377,0.01,0,0,0,0
"C19017","J638","J646",239.979180082128,0.01,0,0,0,0
"C19017","J646","J195",5931.94495371127,0.01,0,0,0,0
"C19021","J195","J189",46.4253027613849,0.01,0,0,0,0
"C19021","J189","J441",6696.74700769707,0.01,0,0,0,0
"C19051","J441","J402",605.177298388115,0.01,0,0,0,0
"C19051","J402","J145",1886.6654850635,0.01,0,0,0,0
"C19052","J145","J233",461.203825470456,0.01,0,0,0,0
"C19052","J233","J143",451.568998584264,0.01,0,0,0,0
"C19053","J143","J145",92.2174156919845,0.01,0,0,0,0
"C19053","J145","J387",4197.72612831183,0.01,0,0,0,0
"C19781","J387","J374",901.243946243,0.01,0,0,0,0
"C19781","J374","J227",3874.13193632493,0.01,0,0,0,0
"C19783","J227","J235",93.7268137926591,0.01,0,0,0,0
"C19783","J235","J553",5693.68181325926,0.01,0,0,0,0
"C19790","J553","J502",468.61945346759,0.01,0,0,0,0
"C19790","J502","J209",2936.32150745889,0.01,0,0,0,0
"C19900","J209","J254",172.478523863093,0.01,0,0,0,0
"C19900","J254","J206",2319.56050187608,0.01,0,0,0,0
"C20180","J206","J192",46.4977465776929,0.01,0,0,0,0
"C20180","J192","J623",3984.27461073719,0.01,0,0,0,0
"C20186","J623","J631",235.247406013577,0.01,0,0,0,0
"C20186","J631","J190",4229.76362921358,0.01,0,0,0,0
"C20197","J190","J231",139.097206363227,0.01,0,0,0,0
"C20197","J231","J362",2498.11385948547,0.01,0,0,0,0
"C20331","J362","J366",31.1340065692852,0.01,0,0,0,0
"C20331","J366","J293",434.823758860307,0.01,0,0,0,0
"C20350","J293","J290",50.5323210830719,0.01,0,0,0,0
"C20350","J290","J68",4164.93892105192,0.01,0,0,0,0
"C20548","J68","J81",55.6528502838967,0.01,0,0,0,0
"C20548","J81","J174",799.700945281545,0.01,0,0,0,0
"C20549","J174","J164",71.564789952605,0.01,0,0,0,0
"C20549","J164","J670",5934.3745476563,0.01,0,0,0,0
"C20629","J670","J671",283.518557236572,0.01,0,0,0,0
"C20629","J671","J130",4812.52226325995,0.01,0,0,0,0
"C20657","J130","J153",224.382728717398,0.01,0,0,0,0
"C20657","J153","J250",502.375838880679,0.01,0,0,0,0
"C20658","J250","J260",121.093146674226,0.01,0,0,0,0
"C20658","J260","J260",0,0.01,0,0,0,0
"C20659","J260","J263",19.9590791090751,0.01,0,0,0,0
"C20659","J263","J311",2971.97093172666,0.01,0,0,0,0
"C209505","J311","J310",23.8341737458035,0.01,0,0,0,0
"C209505","J310","J311",23.8341737458035,0.01,0,0,0,0
"C209506","J311","J316",18.6065150000882,0.01,0,0,0,0
"C209506","J316","J346",172.837813002415,0.01,0,0,0,0
"C209507","J346","J347",13.0808929467864,0.01,0,0,0,0
"C209507","J347","J89",3489.91964418593,0.01,0,0,0,0
"C21012","J89","J107",197.457721590215,0.01,0,0,0,0
"C21012","J107","J8",5401.90913528083,0.01,0,0,0,0
"C21540","J8","J36",204.720463903722,0.01,0,0,0,0
"C21540","J36","J96",804.4078334933,0.01,0,0,0,0
"C21996","J96","J148",274.351642064837,0.01,0,0,0,0
"C21996","J148","J276",895.503447931525,0.01,0,0,0,0
"C21997","J276","J255",163.52224798438,0.01,0,0,0,0
"C21997","J255","J308",2797.03606370585,0.01,0,0,0,0
"C22025","J308","J312",200.573769803198,0.01,0,0,0,0
"C22025","J312","J352",470.84918192148,0.01,0,0,0,0
"C22131","J352","J356",86.6196376652249,0.01,0,0,0,0
"C22131","J356","J282",791.714822964328,0.01,0,0,0,0
"C22137","J282","J277",75.6332285987066,0.01,0,0,0,0
"C22137","J277","J214",1161.94182935972,0.01,0,0,0,0
"C22161","J214","J180",218.865735356166,0.01,0,0,0,0
"C22161","J180","J151",584.174608615946,0.01,0,0,0,0
"C22183","J151","J158",76.9828481548923,0.01,0,0,0,0
"C22183","J158","J382",2377.6606615283,0.01,0,0,0,0
"C22223","J382","J349",247.217081480009,0.01,0,0,0,0
"C22223","J349","J24",1742.89125351572,0.01,0,0,0,0
"C22224","J24","J52",186.718955235637,0.01,0,0,0,0
"C22224","J52","J166",1697.40366214304,0.01,0,0,0,0
"C22243","J166","J219",1017.26382985213,0.01,0,0,0,0
"C22243","J219","J527",3989.97563508912,0.01,0,0,0,0
"C22262","J527","J526",42.9567624859609,0.01,0,0,0,0
"C22262","J526","J491",1624.69968558719,0.01,0,0,0,0
"C22266","J491","J494",148.433813621306,0.01,0,0,0,0
"C22266","J494","J110",5744.5188875309,0.01,0,0,0,0
"C22292","J110","J111",85.9165071168181,0.01,0,0,0,0
"C22292","J111","J104",8124.22084227209,0.01,0,0,0,0
"C22317","J104","J118",101.200782945063,0.01,0,0,0,0
"C22317","J118","J534",3573.35334606925,0.01,0,0,0,0
"C22448","J534","J558",154.533953581484,0.01,0,0,0,0
"C22448","J558","J170",3696.46982571346,0.01,0,0,0,0
"C22972","J170","J181",74.3617600563232,0.01,0,0,0,0
"C22972","J181","J585",3589.22556680932,0.01,0,0,0,0
"C23110","J585","J583",27.9432033452874,0.77,0,0,0,0
"C23110","J583","J348",3937.21228985321,0.77,0,0,0,0
"C23383","J348","J321",178.649257280186,0.01,0,0,0,0
"C23383","J321","J314",3091.60851192568,0.01,0,0,0,0
"C23758","J314","J318",166.502873604841,0.01,0,0,0,0
"C23758","J318","J338",758.899032958817,0.01,0,0,0,0
"C23848","J338","J362",147.881515452762,0.01,0,0,0,0
"C23848","J362","J429",1996.31688140833,0.01,0,0,0,0
"C23953","J429","J453",215.323323981407,0.71,0,0,0,0
"C23953","J453","J410",12099.554217796,0.71,0,0,0,0
"C24","J410","J211",5466.07967334711,0.01,0,0,0,0
"C24","J211","J239",7627.38295390208,0.01,0,0,0,0
"C24012","J239","J232",32.9123472127576,0.01,0,0,0,0
"C24012","J232","J575",4010.60276367034,0.01,0,0,0,0
"C24071","J575","J568",42.0113827790978,0.01,0,0,0,0
"C24071","J568","J567",381.559397383531,0.01,0,0,0,0
"C24074","J567","J550",105.963448032698,0.01,0,0,0,0
"C24074","J550","J544",2161.56412029202,0.01,0,0,0,0
"C24131","J544","J532",120.113068989276,0.01,0,0,0,0
"C24131","J532","J71",6119.62208814828,0.01,0,0,0,0
"C24151","J71","J111",196.30337859078,0.01,0,0,0,0
"C24151","J111","J556",7620.97443307382,0.01,0,0,0,0
"C24170","J556","J558",34.5213520664429,0.01,0,0,0,0
"C24170","J558","J213",3526.90063439545,0.01,0,0,0,0
"C24206","J213","J201",37.7204453239694,0.01,0,0,0,0
"C24206","J201","J671",5320.24669662943,0.01,0,0,0,0
"C24207","J671","J672",131.528830243403,0.01,0,0,0,0
"C24207","J672","J259",4551.36369886113,0.01,0,0,0,0
"C24232","J259","J270",84.9328652287605,0.01,0,0,0,0
"C24232","J270","J588",3652.82552199404,0.01,0,0,0,0
"C24237","J588","J603",94.8758338122836,0.01,0,0,0,0
"C24237","J603","J107",5302.66737273681,0.01,0,0,0,0
"C24488","J107","J119",264.198360487976,0.01,0,0,0,0
"C24488","J119","J466",3378.99533965136,0.01,0,0,0,0
"C24581","J466","J464",128.178562936543,2.3,0,0,0,0
"C24581","J464","J563",641.5494264304,2.3,0,0,0,0
"C24814","J563","J583",133.328234787595,0.55,0,0,0,0
"C24814","J583","J217",4292.59118689699,0.55,0,0,0,0
"C25106","J217","J221",128.946538807353,0.01,0,0,0,0
"C25106","J221","J353",5258.64175378237,0.01,0,0,0,0
"C25561","J353","J341",126.200257373645,0.01,0,0,0,0
"C25561","J341","J298",1108.32489496161,0.01,0,0,0,0
"C25594","J298","J320",123.769304861575,0.01,0,0,0,0
"C25594","J320","J21",1954.271928652,0.01,0,0,0,0
"C25657","J21","J14",42.7045858451478,0.01,0,0,0,0
"C25657","J14","J254",1813.09386710655,0.01,0,0,0,0
"C25698","J254","J249",55.8921588073171,0.01,0,0,0,0
"C25698","J249","J337",1091.96165754569,0.01,0,0,0,0
"C25722","J337","J340",26.0632452732654,0.01,0,0,0,0
"C25722","J340","J29",1685.41310044034,0.01,0,0,0,0
"C25760","J29","J88",393.022885041299,0.01,0,0,0,0
"C25760","J88","J294",3270.41427236403,0.01,0,0,0,0
"C25778","J294","J345",527.758820292423,0.01,0,0,0,0
"C25778","J345","J324",1552.1179001779,0.01,0,0,0,0
"C25842","J324","J333",65.9666558565656,0.01,0,0,0,0
"C25842","J333","J647",4516.90919480868,0.01,0,0,0,0
"C25957","J647","J664",208.621805911076,0.01,0,0,0,0
"C25957","J664","J211",8675.01050432874,0.01,0,0,0,0
"C2600","J211","J134",3064.82072042501,0.01,0,0,0,0
"C2600","J134","J448",6015.18736151639,0.01,0,0,0,0
"C26298","J448","J446",81.5002133189977,1.28,0,0,0,0
"C26298","J446","J635",2051.99784276191,1.28,0,0,0,0
"C26520","J635","J641",115.686045858012,0.74,0,0,0,0
"C26520","J641","J641",0,0.74,0,0,0,0
"C26521","J641","J637",88.5193853771506,0.72,0,0,0,0
"C26521","J637","J443",3167.17863526962,0.72,0,0,0,0
"C26829","J443","J434",688.642306668363,0.01,0,0,0,0
"C26829","J434","J304",2961.70987732481,0.01,0,0,0,0
"C27081","J304","J308",16.6895115725117,0.01,0,0,0,0
"C27081","J308","J124",1012.46278144796,0.01,0,0,0,0
"C27082","J124","J135",156.460541327042,0.01,0,0,0,0
"C27082","J135","J361",1253.8096444397,0.01,0,0,0,0
"C27084","J361","J356",142.314049066006,0.01,0,0,0,0
"C27084","J356","J389",1643.9300723388,0.01,0,0,0,0
"C27369","J389","J393",68.0483644617377,0.01,0,0,0,0
"C27369","J393","J102",2046.93422774864,0.01,0,0,0,0
"C27447","J102","J60",206.639987360665,0.01,0,0,0,0
"C27447","J60","J366",1697.64043141429,0.01,0,0,0,0
"C27471","J366","J374",22.2262076864021,0.01,0,0,0,0
"C27471","J374","J149",1238.96044042925,0.01,0,0,0,0
"C27485","J149","J158",41.6504288180749,0.01,0,0,0,0
"C27485","J158","J394",2163.35621509185,0.01,0,0,0,0
"C27569","J394","J400",172.771230798088,0.01,0,0,0,0
"C27569","J400","J610",1991.20859669697,0.01,0,0,0,0
"C27587","J610","J545",345.485053108954,0.01,0,0,0,0
"C27587","J545","J642",1225.78736459256,0.01,0,0,0,0
"C27589","J642","J650",277.966097550261,0.01,0,0,0,0
"C27589","J650","J492",1588.05777382529,0.01,0,0,0,0
"C27591","J492","J485",83.9037942892802,0.01,0,0,0,0
"C27591","J485","J94",4861.14995378411,0.01,0,0,0,0
"C27594","J94","J107",57.5525891472685,0.01,0,0,0,0
"C27594","J107","J237",670.064177833284,0.01,0,0,0,0
"C27664","J237","J226",43.5229040254533,0.01,0,0,0,0
"C27664","J226","J602",3870.3863259708,0.01,0,0,0,0
"C27670","J602","J598",21.6597675704909,0.01,0,0,0,0
"C27670","J598","J81",4889.60737600214,0.01,0,0,0,0
"C27732","J81","J82",89.4689559633031,0.01,0,0,0,0
"C27732","J82","J672",6020.92236737445,0.01,0,0,0,0
"C27796","J672","J666",179.676180647819,0.01,0,0,0,0
"C27796","J666","J240",4317.77609021098,0.01,0,0,0,0
"C27832","J240","J250",50.4622249627391,0.01,0,0,0,0
"C27832","J250","J616",3438.04239309339,0.01,0,0,0,0
"C27839","J616","J589",192.762695291252,0.01,0,0,0,0
"C27839","J589","J507",2031.24051150057,0.01,0,0,0,0
"C28092","J507","J516",178.402764297053,2,0,0,0,0
"C28092","J516","J371",1850.40628589702,2,0,0,0,0
"C28249","J371","J368",60.7487817514953,0.01,0,0,0,0
"C28249","J368","J611",2569.91847997176,0.01,0,0,0,0
"C28316","J611","J635",229.465934420244,0.3,0,0,0,0
"C28316","J635","J637",198.251289061802,0.3,0,0,0,0
"C28324","J637","J651",227.845332552953,0.63,0,0,0,0
"C28324","J651","J335",2887.08991228051,0.63,0,0,0,0
"C28968","J335","J328",31.879489921074,0.01,0,0,0,0
"C28968","J328","J341",2933.6981007618,0.01,0,0,0,0
"C29053","J341","J359",140.16150329808,0.01,0,0,0,0
"C29053","J359","J461",2524.85083110045,0.01,0,0,0,0
"C29107","J461","J460",33.5260785158472,1.19,0,0,0,0
"C29107","J460","J446",593.413964307269,1.19,0,0,0,0
"C29108","J446","J450",88.1568683111162,1.32,0,0,0,0
"C29108","J450","J257",2048.45297184028,1.32,0,0,0,0
"C29119","J257","J268",77.8925521764479,0.01,0,0,0,0
"C29119","J268","J343",1229.27043456506,0.01,0,0,0,0
"C29146","J343","J350",40.8454776416421,0.01,0,0,0,0
"C29146","J350","J138",2304.08678699681,0.01,0,0,0,0
"C29148","J138","J127",63.5998254142701,0.01,0,0,0,0
"C29148","J127","J49",1301.94115141342,0.01,0,0,0,0
"C29206","J49","J63",102.818185893129,0.01,0,0,0,0
"C29206","J63","J419",3316.08014138092,0.01,0,0,0,0
"C29279","J419","J417",101.695272564981,0.01,0,0,0,0
"C29279","J417","J667",3061.36161309025,0.01,0,0,0,0
"C29283","J667","J669",59.027543237335,0.01,0,0,0,0
"C29283","J669","J41",7528.13878216629,0.01,0,0,0,0
"C29434","J41","J46",81.6098990088531,0.01,0,0,0,0
"C29434","J46","J164",9727.04118721815,0.01,0,0,0,0
"C29513","J164","J120",198.193326947119,0.01,0,0,0,0
"C29513","J120","J574",6467.6372365182,0.01,0,0,0,0
"C29547","J574","J543",196.296418855466,0.01,0,0,0,0
"C29547","J543","J534",2666.05402308219,0.01,0,0,0,0
"C29608","J534","J520",160.267927741391,0.01,0,0,0,0
"C29608","J520","J626",2550.92874708188,0.01,0,0,0,0
"C29645","J626","J616",161.314254641494,0.01,0,0,0,0
"C29645","J616","J474",1893.34731384029,0.01,0,0,0,0
"C29681","J474","J462",376.402698212693,0.01,0,0,0,0
"C29681","J462","J79",2946.62013279856,0.01,0,0,0,0
"C29682","J79","J83",21.956591343011,0.01,0,0,0,0
"C29682","J83","J233",800.783342441625,0.01,0,0,0,0
"C29683","J233","J259",124.021545453943,0.01,0,0,0,0
"C29683","J259","J512",4616.633471388,0.01,0,0,0,0
"C29872","J512","J523",47.7484302025817,0.01,0,0,0,0
"C29872","J523","J505",1081.94933613291,0.01,0,0,0,0
"C29889","J505","J508",139.661813852567,0.48,0,0,0,0
"C29889","J508","J468",345.366071210276,0.48,0,0,0,0
"C29890","J468","J457",185.906980587579,0.29,0,0,0,0
"C29890","J457","J471",481.393746793624,0.29,0,0,0,0
"C29902","J471","J479",134.376926450629,1.14,0,0,0,0
"C29902","J479","J473",203.608876273232,1.14,0,0,0,0
"C29903","J473","J487",140.113433624014,0.34,0,0,0,0
"C29903","J487","J542",859.928734227119,0.34,0,0,0,0
"C29904","J542","J505",400.170532098031,0.01,0,0,0,0
"C29904","J505","J368",2255.7503657454,0.01,0,0,0,0
"C30018","J368","J365",64.774503310046,0.01,0,0,0,0
"C30018","J365","J624",2839.09548095295,0.01,0,0,0,0
"C30126","J624","J635",238.223359950863,0.5,0,0,0,0
"C30126","J635","J317",2872.76056129036,0.5,0,0,0,0
"C3013","J317","J297",113.999357014318,0.01,0,0,0,0
"C3013","J297","J328",192.821946800262,0.01,0,0,0,0
"C3014","J328","J317",78.8741097758444,0.01,0,0,0,0
"C3014","J317","J6",6337.20773444695,0.01,0,0,0,0
"C3015","J6","J12",152.19329451868,0.01,0,0,0,0
"C3015","J12","J223",8669.22766447057,0.01,0,0,0,0
"C30426","J223","J216",158.591294463934,0.01,0,0,0,0
"C30426","J216","J205",4971.06686058927,0.01,0,0,0,0
"C3086","J205","J253",191.037459008797,0.01,0,0,0,0
"C3086","J253","J344",591.071361835306,0.01,0,0,0,0
"C3087","J344","J353",137.630177099055,0.01,0,0,0,0
"C3087","J353","J308",1620.24720702905,0.01,0,0,0,0
"C30901","J308","J313",29.0725173125967,0.01,0,0,0,0
"C30901","J313","J296",2659.27857137416,0.01,0,0,0,0
"C3104","J296","J326",187.78972675077,0.01,0,0,0,0
"C3104","J326","J128",2964.54641481753,0.01,0,0,0,0
"C31046","J128","J124",53.6609793219483,0.01,0,0,0,0
"C31046","J124","J31",509.441771417426,0.01,0,0,0,0
"C31047","J31","J45",210.558457613452,0.01,0,0,0,0
"C31047","J45","J358",3221.34252235268,0.01,0,0,0,0
"C3105","J358","J332",160.945267544261,0.01,0,0,0,0
"C3105","J332","J91",2862.51710105805,0.01,0,0,0,0
"C31140","J91","J110",360.084625538785,0.01,0,0,0,0
"C31140","J110","J662",6963.55026719698,0.01,0,0,0,0
"C3115","J662","J652",140.777242161174,0.01,0,0,0,0
"C3115","J652","J649",88.0786868099381,0.01,0,0,0,0
"C3116","J649","J652",88.0786868099381,0.01,0,0,0,0
"C3116","J652","J630",479.926111851583,0.01,0,0,0,0
"C3117","J630","J634",106.977353874285,0.01,0,0,0,0
"C3117","J634","J634",0,0.01,0,0,0,0
"C3118","J634","J643",200.846242920406,0.01,0,0,0,0
"C3118","J643","J548",2205.0878435885,0.01,0,0,0,0
"C31185","J548","J547",68.3653966836211,0.01,0,0,0,0
"C31185","J547","J525",1629.55035817654,0.01,0,0,0,0
"C31186","J525","J529",153.080396426706,0.01,0,0,0,0
"C31186","J529","J109",3502.02082999104,0.01,0,0,0,0
"C31292","J109","J84",137.934661557731,0.01,0,0,0,0
"C31292","J84","J85",3168.5594897553,0.01,0,0,0,0
"C31353","J85","J126",213.3183963574,0.01,0,0,0,0
"C31353","J126","J622",5380.84598334482,0.01,0,0,0,0
"C31448","J622","J640",139.87850422245,0.01,0,0,0,0
"C31448","J640","J216",5431.91824970631,0.01,0,0,0,0
"C31466","J216","J196",65.9106770135772,0.01,0,0,0,0
"C31466","J196","J392",6397.20283652319,0.01,0,0,0,0
"C31480","J392","J397",390.67335179762,0.01,0,0,0,0
"C31480","J397","J397",0,0.01,0,0,0,0
"C31481","J397","J401",171.645271613292,0.01,0,0,0,0
"C31481","J401","J438",3090.36476102213,0.01,0,0,0,0
"C31691","J438","J448",83.2460400116935,0.48,0,0,0,0
"C31691","J448","J478",2044.349014033,0.48,0,0,0,0
"C31722","J478","J459",114.017565495277,0.83,0,0,0,0
"C31722","J459","J459",0,0.83,0,0,0,0
"C31723","J459","J454",194.539070491891,0.58,0,0,0,0
"C31723","J454","J306",4091.1295101649,0.58,0,0,0,0
"C3201","J306","J286",125.012762953713,0.01,0,0,0,0
"C3201","J286","J147",787.568485278928,0.01,0,0,0,0
"C3202","J147","J224",399.652769869186,0.01,0,0,0,0
"C3202","J224","J417",1762.03438076763,0.01,0,0,0,0
"C3204","J417","J416",178.169220859331,0.01,0,0,0,0
"C3204","J416","J130",2257.53226708992,0.01,0,0,0,0
"C3205","J130","J115",71.156027987179,0.01,0,0,0,0
"C3205","J115","J65",229.986919509415,0.01,0,0,0,0
"C3207","J65","J115",229.986919509415,0.01,0,0,0,0
"C3207","J115","J56",329.788021535993,0.01,0,0,0,0
"C3208","J56","J65",229.516967574568,0.01,0,0,0,0
"C3208","J65","J376",2810.63158623581,0.01,0,0,0,0
"C32231","J376","J367",265.403880345514,0.01,0,0,0,0
"C32231","J367","J30",3652.44602915709,0.01,0,0,0,0
"C32232","J30","J34",99.2996515599829,0.01,0,0,0,0
"C32232","J34","J7",2472.72612509856,0.01,0,0,0,0
"C3250","J7","J9",58.8090572017262,0.01,0,0,0,0
"C3250","J9","J300",1603.06468879939,0.01,0,0,0,0
"C3251","J300","J303",16.4889643834824,0.01,0,0,0,0
"C3251","J303","J580",4044.46674045125,0.01,0,0,0,0
"C3252","J580","J617",347.231985855453,0.01,0,0,0,0
"C3252","J617","J408",2126.5109072995,0.01,0,0,0,0
"C3254","J408","J398",246.527542182498,0.01,0,0,0,0
"C3254","J398","J386",602.571853973928,0.01,0,0,0,0
"C32658","J386","J385",26.2574016750909,0.01,0,0,0,0
"C32658","J385","J302",1606.19334388451,0.01,0,0,0,0
"C32716","J302","J303",63.7122173762803,0.01,0,0,0,0
"C32716","J303","J208",895.674071353484,0.01,0,0,0,0
"C32771","J208","J202",32.0865751744677,0.01,0,0,0,0
"C32771","J202","J499",3585.3192475619,0.01,0,0,0,0
"C32984","J499","J514",209.305394094384,0.01,0,0,0,0
"C32984","J514","J594",2067.46334765835,0.01,0,0,0,0
"C32989","J594","J587",182.278267743242,0.01,0,0,0,0
"C32989","J587","J510",1121.02238360161,0.01,0,0,0,0
"C32992","J510","J525",85.7943613649378,0.01,0,0,0,0
"C32992","J525","J119",4976.50168466609,0.01,0,0,0,0
"C33052","J119","J159",168.751525266275,0.01,0,0,0,0
"C33052","J159","J160",7.27189013911332,0.01,0,0,0,0
"C33053","J160","J172",72.8148679232719,0.01,0,0,0,0
"C33053","J172","J582",3503.10854285542,0.01,0,0,0,0
"C33198","J582","J590",166.001964797339,0.01,0,0,0,0
"C33198","J590","J657",3894.96396871914,0.01,0,0,0,0
"C33216","J657","J658",55.5548207696848,0.01,0,0,0,0
"C33216","J658","J645",1330.13605195223,0.01,0,0,0,0
"C33238","J645","J638",40.3919805077928,0.01,0,0,0,0
"C33238","J638","J329",3411.45127132,0.01,0,0,0,0
"C33267","J329","J333",53.9289111616193,0.01,0,0,0,0
"C33267","J333","J263",467.357897732808,0.01,0,0,0,0
"C33268","J263","J270",141.60800369117,0.01,0,0,0,0
"C33268","J270","J590",5432.21537470417,0.01,0,0,0,0
"C33361","J590","J579",121.990338993342,0.01,0,0,0,0
"C33361","J579","J246",3260.00601644497,0.01,0,0,0,0
"C3363","J246","J241",26.739771219996,0.01,0,0,0,0
"C3363","J241","J278",2563.05588804737,0.01,0,0,0,0
"C3375","J278","J291",106.472858819282,0.01,0,0,0,0
"C3375","J291","J276",126.793954827049,0.01,0,0,0,0
"C3376","J276","J278",23.6453878929299,0.01,0,0,0,0
"C3376","J278","J19",2474.68058830408,0.01,0,0,0,0
"C34492","J19","J25",38.8565504191352,0.01,0,0,0,0
"C34492","J25","J144",766.815806621994,0.01,0,0,0,0
"C34497","J144","J175",194.167855685265,0.01,0,0,0,0
"C34497","J175","J247",369.476753587871,0.01,0,0,0,0
"C34599","J247","J266",153.860434774482,0.01,0,0,0,0
"C34599","J266","J398",1784.51213373963,0.01,0,0,0,0
"C34774","J398","J384",332.024938603268,0.01,0,0,0,0
"C34774","J384","J518",2941.74732209387,0.01,0,0,0,0
"C34818","J518","J554",213.181623230752,0.01,0,0,0,0
"C34818","J554","J536",304.165982146375,0.01,0,0,0,0
"C34819","J536","J517",139.564696477849,0.01,0,0,0,0
"C34819","J517","J507",601.100372116931,0.01,0,0,0,0
"C34874","J507","J509",95.7479338902372,0.64,0,0,0,0
"C34874","J509","J275",3154.69882953919,0.64,0,0,0,0
"C34895","J275","J238",313.208882499006,0.01,0,0,0,0
"C34895","J238","J187",197.680782750152,0.01,0,0,0,0
"C34896","J187","J184",47.9287437085255,0.01,0,0,0,0
"C34896","J184","J442",7023.08859578195,0.01,0,0,0,0
"C34897","J442","J458",393.539034266662,0.01,0,0,0,0
"C34897","J458","J196",8225.89941753863,0.01,0,0,0,0
"C34994","J196","J195",61.9440804377953,0.01,0,0,0,0
"C34994","J195","J197",49.3185096056549,0.01,0,0,0,0
"C34995","J197","J189",41.2132562740603,0.01,0,0,0,0
"C34995","J189","J660",5535.77158988232,0.01,0,0,0,0
"C34996","J660","J655",38.4318227817466,0.01,0,0,0,0
"C34996","J655","J201",5300.60260172335,0.01,0,0,0,0
"C35013","J201","J177",202.017915794894,0.01,0,0,0,0
"C35013","J177","J609",5352.65570292159,0.01,0,0,0,0
"C35043","J609","J605",183.172809163946,0.01,0,0,0,0
"C35043","J605","J283",3747.91817596606,0.01,0,0,0,0
"C3510","J283","J295",116.639657278661,0.01,0,0,0,0
"C3510","J295","J336",270.953166355146,0.01,0,0,0,0
"C3512","J336","J351",88.488685531072,0.01,0,0,0,0
"C3512","J351","J132",1247.10983625514,0.01,0,0,0,0
"C3514","J132","J100",174.920723385534,0.01,0,0,0,0
"C3514","J100","J246",1189.14941155563,0.01,0,0,0,0
"C3515","J246","J252",45.998444881365,0.01,0,0,0,0
"C3515","J252","J230",206.040642427234,0.01,0,0,0,0
"C3516","J230","J236",46.4204705929719,0.01,0,0,0,0
"C3516","J236","J31",1039.1978863709,0.01,0,0,0,0
"C3517","J31","J9",255.321931796239,0.01,0,0,0,0
"C3517","J9","J356",1899.39157891262,0.01,0,0,0,0
"C3518","J356","J363",33.4419175667408,0.01,0,0,0,0
"C3518","J363","J355",35.6181081689749,0.01,0,0,0,0
"C3519","J355","J356",18.8432311639177,0.01,0,0,0,0
"C3519","J356","J425",1237.86413329819,0.01,0,0,0,0
"C35251","J425","J423",171.072798083897,0.35,0,0,0,0
"C35251","J423","J483",579.958259431273,0.35,0,0,0,0
"C35252","J483","J467",100.924195890053,0.01,0,0,0,0
"C35252","J467","J522",1710.12128328897,0.01,0,0,0,0
"C35270","J522","J513",40.0977816588937,0.71,0,0,0,0
"C35270","J513","J466",1267.82269877758,0.71,0,0,0,0
"C35288","J466","J469",99.622549535187,0.98,0,0,0,0
"C35288","J469","J138",3380.26133484599,0.98,0,0,0,0
"C3540","J138","J144",36.3850533272414,0.01,0,0,0,0
"C3540","J144","J373",1926.32852584451,0.01,0,0,0,0
"C35480","J373","J372",78.53180298058,0.01,0,0,0,0
"C35480","J372","J364",181.878455040518,0.01,0,0,0,0
"C35481","J364","J365",10.4657284896783,0.01,0,0,0,0
"C35481","J365","J34",2825.85169726826,0.01,0,0,0,0
"C35766","J34","J57",255.194357551238,0.01,0,0,0,0
"C35766","J57","J620",6959.62329476387,0.01,0,0,0,0
"C35784","J620","J639",160.654628887676,0.01,0,0,0,0
"C35784","J639","J77",7395.49346289933,0.01,0,0,0,0
"C35955","J77","J64",206.503204655268,0.01,0,0,0,0
"C35955","J64","J475",6585.72526966174,0.01,0,0,0,0
"C35965","J475","J482",309.019093975444,0.01,0,0,0,0
"C35965","J482","J33",4461.12928237269,0.01,0,0,0,0
"C36263","J33","J25",65.1445502615495,0.01,0,0,0,0
"C36263","J25","J116",614.99631255799,0.01,0,0,0,0
"C36265","J116","J66",230.947042269973,0.01,0,0,0,0
"C36265","J66","J334",1406.4503153529,0.01,0,0,0,0
"C36266","J334","J338",58.761550701196,0.01,0,0,0,0
"C36266","J338","J38",1782.0951665202,0.01,0,0,0,0
"C36273","J38","J48",200.384947368962,0.01,0,0,0,0
"C36273","J48","J665",4608.6665252922,0.01,0,0,0,0
"C36280","J665","J662",158.482209405367,0.01,0,0,0,0
"C36280","J662","J39",5070.35349624849,0.01,0,0,0,0
"C36287","J39","J95",423.486721072004,0.01,0,0,0,0
"C36287","J95","J232",2558.0115887627,0.01,0,0,0,0
"C36288","J232","J208",92.3769976704108,0.01,0,0,0,0
"C36288","J208","J218",1693.25005313545,0.01,0,0,0,0
"C36436","J218","J199",77.7030457155333,0.01,0,0,0,0
"C36436","J199","J188",78.3222083928898,0.01,0,0,0,0
"C36437","J188","J185",47.0504871909539,0.01,0,0,0,0
"C36437","J185","J386",4071.07479204559,0.01,0,0,0,0
"C36445","J386","J389",90.0354689313826,0.01,0,0,0,0
"C36445","J389","J220",1169.73557782852,0.01,0,0,0,0
"C36553","J220","J228",41.6530253344285,0.01,0,0,0,0
"C36553","J228","J589",3028.93581114507,0.01,0,0,0,0
"C36584","J589","J586",117.598654193703,0.01,0,0,0,0
"C36584","J586","J648",752.01478461618,0.01,0,0,0,0
"C36585","J648","J654",135.491047398928,0.01,0,0,0,0
"C36585","J654","J584",1001.46682279497,0.01,0,0,0,0
"C36587","J584","J593",31.2301472758622,0.01,0,0,0,0
"C36587","J593","J539",297.064965713114,0.01,0,0,0,0
"C36587","J539","J642",1479.65017143932,0.01,0,0,0,0
"C36590","J642","J659",222.039997263445,0.01,0,0,0,0
"C36590","J659","J4",6089.27395630446,0.01,0,0,0,0
"C36636","J4","J2",42.3485411236305,0.01,0,0,0,0
"C36636","J2","J399",3212.40852858867,0.01,0,0,0,0
"C36662","J399","J396",41.83966828796,0.01,0,0,0,0
"C36662","J396","J186",7947.05291084994,0.01,0,0,0,0
"C36733","J186","J174",111.894954890254,0.01,0,0,0,0
"C36733","J174","J189",691.969892855801,0.01,0,0,0,0
"C36820","J189","J179",137.155777721911,0.01,0,0,0,0
"C36820","J179","J614",4301.41854804206,0.01,0,0,0,0
"C37247","J614","J597",105.951956891233,0.27,0,0,0,0
"C37247","J597","J651",509.145886255686,0.27,0,0,0,0
"C37293","J651","J656",33.8017551495081,0.01,0,0,0,0
"C37293","J656","J619",3405.00612478626,0.01,0,0,0,0
"C37737","J619","J628",158.364508881565,0.01,0,0,0,0
"C37737","J628","J496",1542.56116595476,0.01,0,0,0,0
"C37738","J496","J503",66.9741511767274,0.01,0,0,0,0
"C37738","J503","J380",2229.80049765111,0.01,0,0,0,0
"C38032","J380","J375",198.521098799682,0.01,0,0,0,0
"C38032","J375","J256",4270.75530167387,0.01,0,0,0,0
"C38036","J256","J229",183.096158923092,0.01,0,0,0,0
"C38036","J229","J185",221.330341082834,0.01,0,0,0,0
"C38037","J185","J171",99.8738397585183,0.01,0,0,0,0
"C38037","J171","J379",4350.47929881895,0.01,0,0,0,0
"C38058","J379","J375",85.3945099780153,0.01,0,0,0,0
"C38058","J375","J299",2186.65441344368,0.01,0,0,0,0
"C38083","J299","J305",98.3698986876936,0.01,0,0,0,0
"C38083","J305","J106",1836.39670631165,0.01,0,0,0,0
"C38100","J106","J133",140.544605485501,0.01,0,0,0,0
"C38100","J133","J176",2648.77652534979,0.01,0,0,0,0
"C38187","J176","J194",233.691002025406,0.01,0,0,0,0
"C38187","J194","J334",1114.0364068971,0.01,0,0,0,0
"C38190","J334","J347",78.052864061415,0.01,0,0,0,0
"C38190","J347","J183",916.870872873297,0.01,0,0,0,0
"C38191","J183","J203",135.2122621423,0.01,0,0,0,0
"C38191","J203","J158",326.938041696283,0.01,0,0,0,0
"C38192","J158","J183",195.114277604454,0.01,0,0,0,0
"C38192","J183","J192",2105.27737278479,0.01,0,0,0,0
"C3822","J192","J182",132.539862566678,0.01,0,0,0,0
"C3822","J182","J53",702.508349865068,0.01,0,0,0,0
"C3823","J53","J59",56.0504094512809,0.01,0,0,0,0
"C3823","J59","J59",0,0.01,0,0,0,0
"C3824","J59","J72",69.1431667634139,0.01,0,0,0,0
"C3824","J72","J28",2040.14274445127,0.01,0,0,0,0
"C38243","J28","J33",23.7163994642695,0.01,0,0,0,0
"C38243","J33","J494",3421.72912968542,0.01,0,0,0,0
"C38285","J494","J497",161.149376301816,0.01,0,0,0,0
"C38285","J497","J521",864.143035428778,0.01,0,0,0,0
"C38286","J521","J501",166.440525856461,0.01,0,0,0,0
"C38286","J501","J324",2399.90344834848,0.01,0,0,0,0
"C38332","J324","J270",390.138516915594,0.01,0,0,0,0
"C38332","J270","J267",1147.3981170037,0.01,0,0,0,0
"C38411","J267","J289",193.476995897712,0.01,0,0,0,0
"C38411","J289","J386",753.302053012629,0.01,0,0,0,0
"C38417","J386","J359",300.035085589213,0.01,0,0,0,0
"C38417","J359","J295",2988.51798148139,0.01,0,0,0,0
"C38438","J295","J307",82.2921010896372,0.01,0,0,0,0
"C38438","J307","J307",0,0.01,0,0,0,0
"C38439","J307","J322",74.4697909094707,0.01,0,0,0,0
"C38439","J322","J318",668.690561801216,0.01,0,0,0,0
"C38440","J318","J315",18.0947054675955,0.01,0,0,0,0
"C38440","J315","J179",3008.07388613386,0.01,0,0,0,0
"C38520","J179","J162",83.3432093669673,0.01,0,0,0,0
"C38520","J162","J152",362.484023350762,0.01,0,0,0,0
"C38535","J152","J136",82.3848785962441,0.01,0,0,0,0
"C38535","J136","J493",3274.12488067196,0.01,0,0,0,0
"C38719","J493","J457",401.445874102331,0.01,0,0,0,0
"C38719","J457","J432",1635.21953125135,0.01,0,0,0,0
"C38948","J432","J438",52.1690820172404,0.76,0,0,0,0
"C38948","J438","J294",4275.16578218468,0.76,0,0,0,0
"C3911","J294","J287",61.1952504056317,0.01,0,0,0,0
"C3911","J287","J621",5893.84832819766,0.01,0,0,0,0
"C39140","J621","J608",124.272737015896,0.01,0,0,0,0
"C39140","J608","J421",3089.98824635445,0.01,0,0,0,0
"C39449","J421","J420",12.5783610370435,0.01,0,0,0,0
"C39449","J420","J628",1708.90390627713,0.01,0,0,0,0
"C39466","J628","J625",197.532986841671,0.01,0,0,0,0
"C39466","J625","J323",3686.03097888425,0.01,0,0,0,0
"C39988","J323","J334",63.1885265240644,0.01,0,0,0,0
"C39988","J334","J414",2178.65381891218,0.01,0,0,0,0
"C39992","J414","J408",113.231773411712,0.01,0,0,0,0
"C39992","J408","J23",3670.63442676455,0.01,0,0,0,0
"C39999","J23","J38",65.7863531935545,0.01,0,0,0,0
"C39999","J38","J292",1628.83175849544,0.01,0,0,0,0
"C40039","J292","J293",45.076008593746,0.01,0,0,0,0
"C40039","J293","J54",2295.19863064606,0.01,0,0,0,0
"C40045","J54","J56",78.0403864535819,0.01,0,0,0,0
"C40045","J56","J359",1767.09390227857,0.01,0,0,0,0
"C40061","J359","J357",94.305714422818,0.01,0,0,0,0
"C40061","J357","J586",2249.60982875651,0.01,0,0,0,0
"C40090","J586","J581",149.434488375139,0.01,0,0,0,0
"C40090","J581","J559",389.150911412214,0.01,0,0,0,0
"C40091","J559","J526",248.280200144165,0.01,0,0,0,0
"C40091","J526","J495",946.779564081665,0.01,0,0,0,0
"C40095","J495","J510",133.43355099739,0.01,0,0,0,0
"C40095","J510","J557",863.480534620054,0.01,0,0,0,0
"C40139","J557","J549",52.8763541496442,0.01,0,0,0,0
"C40139","J549","J455",795.067835353837,0.01,0,0,0,0
"C40572","J455","J451",46.9802585622037,2.92,0,0,0,0
"C40572","J451","J370",1449.70404407308,2.92,0,0,0,0
"C40707","J370","J373",79.149030012315,0.01,0,0,0,0
"C40707","J373","J613",2595.65683808387,0.01,0,0,0,0
"C40825","J613","J612",232.381727128058,0.01,0,0,0,0
"C40825","J612","J5",5623.45022171094,0.01,0,0,0,0
"C41243","J5","J11",141.876080587337,0.01,0,0,0,0
"C41243","J11","J422",2994.17131303044,0.01,0,0,0,0
"C41244","J422","J421",12.4578389991351,0.01,0,0,0,0
"C41244","J421","J17",3931.91291614089,0.01,0,0,0,0
"C41245","J17","J53",651.601618911241,0.01,0,0,0,0
"C41245","J53","J154",2039.50291358862,0.01,0,0,0,0
"C41480","J154","J113",193.549632264998,0.01,0,0,0,0
"C41480","J113","J168",575.574127251572,0.01,0,0,0,0
"C41490","J168","J152",72.2234727231763,0.01,0,0,0,0
"C41490","J152","J169",751.378351853103,0.01,0,0,0,0
"C41491","J169","J157",73.0843994358289,0.01,0,0,0,0
"C41491","J157","J222",8781.30641466318,0.01,0,0,0,0
"C41645","J222","J178",265.503124597924,0.01,0,0,0,0
"C41645","J178","J191",7346.32096595124,0.01,0,0,0,0
"C41649","J191","J188",83.1974339761928,0.01,0,0,0,0
"C41649","J188","J629",4111.3910754828,0.01,0,0,0,0
"C41662","J629","J627",138.845167727829,0.01,0,0,0,0
"C41662","J627","J210",3937.3510421121,0.01,0,0,0,0
"C41671","J210","J267",260.415818865637,0.01,0,0,0,0
"C41671","J267","J62",1176.20955520841,0.01,0,0,0,0
"C41672","J62","J65",19.0972057443181,0.01,0,0,0,0
"C41672","J65","J133",4168.52560950826,0.01,0,0,0,0
"C41682","J133","J173",199.912727826969,0.01,0,0,0,0
"C41682","J173","J63",1234.34269101382,0.01,0,0,0,0
"C4178","J63","J74",43.0843732165141,0.01,0,0,0,0
"C4178","J74","J128",257.79754656378,0.01,0,0,0,0
"C4179","J128","J180",246.446561775416,0.01,0,0,0,0
"C4179","J180","J562",3506.41966735678,0.01,0,0,0,0
"C41809","J562","J560",95.5094751886883,0.01,0,0,0,0
"C41809","J560","J520",737.320461594282,0.01,0,0,0,0
"C41810","J520","J531",150.490864938181,0.01,0,0,0,0
"C41810","J531","J227",3736.20299657258,0.01,0,0,0,0
"C41838","J227","J197",99.585799577409,0.01,0,0,0,0
"C41838","J197","J204",380.468734737194,0.01,0,0,0,0
"C41839","J204","J200",101.872765739594,0.01,0,0,0,0
"C41839","J200","J203",3859.60117770099,0.01,0,0,0,0
"C41870","J203","J242",142.690102477476,0.01,0,0,0,0
"C41870","J242","J311",465.747659651391,0.01,0,0,0,0
"C41871","J311","J323",59.2052565741856,0.01,0,0,0,0
"C41871","J323","J123",1397.02218157744,0.01,0,0,0,0
"C41962","J123","J161",197.46243988961,0.01,0,0,0,0
"C41962","J161","J409",4668.7140135017,0.01,0,0,0,0
"C42019","J409","J399",236.73068171408,0.01,0,0,0,0
"C42019","J399","J226",6494.53481378081,0.01,0,0,0,0
"C42022","J226","J198",96.3714738123463,0.01,0,0,0,0
"C42022","J198","J424",3387.41226551545,0.01,0,0,0,0
"C42104","J424","J427",53.5445999341152,0.32,0,0,0,0
"C42104","J427","J428",1467.16393457198,0.32,0,0,0,0
"C42124","J428","J430",29.1541135054574,0.56,0,0,0,0
"C42124","J430","J469",521.834450844042,0.56,0,0,0,0
"C42140","J469","J471",63.5975772191396,2.8,0,0,0,0
"C42140","J471","J487",255.39303078164,2.8,0,0,0,0
"C42141","J487","J479",130.197022063399,1.02,0,0,0,0
"C42141","J479","J402",4295.6531866539,1.02,0,0,0,0
"C42158","J402","J397",84.0057331653064,0.01,0,0,0,0
"C42158","J397","J503",1345.99376501869,0.01,0,0,0,0
"C42524","J503","J511",350.80974246776,0.01,0,0,0,0
"C42524","J511","J545",1345.15954298859,0.01,0,0,0,0
"C42767","J545","J539",273.03927728314,0.01,0,0,0,0
"C42767","J539","J251",2955.0916013436,0.01,0,0,0,0
"C4325","J251","J274",161.996617741391,0.01,0,0,0,0
"C4325","J274","J26",1261.22971079145,0.01,0,0,0,0
"C4326","J26","J21",41.5693820890681,0.01,0,0,0,0
"C4326","J21","J228",1047.09995137937,0.01,0,0,0,0
"C4327","J228","J251",102.527993548474,0.01,0,0,0,0
"C4327","J251","J170",1200.10128346719,0.01,0,0,0,0
"C43344","J170","J146",145.878001053459,0.01,0,0,0,0
"C43344","J146","J312",1381.16279761178,0.01,0,0,0,0
"C43358","J312","J309",18.428694726734,0.01,0,0,0,0
"C43358","J309","J129",1295.85550827669,0.01,0,0,0,0
"C43372","J129","J87",206.076745807297,0.01,0,0,0,0
"C43372","J87","J199",2886.23164064269,0.01,0,0,0,0
"C43480","J199","J188",78.3222083928898,0.01,0,0,0,0
"C43480","J188","J181",2801.43792135465,0.01,0,0,0,0
"C43530","J181","J209",235.883305729145,0.01,0,0,0,0
"C43530","J209","J336",1696.07966167028,0.01,0,0,0,0
"C43531","J336","J343",105.034719398548,0.01,0,0,0,0
"C43531","J343","J664",3063.93347939864,0.01,0,0,0,0
"C43592","J664","J669",77.9609746075021,0.01,0,0,0,0
"C43592","J669","J669",0,0.01,0,0,0,0
"C43593","J669","J665",134.954332726423,0.01,0,0,0,0
"C43593","J665","J633",979.892436522518,0.01,0,0,0,0
"C43672","J633","J637",76.9584289870401,0.39,0,0,0,0
"C43672","J637","J264",3969.07479375923,0.39,0,0,0,0
"C43694","J264","J273",119.811613760512,0.01,0,0,0,0
"C43694","J273","J43",1241.23864357433,0.01,0,0,0,0
"C43735","J43","J97",316.004761177157,0.01,0,0,0,0
"C43735","J97","J245",4588.19829786758,0.01,0,0,0,0
"C43819","J245","J237",33.5048454907364,0.01,0,0,0,0
"C43819","J237","J673",4660.44732837439,0.01,0,0,0,0
"C43973","J673","J670",125.382822297801,0.01,0,0,0,0
"C43973","J670","J167",4377.86771436814,0.01,0,0,0,0
"C440","J167","J383",4808.0410671102,0.01,0,0,0,0
"C440","J383","J443",1909.27494513098,0.01,0,0,0,0
"C44700","J443","J422",268.907986600348,0.01,0,0,0,0
"C44700","J422","J242",2351.78168622235,0.01,0,0,0,0
"C4478","J242","J257",67.0191685876021,0.01,0,0,0,0
"C4478","J257","J246",62.4213297870039,0.01,0,0,0,0
"C4479","J246","J242",38.5982951281386,0.01,0,0,0,0
"C4479","J242","J547",3818.34259425545,0.01,0,0,0,0
"C44861","J547","J545",39.0735818070062,0.01,0,0,0,0
"C44861","J545","J554",3054.08307668757,0.01,0,0,0,0
"C44862","J554","J571",112.163280999528,0.01,0,0,0,0
"C44862","J571","J636",1973.12936619406,0.01,0,0,0,0
"C44863","J636","J642",36.3433358785313,0.01,0,0,0,0
"C44863","J642","J288",3458.12483322157,0.01,0,0,0,0
"C4506","J288","J268",193.616677178897,0.01,0,0,0,0
"C4506","J268","J288",193.616677178897,0.01,0,0,0,0
"C4507","J288","J302",83.9670801242939,0.01,0,0,0,0
"C4507","J302","J302",0,0.01,0,0,0,0
"C4508","J302","J311",58.7208005118206,0.01,0,0,0,0
"C4508","J311","J416",2271.56520949145,0.01,0,0,0,0
"C45147","J416","J414",22.4448276291944,0.01,0,0,0,0
"C45147","J414","J135",3061.20226614106,0.01,0,0,0,0
"C45184","J135","J108",124.154680208763,0.01,0,0,0,0
"C45184","J108","J285",1192.15140491145,0.01,0,0,0,0
"C4521","J285","J282",52.7053544688018,0.01,0,0,0,0
"C4521","J282","J72",2498.64304251422,0.01,0,0,0,0
"C45215","J72","J106",152.358108313817,0.01,0,0,0,0
"C45215","J106","J342",2588.47707205721,0.01,0,0,0,0
"C4523","J342","J354",48.0402494034355,0.01,0,0,0,0
"C4523","J354","J320",236.472715346632,0.01,0,0,0,0
"C4524","J320","J342",200.919450393099,0.01,0,0,0,0
"C4524","J342","J266",524.617777335021,0.01,0,0,0,0
"C4526","J266","J277",141.042607869525,0.01,0,0,0,0
"C4526","J277","J32",1274.77948922598,0.01,0,0,0,0
"C4527","J32","J60",248.64216971426,0.01,0,0,0,0
"C4527","J60","J290",1234.80330193458,0.01,0,0,0,0
"C45283","J290","J282",198.575529560501,0.01,0,0,0,0
"C45283","J282","J357",1211.9409332266,0.01,0,0,0,0
"C45339","J357","J306",291.653157090152,0.01,0,0,0,0
"C45339","J306","J75",3094.19231101537,0.01,0,0,0,0
"C45453","J75","J91",349.939704482861,0.01,0,0,0,0
"C45453","J91","J591",5546.70685083072,0.01,0,0,0,0
"C45687","J591","J603",74.6575374606514,0.01,0,0,0,0
"C45687","J603","J423",1743.21461186154,0.01,0,0,0,0
"C46029","J423","J426",42.1472665660314,0.44,0,0,0,0
"C46029","J426","J450",686.518465017027,0.44,0,0,0,0
"C46052","J450","J452",45.5173331041849,4.6,0,0,0,0
"C46052","J452","J158",2527.74850417256,4.6,0,0,0,0
"C4651","J158","J163",27.9182388460986,0.01,0,0,0,0
"C4651","J163","J535",13123.2078721419,0.01,0,0,0,0
"C469","J535","J134",7983.42704802889,0.01,0,0,0,0
"C469","J134","J236",5112.1230774162,0.01,0,0,0,0
"C46906","J236","J243",30.7564182447548,0.01,0,0,0,0
"C46906","J243","J130",2774.08310325806,0.01,0,0,0,0
"C47018","J130","J122",115.28513765765,0.01,0,0,0,0
"C47018","J122","J303",2624.0257345413,0.01,0,0,0,0
"C47021","J303","J305",113.331962017278,0.01,0,0,0,0
"C47021","J305","J393",1840.60600053334,0.01,0,0,0,0
"C47023","J393","J394",89.3375369807018,0.01,0,0,0,0
"C47023","J394","J26",2261.1573112081,0.01,0,0,0,0
"C47128","J26","J43",157.558237877249,0.01,0,0,0,0
"C47128","J43","J257",1948.54495292186,0.01,0,0,0,0
"C47138","J257","J262",28.4943945530127,0.01,0,0,0,0
"C47138","J262","J121",699.108994531453,0.01,0,0,0,0
"C47160","J121","J149",111.981424259575,0.01,0,0,0,0
"C47160","J149","J537",3508.10347005264,0.01,0,0,0,0
"C47277","J537","J527",191.578601589035,0.01,0,0,0,0
"C47277","J527","J529",707.894516481595,0.01,0,0,0,0
"C47280","J529","J533",54.6317004031096,0.01,0,0,0,0
"C47280","J533","J12",5219.28340176401,0.01,0,0,0,0
"C47318","J12","J22",320.4360944454,0.01,0,0,0,0
"C47318","J22","J333",2677.38377157405,0.01,0,0,0,0
"C47391","J333","J369",206.795283066568,0.01,0,0,0,0
"C47391","J369","J566",3054.16506549431,0.01,0,0,0,0
"C47397","J566","J541",164.753554820672,0.01,0,0,0,0
"C47397","J541","J566",164.753554820672,0.01,0,0,0,0
"C47398","J566","J588",142.99737994406,0.01,0,0,0,0
"C47398","J588","J426",1607.00913201441,0.01,0,0,0,0
"C47614","J426","J427",387.229074572193,0.51,0,0,0,0
"C47614","J427","J477",458.246338393582,0.51,0,0,0,0
"C47626","J477","J449",212.563729900962,0.95,0,0,0,0
"C47626","J449","J508",1753.91695426557,0.95,0,0,0,0
"C47736","J508","J500",96.6376993724488,0.54,0,0,0,0
"C47736","J500","J138",3878.26024599035,0.54,0,0,0,0
"C48298","J138","J125",53.242180930425,0.01,0,0,0,0
"C48298","J125","J540",3265.56877456601,0.01,0,0,0,0
"C4838","J540","J543",46.6355877154304,0.01,0,0,0,0
"C4838","J543","J57",5288.7164627837,0.01,0,0,0,0
"C4849","J57","J61",120.824391530108,0.01,0,0,0,0
"C4849","J61","J598",4452.87405184739,0.01,0,0,0,0
"C48667","J598","J606",132.090928246637,0.01,0,0,0,0
"C48667","J606","J339",3086.17498079667,0.01,0,0,0,0
"C48789","J339","J341",41.2627048307367,0.01,0,0,0,0
"C48789","J341","J631",2969.22104545045,0.01,0,0,0,0
"C48792","J631","J630",45.6867688996267,0.01,0,0,0,0
"C48792","J630","J24",4790.83974431097,0.01,0,0,0,0
"C48818","J24","J36",191.132829471208,0.01,0,0,0,0
"C48818","J36","J112",3783.11203760062,0.01,0,0,0,0
"C48827","J112","J150",165.379500417255,0.01,0,0,0,0
"C48827","J150","J251",2933.92324402462,0.01,0,0,0,0
"C48901","J251","J244",52.1213292915113,0.01,0,0,0,0
"C48901","J244","J543",2712.31764730561,0.01,0,0,0,0
"C49055","J543","J521",162.171526351056,0.01,0,0,0,0
"C49055","J521","J73",6129.39011351974,0.01,0,0,0,0
"C49174","J73","J68",110.816547532672,0.01,0,0,0,0
"C49174","J68","J101",634.460048109441,0.01,0,0,0,0
"C49175","J101","J92",130.067003203971,0.01,0,0,0,0
"C49175","J92","J531",4563.81659104197,0.01,0,0,0,0
"C49227","J531","J530",206.828823372336,0.01,0,0,0,0
"C49227","J530","J626",2217.3722872187,0.01,0,0,0,0
"C49267","J626","J646",189.277774138527,0.01,0,0,0,0
"C49267","J646","J431",2129.50204876133,0.01,0,0,0,0
"C49288","J431","J439",103.296745853909,0.01,0,0,0,0
"C49288","J439","J515",5173.87332737316,0.01,0,0,0,0
"C49424","J515","J565",284.056242423935,0.01,0,0,0,0
"C49424","J565","J427",2573.72554966943,0.01,0,0,0,0
"C49485","J427","J432",121.385236100608,1.36,0,0,0,0
"C49485","J432","J490",1524.04667248208,1.36,0,0,0,0
"C49512","J490","J519",214.199194324564,0.01,0,0,0,0
"C49512","J519","J15",4127.96372562253,0.01,0,0,0,0
"C4952","J15","J25",56.3647406163587,0.01,0,0,0,0
"C4952","J25","J301",1473.66823040141,0.01,0,0,0,0
"C4953","J301","J298",21.3112190197632,0.01,0,0,0,0
"C4953","J298","J290",62.2770586462749,0.01,0,0,0,0
"C4954","J290","J298",62.2770586462749,0.01,0,0,0,0
"C4954","J298","J87",1133.9996735562,0.01,0,0,0,0
"C4955","J87","J78",49.587241393014,0.01,0,0,0,0
"C4955","J78","J207",856.145230490378,0.01,0,0,0,0
"C4956","J207","J234",114.935185794636,0.01,0,0,0,0
"C4956","J234","J377",840.844902462116,0.01,0,0,0,0
"C4957","J377","J330",283.054704594479,0.01,0,0,0,0
"C4957","J330","J331",1.13838314089185,0.01,0,0,0,0
"C4958","J331","J337",162.74258344416,0.01,0,0,0,0
"C4958","J337","J347",1107.42611843516,0.01,0,0,0,0
"C4963","J347","J352",46.9190947336991,0.01,0,0,0,0
"C4963","J352","J37",1703.7280092772,0.01,0,0,0,0
"C4964","J37","J40",176.790806287754,0.01,0,0,0,0
"C4964","J40","J158",587.86762688889,0.01,0,0,0,0
"C4966","J158","J165",70.4208133746405,0.01,0,0,0,0
"C4966","J165","J413",3912.37152204653,0.01,0,0,0,0
"C50375","J413","J409",98.068738038567,0.01,0,0,0,0
"C50375","J409","J327",4939.34445026616,0.01,0,0,0,0
"C50591","J327","J322",31.8929993935895,0.01,0,0,0,0
"C50591","J322","J322",0,0.01,0,0,0,0
"C50592","J322","J325",27.7522063480314,0.01,0,0,0,0
"C50592","J325","J354",1905.69998228134,0.01,0,0,0,0
"C50669","J354","J360",26.9889112312774,0.01,0,0,0,0
"C50669","J360","J258",899.942248719329,0.01,0,0,0,0
"C50699","J258","J257",19.9152876839523,0.01,0,0,0,0
"C50699","J257","J271",577.415313691032,0.01,0,0,0,0
"C5074","J271","J239",213.878101816351,0.01,0,0,0,0
"C5074","J239","J48",953.06663040674,0.01,0,0,0,0
"C5075","J48","J55",58.824887327427,0.01,0,0,0,0
"C5075","J55","J69",90.7702482561025,0.01,0,0,0,0
"C5076","J69","J98",129.507571125944,0.01,0,0,0,0
"C5076","J98","J485",3322.23912791998,0.01,0,0,0,0
"C50802","J485","J495",222.162165585269,0.01,0,0,0,0
"C50802","J495","J501",502.699012332214,0.01,0,0,0,0
"C50804","J501","J489",191.645123654292,0.01,0,0,0,0
"C50804","J489","J577",1305.76490731355,0.01,0,0,0,0
"C51020","J577","J600",147.749174039724,0.01,0,0,0,0
"C51020","J600","J640",314.135616121666,0.01,0,0,0,0
"C51021","J640","J655",173.21752947528,0.01,0,0,0,0
"C51021","J655","J200",5713.54555140956,0.01,0,0,0,0
"C51036","J200","J196",168.452157003031,0.01,0,0,0,0
"C51036","J196","J140",6540.82081284498,0.01,0,0,0,0
"C51046","J140","J142",36.2169741077012,0.01,0,0,0,0
"C51046","J142","J34",5466.61551250026,0.01,0,0,0,0
"C51799","J34","J35",9.31026687160046,0.01,0,0,0,0
"C51799","J35","J319",2269.77900191715,0.01,0,0,0,0
"C5205","J319","J314",58.4273199732124,0.01,0,0,0,0
"C5205","J314","J128",1095.17276448139,0.01,0,0,0,0
"C5207","J128","J141",63.3410827452071,0.01,0,0,0,0
"C5207","J141","J131",65.9855829522312,0.01,0,0,0,0
"C5208","J131","J128",69.8294864838324,0.01,0,0,0,0
"C5208","J128","J49",401.23028610246,0.01,0,0,0,0
"C5210","J49","J45",49.2146583265136,0.01,0,0,0,0
"C5210","J45","J42",18.2507328011796,0.01,0,0,0,0
"C5211","J42","J45",18.2507328011796,0.01,0,0,0,0
"C5211","J45","J337",2191.10797453243,0.01,0,0,0,0
"C52283","J337","J344",120.877063356057,0.01,0,0,0,0
"C52283","J344","J236",1607.32184144159,0.01,0,0,0,0
"C52313","J236","J246",184.135939183948,0.01,0,0,0,0
"C52313","J246","J74",903.018055484639,0.01,0,0,0,0
"C52424","J74","J93",95.6838358613683,0.01,0,0,0,0
"C52424","J93","J47",258.817697866297,0.01,0,0,0,0
"C52425","J47","J49",49.2366649099526,0.01,0,0,0,0
"C52425","J49","J55",201.572764759565,0.01,0,0,0,0
"C52451","J55","J69",90.7702482561025,0.01,0,0,0,0
"C52451","J69","J33",974.274191046955,0.01,0,0,0,0
"C52497","J33","J40",357.101664158875,0.01,0,0,0,0
"C52497","J40","J70",4496.35027750347,0.01,0,0,0,0
"C52539","J70","J75",124.394423682874,0.01,0,0,0,0
"C52539","J75","J496",3325.38628428404,0.01,0,0,0,0
"C52563","J496","J488",62.6197203833985,0.01,0,0,0,0
"C52563","J488","J61",7035.28285378343,0.01,0,0,0,0
"C52569","J61","J67",36.928127385653,0.01,0,0,0,0
"C52569","J67","J105",1671.3402489981,0.01,0,0,0,0
"C52634","J105","J101",110.816159373017,0.01,0,0,0,0
"C52634","J101","J600",6066.15400732498,0.01,0,0,0,0
"C52709","J600","J622",183.922065256499,0.01,0,0,0,0
"C52709","J622","J412",3095.0689908483,0.01,0,0,0,0
"C52745","J412","J404",207.166106064063,0.01,0,0,0,0
"C52745","J404","J603",2925.23920539125,0.01,0,0,0,0
"C52749","J603","J609",77.7172956237997,0.01,0,0,0,0
"C52749","J609","J578",2659.58339850852,0.01,0,0,0,0
"C52970","J578","J582",71.1257361577933,0.01,0,0,0,0
"C52970","J582","J528",334.818701968887,0.01,0,0,0,0
"C52997","J528","J508",122.135147333852,0.56,0,0,0,0
"C52997","J508","J473",345.581428595838,0.56,0,0,0,0
"C53014","J473","J453",219.49098373666,0.71,0,0,0,0
"C53014","J453","J470",980.549796344237,0.71,0,0,0,0
"C53175","J470","J467",114.556624391781,1.16,0,0,0,0
"C53175","J467","J470",114.556624391781,1.16,0,0,0,0
"C53178","J470","J461",50.1843433541352,1.16,0,0,0,0
"C53178","J461","J434",2758.47954796169,1.16,0,0,0,0
"C53715","J434","J462",418.364999843707,0.01,0,0,0,0
"C53715","J462","J367",2553.83580737201,0.01,0,0,0,0
"C53716","J367","J360",76.6823547175355,0.01,0,0,0,0
"C53716","J360","J125",1304.51576805486,0.01,0,0,0,0
"C53718","J125","J88",206.522766988175,0.01,0,0,0,0
"C53718","J88","J17",2144.69741900639,0.01,0,0,0,0
"C53720","J17","J16",310.06837570658,0.01,0,0,0,0
"C53720","J16","J644",5955.17342799127,0.01,0,0,0,0
"C53735","J644","J639",36.9905554669352,0.01,0,0,0,0
"C53735","J639","J625",633.394938836123,0.01,0,0,0,0
"C53736","J625","J610",232.898080823401,0.01,0,0,0,0
"C53736","J610","J229",6000.71225254894,0.01,0,0,0,0
"C54033","J229","J218",41.9746109439657,0.01,0,0,0,0
"C54033","J218","J199",77.7030457155333,0.01,0,0,0,0
"C54034","J199","J212",40.4948960221283,0.01,0,0,0,0
"C54034","J212","J629",4069.18516461512,0.01,0,0,0,0
"C54041","J629","J652",221.353911486709,0.01,0,0,0,0
"C54041","J652","J627",268.008276091391,0.01,0,0,0,0
"C54042","J627","J623",22.0766703903372,0.01,0,0,0,0
"C54042","J623","J100",4060.34585846311,0.01,0,0,0,0
"C54082","J100","J86",59.5425073356075,0.01,0,0,0,0
"C54082","J86","J308",1410.28641317542,0.01,0,0,0,0
"C54083","J308","J305",81.6977211873631,0.01,0,0,0,0
"C54083","J305","J32",1759.9856817775,0.01,0,0,0,0
"C54085","J32","J18",84.4592153045514,0.01,0,0,0,0
"C54085","J18","J234",1092.76596190534,0.01,0,0,0,0
"C54086","J234","J247",67.8003858806844,0.01,0,0,0,0
"C54086","J247","J32",1066.28909347967,0.01,0,0,0,0
"C54149","J32","J27",71.2280404146914,0.01,0,0,0,0
"C54149","J27","J318",2074.63562033317,0.01,0,0,0,0
"C54165","J318","J312",230.137033955742,0.01,0,0,0,0
"C54165","J312","J51",1443.65227921162,0.01,0,0,0,0
"C54199","J51","J48",174.498980709922,0.01,0,0,0,0
"C54199","J48","J280",2567.54952844859,0.01,0,0,0,0
"C54201","J280","J224",347.152527219583,0.01,0,0,0,0
"C54201","J224","J253",602.993792066771,0.01,0,0,0,0
"C54233","J253","J273",134.121067369978,0.01,0,0,0,0
"C54233","J273","J653",3286.08102866367,0.01,0,0,0,0
"C54281","J653","J659",39.0829334542474,0.01,0,0,0,0
"C54281","J659","J2",6129.52507020945,0.01,0,0,0,0
"C54327","J2","J3",75.928457238826,0.01,0,0,0,0
"C54327","J3","J281",7934.85631615354,0.01,0,0,0,0
"C54347","J281","J275",153.085501816417,0.01,0,0,0,0
"C54347","J275","J604",3432.39960901361,0.01,0,0,0,0
"C54352","J604","J596",58.1425973903714,0.01,0,0,0,0
"C54352","J596","J404",4208.19198496241,0.01,0,0,0,0
"C54364","J404","J406",107.605443793181,0.01,0,0,0,0
"C54364","J406","J654",2295.98632821124,0.01,0,0,0,0
"C54453","J654","J657",115.192910753361,0.01,0,0,0,0
"C54453","J657","J650",441.554466805259,0.01,0,0,0,0
"C54454","J650","J648",192.562589165094,0.01,0,0,0,0
"C54454","J648","J248",6360.45084792425,0.01,0,0,0,0
"C54472","J248","J213",135.16497032807,0.01,0,0,0,0
"C54472","J213","J573",4774.83421599771,0.01,0,0,0,0
"C54474","J573","J577",141.328221516509,0.01,0,0,0,0
"C54474","J577","J384",2551.34232965773,0.01,0,0,0,0
"C5459","J384","J382",76.3439201874792,0.01,0,0,0,0
"C5459","J382","J380",63.7860675949104,0.01,0,0,0,0
"C5460","J380","J382",63.7860675949104,0.01,0,0,0,0
"C5460","J382","J52",1834.48021530781,0.01,0,0,0,0
"C5462","J52","J54",20.0427254238316,0.01,0,0,0,0
"C5462","J54","J11",304.47985010682,0.01,0,0,0,0
"C5464","J11","J20",98.5673305082644,0.01,0,0,0,0
"C5464","J20","J403",2675.37248809874,0.01,0,0,0,0
"C55355","J403","J377",736.792415381153,0.01,0,0,0,0
"C55355","J377","J35",3856.02835469391,0.01,0,0,0,0
"C55357","J35","J53",849.069033779365,0.01,0,0,0,0
"C55357","J53","J325",1520.31017965847,0.01,0,0,0,0
"C55851","J325","J336",96.5177638182296,0.01,0,0,0,0
"C55851","J336","J139",2061.91569401707,0.01,0,0,0,0
"C55945","J139","J103",207.060566509569,0.01,0,0,0,0
"C55945","J103","J66",579.835638500937,0.01,0,0,0,0
"C55994","J66","J40",167.17613893604,0.01,0,0,0,0
"C55994","J40","J202",1158.61292517817,0.01,0,0,0,0
"C56004","J202","J215",210.79984368713,0.01,0,0,0,0
"C56004","J215","J20",2990.37374776557,0.01,0,0,0,0
"C56045","J20","J24",26.7371976724363,0.01,0,0,0,0
"C56045","J24","J581",4034.13389837023,0.01,0,0,0,0
"C56087","J581","J555",151.697938094901,0.01,0,0,0,0
"C56087","J555","J568",391.42717281764,0.01,0,0,0,0
"C56088","J568","J599",192.731180426453,0.01,0,0,0,0
"C56088","J599","J489",821.773155044239,0.01,0,0,0,0
"C56092","J489","J499",120.81405518734,0.01,0,0,0,0
"C56092","J499","J509",2248.81189282733,0.01,0,0,0,0
"C56140","J509","J518",175.229078030989,0.01,0,0,0,0
"C56140","J518","J184",3802.9218678167,0.01,0,0,0,0
"C56153","J184","J172",89.9976814375805,0.01,0,0,0,0
"C56153","J172","J279",6329.48035602853,0.01,0,0,0,0
"C5616","J279","J284",335.592273331408,0.01,0,0,0,0
"C5616","J284","J592",5407.15343245123,0.01,0,0,0,0
"C56166","J592","J604",148.120651580908,0.01,0,0,0,0
"C56166","J604","J284",5334.34759703349,0.01,0,0,0,0
"C5617","J284","J287",134.720740931426,0.01,0,0,0,0
"C5617","J287","J663",4711.3571752548,0.01,0,0,0,0
"C56323","J663","J655",121.506984395974,0.01,0,0,0,0
"C56323","J655","J460",1622.23899644963,0.01,0,0,0,0
"C56583","J460","J455",159.011754255199,2.76,0,0,0,0
"C56583","J455","J451",46.9802585622037,2.76,0,0,0,0
"C56584","J451","J449",232.355189921081,1.48,0,0,0,0
"C56584","J449","J538",2303.14929177629,1.48,0,0,0,0
"C56601","J538","J564",148.920568694276,0.41,0,0,0,0
"C56601","J564","J372",2658.97701832907,0.41,0,0,0,0
"C56699","J372","J371",61.6325252987932,0.01,0,0,0,0
"C56699","J371","J583",2274.98462473727,0.01,0,0,0,0
"C56823","J583","J597",72.0305813895815,2,0,0,0,0
"C56823","J597","J13",4208.75304423283,2,0,0,0,0
"C57139","J13","J23",225.839018857397,0.01,0,0,0,0
"C57139","J23","J502",4214.73096564763,0.01,0,0,0,0
"C57156","J502","J499",20.0965612587154,0.01,0,0,0,0
"C57156","J499","J504",339.46153919637,0.01,0,0,0,0
"C57157","J504","J501",49.915096523673,0.01,0,0,0,0
"C57157","J501","J555",403.143115450523,0.01,0,0,0,0
"C5832","J555","J537",119.623796195095,0.01,0,0,0,0
"C5832","J537","J514",226.838812954311,0.01,0,0,0,0
"C5834","J514","J526",51.1946929557735,0.01,0,0,0,0
"C5834","J526","J559",248.280200144165,0.01,0,0,0,0
"C5836","J559","J568",65.8853630589994,0.01,0,0,0,0
"C5836","J568","J599",192.731180426453,0.01,0,0,0,0
"C5837","J599","J619",182.147427508711,0.01,0,0,0,0
"C5837","J619","J550",477.667199361536,0.01,0,0,0,0
"C5862","J550","J548",191.374037338481,0.01,0,0,0,0
"C5862","J548","J607",322.191228940829,0.01,0,0,0,0
"C5863","J607","J610",39.6360097533131,0.01,0,0,0,0
"C5863","J610","J593",375.056531915158,0.01,0,0,0,0
"C5865","J593","J620",222.135097993143,0.01,0,0,0,0
"C5865","J620","J571",3390.87197571275,0.01,0,0,0,0
"C5873","J571","J594",186.390591180579,0.01,0,0,0,0
"C5873","J594","J570",101.535415180571,0.01,0,0,0,0
"C5874","J570","J594",101.535415180571,0.01,0,0,0,0
"C5874","J594","J587",182.278267743242,0.01,0,0,0,0
"C5875","J587","J576",112.028831126108,0.01,0,0,0,0
"C5875","J576","J517",359.053259274415,0.01,0,0,0,0
"C5881","J517","J506",155.828436129714,0.01,0,0,0,0
"C5881","J506","J506",0,0.01,0,0,0,0
"C5882","J506","J491",174.538116417033,0.01,0,0,0,0
"C5882","J491","J497",273.021131795317,0.01,0,0,0,0
"C5883","J497","J492",153.529162127379,0.01,0,0,0,0
"C5883","J492","J533",562.481639196253,0.01,0,0,0,0
"C5884","J533","J540",96.6948183909965,0.01,0,0,0,0
"C5884","J540","J405",3405.62490719837,0.01,0,0,0,0
"C602","J405","J383",1318.02603908065,0.01,0,0,0,0
"C602","J383","J1",3252.82959505791,0.01,0,0,0,0
"C6228","J1","J3",171.805889994453,0.01,0,0,0,0
"C6228","J3","J576",6681.2963674282,0.01,0,0,0,0
"C6284","J576","J557",159.361869506408,0.01,0,0,0,0
"C6284","J557","J557",0,0.01,0,0,0,0
"C6285","J557","J544",92.8863889788585,0.01,0,0,0,0
"C6285","J544","J532",120.113068989276,0.01,0,0,0,0
"C6286","J532","J541",234.356451757282,0.01,0,0,0,0
"C6286","J541","J137",4374.9193045533,0.01,0,0,0,0
"C6456","J137","J261",625.824449533146,0.01,0,0,0,0
"C6456","J261","J488",2250.16111244901,0.01,0,0,0,0
"C6457","J488","J484",149.228999506436,0.01,0,0,0,0
"C6457","J484","J482",127.952029190416,0.01,0,0,0,0
"C6457","J482","J395",1052.53943426468,0.01,0,0,0,0
"C6458","J395","J390",197.214394511134,0.01,0,0,0,0
"C6458","J390","J436",839.784844726088,0.01,0,0,0,0
"C6459","J436","J442",164.728943349967,0.01,0,0,0,0
"C6459","J442","J22",3283.96946421152,0.01,0,0,0,0
"C6460","J22","J41",346.218207783959,0.01,0,0,0,0
"C6460","J41","J46",81.6098990088531,0.01,0,0,0,0
"C6461","J46","J71",153.232462903822,0.01,0,0,0,0
"C6461","J71","J409",3059.89221048236,0.01,0,0,0,0
"C6569","J409","J406",197.510119898675,0.01,0,0,0,0
"C6569","J406","J279",1236.44862075646,0.01,0,0,0,0
"C6570","J279","J272",145.549464885678,0.01,0,0,0,0
"C6570","J272","J605",3710.68698258006,0.01,0,0,0,0
"C6596","J605","J574",257.186544690434,0.01,0,0,0,0
"C6596","J574","J569",43.8275831677993,0.01,0,0,0,0
"C6597","J569","J574",43.8275831677993,0.01,0,0,0,0
"C6597","J574","J67",5377.79699432726,0.01,0,0,0,0
"C6605","J67","J104",144.557807350796,0.01,0,0,0,0
"C6605","J104","J269",850.751860246971,0.01,0,0,0,0
"C6606","J269","J245",174.60752638896,0.01,0,0,0,0
"C6606","J245","J618",3786.18231176932,0.01,0,0,0,0
"C6684","J618","J604",148.350126638029,0.01,0,0,0,0
"C6684","J604","J595",44.4575377232752,0.01,0,0,0,0
"C6685","J595","J596",31.5875481977544,0.01,0,0,0,0
"C6685","J596","J639",3830.63616902469,0.01,0,0,0,0
"C6721","J639","J661",470.438752183848,0.01,0,0,0,0
"C6721","J661","J272",3303.96250452995,0.01,0,0,0,0
"C6961","J272","J261",77.8838434960376,0.01,0,0,0,0
"C6961","J261","J157",7373.35967192784,0.01,0,0,0,0
"C7162","J157","J154",231.451554314414,0.01,0,0,0,0
"C7162","J154","J162",140.366145354682,0.01,0,0,0,0
"C7163","J162","J154",140.366145354682,0.01,0,0,0,0
"C7163","J154","J177",463.371948003531,0.01,0,0,0,0
"C7166","J177","J168",44.6252948729643,0.01,0,0,0,0
"C7166","J168","J82",484.561701859256,0.01,0,0,0,0
"C7297","J82","J99",77.7152385766616,0.01,0,0,0,0
"C7297","J99","J99",0,0.01,0,0,0,0
"C7298","J99","J117",105.403051064848,0.01,0,0,0,0
"C7298","J117","J92",601.340612030234,0.01,0,0,0,0
"C7300","J92","J90",112.528339718174,0.01,0,0,0,0
"C7300","J90","J90",0,0.01,0,0,0,0
"C7301","J90","J114",107.247256437609,0.01,0,0,0,0
"C7301","J114","J643",6001.99357599097,0.01,0,0,0,0
"C7670","J643","J640",39.9287002652437,0.01,0,0,0,0
"C7670","J640","J615",820.676133419304,0.01,0,0,0,0
"C7671","J615","J616",36.3995283215713,0.01,0,0,0,0
"C7671","J616","J572",3505.57647893908,0.01,0,0,0,0
"C7848","J572","J562",142.905404764208,0.01,0,0,0,0
"C7848","J562","J560",95.5094751886883,0.01,0,0,0,0
"C7849","J560","J578",165.679099763454,0.01,0,0,0,0
"C7849","J578","J601",933.700011048129,0.01,0,0,0,0
"C7850","J601","J592",67.2027271183942,0.01,0,0,0,0
"C7850","J592","J668",10760.639576319,0.01,0,0,0,0
"C79","J668","J167",10968.9971202829,0.01,0,0,0,0
"C79","J167","J632",5262.8391547116,0.01,0,0,0,0
"C8085","J632","J658",202.267019485981,0.01,0,0,0,0
"C8085","J658","J632",202.267019485981,0.01,0,0,0,0
"C8086","J632","J628",36.2039767285802,0.01,0,0,0,0
"C8086","J628","J221",7039.36258190828,0.01,0,0,0,0
"C8294","J221","J200",62.2483728822116,0.01,0,0,0,0
"C8294","J200","J155",6531.95754857272,0.01,0,0,0,0
"C8462","J155","J190",266.073125412726,0.01,0,0,0,0
"C8462","J190","J456",2272.38768279856,0.01,0,0,0,0
"C8464","J456","J440",151.048543996473,0.01,0,0,0,0
"C8464","J440","J65",2800.25240725748,0.01,0,0,0,0
"C8466","J65","J79",267.848020289603,0.01,0,0,0,0
"C8466","J79","J142",304.348462780059,0.01,0,0,0,0
"C8468","J142","J143",292.831781175953,0.01,0,0,0,0
"C8468","J143","J388",1515.43775479592,0.01,0,0,0,0
"C8469","J388","J381",146.880798538878,0.01,0,0,0,0
"C8469","J381","J401",474.093861150921,0.01,0,0,0,0
"C8470","J401","J404",125.581432533556,0.01,0,0,0,0
"C8470","J404","J256",5684.38789522542,0.01,0,0,0,0
"C8520","J256","J265",161.876734147542,0.01,0,0,0,0
"C8520","J265","J44",1363.71644764707,0.01,0,0,0,0
"C8521","J44","J50",108.388533590645,0.01,0,0,0,0
"C8521","J50","J50",0,0.01,0,0,0,0
"C8522","J50","J58",86.9230012878972,0.01,0,0,0,0
"C8522","J58","J58",0,0.01,0,0,0,0
"C8523","J58","J64",50.9425328895544,0.01,0,0,0,0
"C8523","J64","J77",206.503204655268,0.01,0,0,0,0
"C8524","J77","J94",78.4146787053424,0.01,0,0,0,0
"C8524","J94","J437",3042.39750720686,0.01,0,0,0,0
"C8635","J437","J428",195.853478996606,0.36,0,0,0,0
"C8635","J428","J579",1048.60623325328,0.36,0,0,0,0
"C9366","J579","J558",136.616544793723,0.01,0,0,0,0
