"name","elevation","maxdepth","initdepth","surdepth","aponded"
1,264.772644,0,0,0,0
2,273.1550293,0,0,0,0
3,273.1550293,0,0,0,0
4,285.7871094,0,0,0,0
5,5.4136391,0,0,0,0
6,3.962285,0,0,0,0
7,2.7356467,0,0,0,0
8,72.1164398,0,0,0,0
9,76.5384521,0,0,0,0
10,147.5464783,0,0,0,0
11,150.5502472,0,0,0,0
12,36.3805161,0,0,0,0
13,35.0333557,0,0,0,0
14,76.5384521,0,0,0,0
15,70.3286743,0,0,0,0
16,15.6862869,0,0,0,0
17,15.5931454,0,0,0,0
18,15.4320583,0,0,0,0
19,19.8049946,0,0,0,0
20,17.4875088,0,0,0,0
21,14.8965168,0,0,0,0
22,72.3444366,0,0,0,0
23,69.322937,0,0,0,0
24,28.0249901,0,0,0,0
25,26.0512104,0,0,0,0
26,24.5702782,0,0,0,0
27,25.6918392,0,0,0,0
28,30.2781162,0,0,0,0
29,34.5209274,0,0,0,0
30,37.1531143,0,0,0,0
31,41.2105293,0,0,0,0
32,38.4521141,0,0,0,0
33,37.1531143,0,0,0,0
34,173.8473206,0,0,0,0
35,157.7351074,0,0,0,0
36,148.497345,0,0,0,0
37,42.6727295,0,0,0,0
38,46.4801292,0,0,0,0
39,47.0528641,0,0,0,0
40,46.4801292,0,0,0,0
41,46.4801292,0,0,0,0
42,49.2928886,0,0,0,0
43,64.5270233,0,0,0,0
44,74.1049118,0,0,0,0
45,87.6002426,0,0,0,0
46,86.0543747,0,0,0,0
47,82.0524063,0,0,0,0
48,79.9371033,0,0,0,0
49,76.936264,0,0,0,0
50,74.1049118,0,0,0,0
51,14.5716391,0,0,0,0
52,16.7271137,0,0,0,0
53,273.4129639,0,0,0,0
54,272.7057495,0,0,0,0
55,162.049057,0,0,0,0
56,164.1237488,0,0,0,0
57,73.5208435,0,0,0,0
58,71.9897995,0,0,0,0
59,71.623703,0,0,0,0
60,68.4346542,0,0,0,0
61,63.2590523,0,0,0,0
62,56.3399315,0,0,0,0
63,42.4371109,0,0,0,0
64,39.0048065,0,0,0,0
65,106.3167419,0,0,0,0
66,103.57798,0,0,0,0
67,100.9956131,0,0,0,0
68,101.8149643,0,0,0,0
69,122.0330887,0,0,0,0
70,104.0448685,0,0,0,0
71,84.6364594,0,0,0,0
72,79.8307571,0,0,0,0
73,101.5380173,0,0,0,0
74,103.7083664,0,0,0,0
75,15.1529608,0,0,0,0
76,15.0879478,0,0,0,0
77,14.9014444,0,0,0,0
78,14.9223862,0,0,0,0
79,15.0743914,0,0,0,0
80,14.9223862,0,0,0,0
81,119.7297287,0,0,0,0
82,118.3951645,0,0,0,0
83,74.9119339,0,0,0,0
84,73.6856155,0,0,0,0
85,238.3667603,0,0,0,0
86,241.774704,0,0,0,0
87,180.6899261,0,0,0,0
88,181.0706635,0,0,0,0
89,286.7198792,0,0,0,0
90,313.5944519,0,0,0,0
91,296.9622803,0,0,0,0
92,290.0946045,0,0,0,0
93,180.5062866,0,0,0,0
94,168.490097,0,0,0,0
95,110.5071869,0,0,0,0
96,103.7083664,0,0,0,0
97,107.7950363,0,0,0,0
98,109.0718307,0,0,0,0
99,239.712677,0,0,0,0
100,273.4129639,0,0,0,0
101,244.337204,0,0,0,0
102,233.5697174,0,0,0,0
103,232.891037,0,0,0,0
104,233.5697174,0,0,0,0
105,64.6084518,0,0,0,0
106,65.2907639,0,0,0,0
107,213.0677643,0,0,0,0
108,219.0810699,0,0,0,0
109,306.1242065,0,0,0,0
110,286.6347351,0,0,0,0
111,286.6347351,0,0,0,0
112,262.6225891,0,0,0,0
113,5.1808844,0,0,0,0
114,5.13026,0,0,0,0
115,4.9450502,0,0,0,0
116,4.9141059,0,0,0,0
117,178.3295593,0,0,0,0
118,190.0023346,0,0,0,0
119,129.4097443,0,0,0,0
120,136.6459503,0,0,0,0
121,29.4052753,0,0,0,0
122,27.5080605,0,0,0,0
123,139.6484222,0,0,0,0
124,132.8929291,0,0,0,0
125,27.5080605,0,0,0,0
126,25.8234005,0,0,0,0
127,110.4179916,0,0,0,0
128,99.8310318,0,0,0,0
129,103.7083664,0,0,0,0
130,99.8310318,0,0,0,0
131,122.235611,0,0,0,0
132,146.1550751,0,0,0,0
133,146.1550751,0,0,0,0
134,157.553421,0,0,0,0
135,157.553421,0,0,0,0
136,165.4967346,0,0,0,0
137,99.9408035,0,0,0,0
138,93.0160065,0,0,0,0
139,93.2534637,0,0,0,0
140,93.0160065,0,0,0,0
141,155.6502686,0,0,0,0
142,142.9575348,0,0,0,0
143,126.9279022,0,0,0,0
144,142.9575348,0,0,0,0
145,91.1517792,0,0,0,0
146,90.7335815,0,0,0,0
147,86.4444733,0,0,0,0
148,70.4007416,0,0,0,0
149,123.7048035,0,0,0,0
150,160.8286591,0,0,0,0
151,93.2429886,0,0,0,0
152,91.4476471,0,0,0,0
153,415.4974365,0,0,0,0
154,407.5462036,0,0,0,0
155,333.8263245,0,0,0,0
156,340.9685669,0,0,0,0
157,189.028244,0,0,0,0
158,182.3024445,0,0,0,0
159,196.468277,0,0,0,0
160,210.9372711,0,0,0,0
161,122.8062134,0,0,0,0
162,119.7297287,0,0,0,0
163,114.218689,0,0,0,0
164,119.7297287,0,0,0,0
165,119.958992,0,0,0,0
166,108.4111938,0,0,0,0
167,47.9611588,0,0,0,0
168,46.0954552,0,0,0,0
169,153.7476959,0,0,0,0
170,95.6507568,0,0,0,0
171,84.3186111,0,0,0,0
172,80.404129,0,0,0,0
173,53.1272354,0,0,0,0
174,47.9570122,0,0,0,0
175,219.753006,0,0,0,0
176,207.4629974,0,0,0,0
177,207.7312317,0,0,0,0
178,200.2841644,0,0,0,0
179,200.2841644,0,0,0,0
180,192.0451355,0,0,0,0
181,94.3972931,0,0,0,0
182,93.7616119,0,0,0,0
183,93.2429886,0,0,0,0
184,138.331192,0,0,0,0
185,163.5501862,0,0,0,0
186,224.9339294,0,0,0,0
187,236.7988281,0,0,0,0
188,196.0427246,0,0,0,0
189,170.9234924,0,0,0,0
190,236.3458862,0,0,0,0
191,230.3547974,0,0,0,0
192,137.7083893,0,0,0,0
193,133.6960449,0,0,0,0
194,135.9307861,0,0,0,0
195,136.6459503,0,0,0,0
196,141.1687927,0,0,0,0
197,136.6459503,0,0,0,0
198,136.6459503,0,0,0,0
199,133.8819733,0,0,0,0
200,221.8617859,0,0,0,0
201,226.2109375,0,0,0,0
202,231.8570251,0,0,0,0
203,226.2109375,0,0,0,0
204,42.0405502,0,0,0,0
205,39.1824303,0,0,0,0
206,36.4567947,0,0,0,0
207,39.3869324,0,0,0,0
208,38.1360283,0,0,0,0
209,36.4567947,0,0,0,0
210,89.2258759,0,0,0,0
211,92.7171783,0,0,0,0
212,95.7037659,0,0,0,0
213,92.7171783,0,0,0,0
214,122.2280502,0,0,0,0
215,120.1064987,0,0,0,0
216,124.8920822,0,0,0,0
217,133.0090942,0,0,0,0
218,140.9031219,0,0,0,0
219,6.5768838,0,0,0,0
220,6.3721256,0,0,0,0
221,5.8970981,0,0,0,0
222,5.6632977,0,0,0,0
223,5.6033392,0,0,0,0
224,5.6033392,0,0,0,0
225,5.4866724,0,0,0,0
226,5.2833815,0,0,0,0
227,5.1808844,0,0,0,0
228,336.1963501,0,0,0,0
229,319.386261,0,0,0,0
230,319.386261,0,0,0,0
231,317.9573059,0,0,0,0
232,290.315094,0,0,0,0
233,286.8981018,0,0,0,0
234,270.8308716,0,0,0,0
235,263.3804321,0,0,0,0
236,270.8308716,0,0,0,0
237,266.990448,0,0,0,0
238,255.1065216,0,0,0,0
239,228.1252899,0,0,0,0
240,181.593338,0,0,0,0
241,153.372467,0,0,0,0
242,158.7388153,0,0,0,0
243,151.661972,0,0,0,0
244,86.8724442,0,0,0,0
245,80.3804016,0,0,0,0
246,86.7168579,0,0,0,0
247,77.8554382,0,0,0,0
248,657.6936646,0,0,0,0
249,634.545105,0,0,0,0
250,634.545105,0,0,0,0
251,592.0077515,0,0,0,0
252,548.9250488,0,0,0,0
253,515.1589355,0,0,0,0
254,430.9605103,0,0,0,0
255,415.4974365,0,0,0,0
256,2.2898369,0,0,0,0
257,2.2219958,0,0,0,0
258,1.1608937,0,0,0,0
259,1.1018652,0,0,0,0
260,-1.194707,0,0,0,0
261,-2.0771482,0,0,0,0
262,-3.4578161,0,0,0,0
263,0.1549505,0,0,0,0
264,0.3661102,0,0,0,0
265,616.7848511,0,0,0,0
266,616.487915,0,0,0,0
267,616.487915,0,0,0,0
268,604.8120728,0,0,0,0
269,586.1618652,0,0,0,0
270,550.7254639,0,0,0,0
271,8.3544149,0,0,0,0
272,8.9423103,0,0,0,0
273,9.8657541,0,0,0,0
274,17.0089493,0,0,0,0
275,23.3843899,0,0,0,0
276,26.2573586,0,0,0,0
277,30.916729,0,0,0,0
278,23.5352001,0,0,0,0
279,12.6577168,0,0,0,0
280,10.1448994,0,0,0,0
281,9.9397955,0,0,0,0
282,-1.1849804,0,0,0,0
283,-0.5393267,0,0,0,0
284,3.2522726,0,0,0,0
285,2.246448,0,0,0,0
286,1.1018652,0,0,0,0
287,1.0018198,0,0,0,0
288,0.7381191,0,0,0,0
289,0.4078859,0,0,0,0
290,0.1630251,0,0,0,0
291,0.0682859,0,0,0,0
292,-0.0979214,0,0,0,0
293,3.5715611,0,0,0,0
294,2.6397309,0,0,0,0
295,6.9285641,0,0,0,0
296,3.9009719,0,0,0,0
297,1.8715532,0,0,0,0
298,0.9032624,0,0,0,0
299,7.6779156,0,0,0,0
300,7.2543225,0,0,0,0
301,6.5833726,0,0,0,0
302,6.5768838,0,0,0,0
303,464.000061,0,0,0,0
304,430.800293,0,0,0,0
305,437.6784058,0,0,0,0
306,430.800293,0,0,0,0
307,276.8511047,0,0,0,0
308,321.3963623,0,0,0,0
309,342.631958,0,0,0,0
310,298.3757019,0,0,0,0
311,7.6779156,0,0,0,0
312,8.3544149,0,0,0,0
313,355.5557251,0,0,0,0
314,340.76651,0,0,0,0
315,340.76651,0,0,0,0
316,332.7103271,0,0,0,0
317,312.8734436,0,0,0,0
318,310.0631409,0,0,0,0
319,316.4086914,0,0,0,0
320,341.5105286,0,0,0,0
321,319.5827942,0,0,0,0
322,316.4086914,0,0,0,0
323,357.1105652,0,0,0,0
324,359.8729248,0,0,0,0
325,350.7389221,0,0,0,0
326,350.4604492,0,0,0,0
327,350.4604492,0,0,0,0
328,343.2262878,0,0,0,0
329,899.8949585,0,0,0,0
330,902.5006104,0,0,0,0
331,902.5,0,0,0,0
332,901.321167,0,0,0,0
333,884.7006836,0,0,0,0
334,368.258606,0,0,0,0
335,371.3035278,0,0,0,0
336,19.7486534,0,0,0,0
337,34.1955261,0,0,0,0
338,70.6048355,0,0,0,0
339,67.8775101,0,0,0,0
340,88.8969193,0,0,0,0
341,76.2562943,0,0,0,0
342,76.2562943,0,0,0,0
343,65.5449295,0,0,0,0
344,65.9186554,0,0,0,0
345,74.1049118,0,0,0,0
346,71.3556976,0,0,0,0
347,66.0813141,0,0,0,0
348,62.4546356,0,0,0,0
349,16.8178062,0,0,0,0
350,16.0661526,0,0,0,0
351,35.3249817,0,0,0,0
352,34.0824432,0,0,0,0
353,32.362999,0,0,0,0
354,31.4766293,0,0,0,0
355,5.866004,0,0,0,0
356,5.7098117,0,0,0,0
357,5.31668,0,0,0,0
358,5.148088,0,0,0,0
359,11.976078,0,0,0,0
360,10.4389477,0,0,0,0
361,9.4753103,0,0,0,0
362,259.4519958,0,0,0,0
363,260.7144165,0,0,0,0
364,385.5836182,0,0,0,0
365,370.9069824,0,0,0,0
366,370.9069824,0,0,0,0
367,349.7709045,0,0,0,0
368,349.7709045,0,0,0,0
369,332.2700195,0,0,0,0
370,296.0439758,0,0,0,0
371,322.2929382,0,0,0,0
372,775.5598755,0,0,0,0
373,744.6720581,0,0,0,0
374,591.0164795,0,0,0,0
375,586.6528931,0,0,0,0
376,586.6528931,0,0,0,0
377,565.0280151,0,0,0,0
378,692.274231,0,0,0,0
379,678.0291748,0,0,0,0
380,700.5719604,0,0,0,0
381,651.7515869,0,0,0,0
382,630.2443848,0,0,0,0
383,688.1278076,0,0,0,0
384,678.8499756,0,0,0,0
385,624.3156128,0,0,0,0
386,591.0164795,0,0,0,0
387,768.034668,0,0,0,0
388,762.3654175,0,0,0,0
389,752.5921631,0,0,0,0
390,733.8273315,0,0,0,0
391,733.8273315,0,0,0,0
392,711.8105469,0,0,0,0
393,768.034668,0,0,0,0
394,781.677124,0,0,0,0
395,781.677124,0,0,0,0
396,784.0587158,0,0,0,0
397,788.5565796,0,0,0,0
398,784.0587158,0,0,0,0
399,601.6948242,0,0,0,0
400,577.6605835,0,0,0,0
401,439.7998352,0,0,0,0
402,443.8267212,0,0,0,0
403,443.8267212,0,0,0,0
404,433.1147461,0,0,0,0
405,870.1317139,0,0,0,0
406,882.4165039,0,0,0,0
407,912.0188599,0,0,0,0
408,917.0671997,0,0,0,0
409,923.1408081,0,0,0,0
410,919.2276611,0,0,0,0
411,888.7700806,0,0,0,0
412,832.038269,0,0,0,0
413,829.2279053,0,0,0,0
414,832.038269,0,0,0,0
415,747.9537354,0,0,0,0
416,744.6813965,0,0,0,0
417,758.9835815,0,0,0,0
418,752.5921631,0,0,0,0
419,798.4887085,0,0,0,0
420,753.3626709,0,0,0,0
421,854.4760132,0,0,0,0
422,819.529541,0,0,0,0
423,886.0250244,0,0,0,0
424,871.2958984,0,0,0,0
425,878.1148071,0,0,0,0
426,874.2542114,0,0,0,0
427,854.4760132,0,0,0,0
428,733.8273315,0,0,0,0
429,707.8327026,0,0,0,0
430,690.3184204,0,0,0,0
431,678.0291748,0,0,0,0
432,657.4235229,0,0,0,0
433,86.0475616,0,0,0,0
434,86.7168579,0,0,0,0
435,85.7590027,0,0,0,0
436,86.1217804,0,0,0,0
437,85.1288681,0,0,0,0
438,86.222168,0,0,0,0
439,86.0475616,0,0,0,0
440,276.1783447,0,0,0,0
441,254.1341553,0,0,0,0
442,-0.3714664,0,0,0,0
443,-0.3242278,0,0,0,0
444,-0.0619981,0,0,0,0
445,-2.7139797,0,0,0,0
446,-3.8628802,0,0,0,0
447,-0.310987,0,0,0,0
448,-0.3696514,0,0,0,0
449,5.0110855,0,0,0,0
450,-0.1997249,0,0,0,0
451,-0.310987,0,0,0,0
452,22.4638863,0,0,0,0
453,19.8823566,0,0,0,0
454,15.7599087,0,0,0,0
455,15.4503565,0,0,0,0
456,14.5961847,0,0,0,0
457,16.9371738,0,0,0,0
458,15.7599087,0,0,0,0
459,15.3712368,0,0,0,0
460,15.0743914,0,0,0,0
461,140.9031219,0,0,0,0
462,138.7074738,0,0,0,0
463,214.7696228,0,0,0,0
464,194.1380615,0,0,0,0
465,29.961462,0,0,0,0
466,29.8114605,0,0,0,0
467,28.4455185,0,0,0,0
468,48.6232529,0,0,0,0
469,48.8384895,0,0,0,0
470,81.9972076,0,0,0,0
471,81.7833939,0,0,0,0
472,79.1352692,0,0,0,0
473,75.7133331,0,0,0,0
474,307.3653259,0,0,0,0
475,282.7990112,0,0,0,0
476,276.264801,0,0,0,0
477,180.6899261,0,0,0,0
478,178.8987122,0,0,0,0
479,165.0165558,0,0,0,0
480,163.8962555,0,0,0,0
481,162.5240479,0,0,0,0
482,160.8303223,0,0,0,0
483,160.5131226,0,0,0,0
484,162.8249969,0,0,0,0
485,163.5596008,0,0,0,0
486,184.5904694,0,0,0,0
487,176.842514,0,0,0,0
488,261.4641724,0,0,0,0
489,240.0088654,0,0,0,0
490,238.1217346,0,0,0,0
491,173.7020111,0,0,0,0
492,172.0036163,0,0,0,0
493,169.2966309,0,0,0,0
494,171.844223,0,0,0,0
495,174.7285919,0,0,0,0
496,178.5566711,0,0,0,0
497,183.721283,0,0,0,0
498,189.202713,0,0,0,0
499,195.0900726,0,0,0,0
500,201.8211823,0,0,0,0
501,206.7580719,0,0,0,0
502,238.1217346,0,0,0,0
503,225.630722,0,0,0,0
504,246.1431732,0,0,0,0
505,220.1118622,0,0,0,0
506,278.2554932,0,0,0,0
507,277.6876526,0,0,0,0
508,277.5348816,0,0,0,0
509,311.0397644,0,0,0,0
510,302.9248047,0,0,0,0
511,355.3456421,0,0,0,0
512,353.6921387,0,0,0,0
513,371.3035278,0,0,0,0
514,370.6489563,0,0,0,0
515,88.7248764,0,0,0,0
516,88.8949661,0,0,0,0
517,89.1578522,0,0,0,0
518,88.8192749,0,0,0,0
519,87.8477402,0,0,0,0
520,76.6334457,0,0,0,0
521,73.6022644,0,0,0,0
522,70.8509598,0,0,0,0
523,68.7683182,0,0,0,0
524,9.6345539,0,0,0,0
525,9.4926586,0,0,0,0
526,15.4320583,0,0,0,0
527,15.4171886,0,0,0,0
528,15.2649822,0,0,0,0
529,15.1529608,0,0,0,0
530,37.2151375,0,0,0,0
531,35.0333557,0,0,0,0
532,43.3696899,0,0,0,0
533,41.2105293,0,0,0,0
534,46.4801292,0,0,0,0
535,46.0963402,0,0,0,0
536,14.5324697,0,0,0,0
537,14.125659,0,0,0,0
538,277.8779297,0,0,0,0
539,277.4258118,0,0,0,0
540,-0.1442613,0,0,0,0
541,1.3735406,0,0,0,0
542,42.0405502,0,0,0,0
543,42.4942741,0,0,0,0
544,456.8343506,0,0,0,0
545,450.2244873,0,0,0,0
546,307.2362366,0,0,0,0
547,322.2929382,0,0,0,0
548,-0.7572786,0,0,0,0
549,-0.8106122,0,0,0,0
550,0.0682859,0,0,0,0
551,-0.5769827,0,0,0,0
552,-3.9671843,0,0,0,0
553,2.6397309,0,0,0,0
554,2.3453629,0,0,0,0
555,347.9439087,0,0,0,0
556,343.6382446,0,0,0,0
557,29.8941021,0,0,0,0
558,26.1444416,0,0,0,0
559,19.8730335,0,0,0,0
560,18.1219234,0,0,0,0
561,9.6435032,0,0,0,0
562,9.7869463,0,0,0,0
563,18.6818066,0,0,0,0
564,27.1544571,0,0,0,0
565,30.0326385,0,0,0,0
566,31.4766293,0,0,0,0
567,30.7865849,0,0,0,0
568,30.0326385,0,0,0,0
569,650.7858887,0,0,0,0
570,651.0258179,0,0,0,0
571,25.4033737,0,0,0,0
572,16.9371738,0,0,0,0
573,75.7133331,0,0,0,0
574,63.9797096,0,0,0,0
575,397.6332703,0,0,0,0
576,381.427002,0,0,0,0
577,311.9948425,0,0,0,0
578,263.0033264,0,0,0,0
579,247.4593201,0,0,0,0
580,242.4991608,0,0,0,0
581,228.0756836,0,0,0,0
582,188.5572662,0,0,0,0
583,184.5904694,0,0,0,0
584,353.6921387,0,0,0,0
585,354.8384094,0,0,0,0
586,355.4396973,0,0,0,0
587,384.6156616,0,0,0,0
588,369.5772095,0,0,0,0
589,354.0729065,0,0,0,0
590,334.080719,0,0,0,0
591,309.7982178,0,0,0,0
592,304.5238037,0,0,0,0
593,89.2656784,0,0,0,0
594,73.4105682,0,0,0,0
595,211.3801727,0,0,0,0
596,213.0677643,0,0,0,0
597,14.125659,0,0,0,0
598,19.7486534,0,0,0,0
599,56.6944885,0,0,0,0
600,59.4304085,0,0,0,0
601,61.1761589,0,0,0,0
602,23.7715874,0,0,0,0
603,23.6013775,0,0,0,0
604,23.1597729,0,0,0,0
605,23.3656807,0,0,0,0
606,221.0735321,0,0,0,0
607,211.4156494,0,0,0,0
608,120.2669983,0,0,0,0
609,114.218689,0,0,0,0
610,364.1392212,0,0,0,0
611,347.6193237,0,0,0,0
612,375.900238,0,0,0,0
613,371.3153687,0,0,0,0
614,42.6727295,0,0,0,0
615,41.4032593,0,0,0,0
616,39.8149872,0,0,0,0
617,9.6617146,0,0,0,0
618,9.6090298,0,0,0,0
619,9.5004559,0,0,0,0
620,9.4252605,0,0,0,0
621,9.4252605,0,0,0,0
622,9.3730545,0,0,0,0
623,923.1408081,0,0,0,0
624,913.8485718,0,0,0,0
625,315.6191406,0,0,0,0
626,290.9135742,0,0,0,0
627,9.542613,0,0,0,0
628,5.0110855,0,0,0,0
629,140.3314209,0,0,0,0
630,127.4446487,0,0,0,0
631,106.4953003,0,0,0,0
632,122.1164398,0,0,0,0
633,115.2171021,0,0,0,0
634,5.6096578,0,0,0,0
635,5.5320029,0,0,0,0
636,56.6944885,0,0,0,0
637,52.5030556,0,0,0,0
638,45.7196732,0,0,0,0
639,43.9457817,0,0,0,0
640,43.3696899,0,0,0,0
641,15.0743914,0,0,0,0
642,14.5324697,0,0,0,0
643,79.8307571,0,0,0,0
644,81.2008057,0,0,0,0
645,203.4508514,0,0,0,0
646,181.8950348,0,0,0,0
647,233.5697174,0,0,0,0
648,219.753006,0,0,0,0
649,93.0160065,0,0,0,0
650,86.4444733,0,0,0,0
651,122.1086807,0,0,0,0
652,129.4097443,0,0,0,0
653,98.7832565,0,0,0,0
654,93.2429886,0,0,0,0
655,36.4567947,0,0,0,0
656,30.9946613,0,0,0,0
657,25.9568558,0,0,0,0
658,22.4638863,0,0,0,0
659,95.7037659,0,0,0,0
660,103.5087509,0,0,0,0
661,117.1788483,0,0,0,0
662,120.1064987,0,0,0,0
663,25.8234005,0,0,0,0
664,25.716383,0,0,0,0
665,16.0687618,0,0,0,0
666,9.1922026,0,0,0,0
667,295.9533386,0,0,0,0
668,286.8981018,0,0,0,0
669,592.0077515,0,0,0,0
670,565.4334106,0,0,0,0
671,0.1549505,0,0,0,0
672,-0.440137,0,0,0,0
673,0.1949279,0,0,0,0
674,0.1630251,0,0,0,0
675,276.3465881,0,0,0,0
676,276.8511047,0,0,0,0
677,861.039856,0,0,0,0
678,861.4228516,0,0,0,0
679,19.7486534,0,0,0,0
680,20.0984783,0,0,0,0
681,65.0773544,0,0,0,0
682,65.3079376,0,0,0,0
683,65.5449295,0,0,0,0
684,62.4546356,0,0,0,0
685,63.5036163,0,0,0,0
686,74.9119339,0,0,0,0
687,75.5082092,0,0,0,0
688,19.8823566,0,0,0,0
689,16.9516277,0,0,0,0
690,90.3660202,0,0,0,0
691,90.1383591,0,0,0,0
692,87.8521957,0,0,0,0
693,85.9276962,0,0,0,0
694,83.8259659,0,0,0,0
695,81.9972076,0,0,0,0
696,0.7173496,0,0,0,0
697,0.8581508,0,0,0,0
698,230.3547974,0,0,0,0
699,222.765686,0,0,0,0
700,192.8967285,0,0,0,0
701,211.4156494,0,0,0,0
702,744.6813965,0,0,0,0
703,791.3601685,0,0,0,0
704,133.7430725,0,0,0,0
705,138.331192,0,0,0,0
706,5.7078562,0,0,0,0
707,5.6096578,0,0,0,0
708,273.5997009,0,0,0,0
709,266.990448,0,0,0,0
710,191.8412781,0,0,0,0
711,181.593338,0,0,0,0
712,604.8120728,0,0,0,0
713,586.1618652,0,0,0,0
714,-0.440137,0,0,0,0
715,0.0881141,0,0,0,0
716,0.0682859,0,0,0,0
717,324.0354004,0,0,0,0
718,322.6590576,0,0,0,0
719,8.8151979,0,0,0,0
720,8.8783302,0,0,0,0
721,8.9954424,0,0,0,0
722,9.0609407,0,0,0,0
723,290.9135742,0,0,0,0
724,277.9900513,0,0,0,0
725,771.977417,0,0,0,0
726,758.9835815,0,0,0,0
727,378.2523499,0,0,0,0
728,371.3035278,0,0,0,0
729,70.3286743,0,0,0,0
730,51.0022049,0,0,0,0
731,23.3656807,0,0,0,0
732,23.3556595,0,0,0,0
733,119.7297287,0,0,0,0
734,126.9279022,0,0,0,0
735,139.6484222,0,0,0,0
736,147.8551025,0,0,0,0
737,90.6821594,0,0,0,0
738,89.2656784,0,0,0,0
739,51.8032303,0,0,0,0
740,52.3626785,0,0,0,0
741,85.9705734,0,0,0,0
742,80.404129,0,0,0,0
743,84.1361008,0,0,0,0
744,147.5464783,0,0,0,0
745,4.3675795,0,0,0,0
746,4.9141059,0,0,0,0
747,1.0825514,0,0,0,0
748,8.7544622,0,0,0,0
749,8.5596905,0,0,0,0
750,8.3700914,0,0,0,0
751,8.3102713,0,0,0,0
752,-1.1849804,0,0,0,0
753,-1.0208972,0,0,0,0
754,-0.8106122,0,0,0,0
755,577.6605835,0,0,0,0
756,559.463562,0,0,0,0
757,254.7085724,0,0,0,0
758,254.171936,0,0,0,0
759,253.7335205,0,0,0,0
760,251.7785645,0,0,0,0
761,248.6641541,0,0,0,0
762,245.2467499,0,0,0,0
763,239.8931732,0,0,0,0
764,234.5894928,0,0,0,0
765,229.2528534,0,0,0,0
766,222.7493286,0,0,0,0
767,215.313446,0,0,0,0
768,210.3183441,0,0,0,0
769,206.9002991,0,0,0,0
770,202.2762909,0,0,0,0
771,198.1109924,0,0,0,0
772,191.7610474,0,0,0,0
773,185.3570862,0,0,0,0
774,179.8707275,0,0,0,0
775,174.815155,0,0,0,0
776,171.8046875,0,0,0,0
777,163.9408875,0,0,0,0
778,122.4904709,0,0,0,0
779,46.5181198,0,0,0,0
780,44.5064125,0,0,0,0
781,42.2491951,0,0,0,0
782,40.0245285,0,0,0,0
783,38.5354805,0,0,0,0
784,38.5548363,0,0,0,0
785,37.9884682,0,0,0,0
786,37.4990387,0,0,0,0
787,181.3070068,0,0,0,0
788,181.8950348,0,0,0,0
789,134.147522,0,0,0,0
790,122.4254074,0,0,0,0
791,124.8381119,0,0,0,0
792,122.4254074,0,0,0,0
793,254.1341553,0,0,0,0
794,233.5697174,0,0,0,0
795,109.8627701,0,0,0,0
796,116.3659973,0,0,0,0
797,91.1517792,0,0,0,0
798,123.7048035,0,0,0,0
799,228.0756836,0,0,0,0
800,221.0735321,0,0,0,0
801,93.2429886,0,0,0,0
802,94.5943375,0,0,0,0
803,163.5501862,0,0,0,0
804,159.124939,0,0,0,0
805,118.1877823,0,0,0,0
806,122.4666595,0,0,0,0
807,77.8554382,0,0,0,0
808,71.5557938,0,0,0,0
809,151.661972,0,0,0,0
810,145.0700073,0,0,0,0
811,132.4132233,0,0,0,0
812,142.2401581,0,0,0,0
813,139.4649506,0,0,0,0
814,137.3049011,0,0,0,0
815,134.8375549,0,0,0,0
816,135.6287231,0,0,0,0
817,657.6936646,0,0,0,0
818,653.1390381,0,0,0,0
819,515.1589355,0,0,0,0
820,493.3461304,0,0,0,0
821,296.0439758,0,0,0,0
822,290.9135742,0,0,0,0
823,281.1215515,0,0,0,0
824,289.3863831,0,0,0,0
825,347.6193237,0,0,0,0
826,341.5105286,0,0,0,0
827,9.7096319,0,0,0,0
828,9.6667099,0,0,0,0
829,9.6617146,0,0,0,0
830,65.0773544,0,0,0,0
831,50.9042244,0,0,0,0
832,43.0102577,0,0,0,0
833,42.2230759,0,0,0,0
834,393.8710022,0,0,0,0
835,398.1067505,0,0,0,0
836,784.0587158,0,0,0,0
837,763.3310547,0,0,0,0
838,798.4887085,0,0,0,0
839,803.6734619,0,0,0,0
840,86.0475616,0,0,0,0
841,85.1452103,0,0,0,0
842,296.7024536,0,0,0,0
843,287.0549316,0,0,0,0
844,166.6960297,0,0,0,0
845,166.4595337,0,0,0,0
846,165.206665,0,0,0,0
847,165.0165558,0,0,0,0
848,332.6550598,0,0,0,0
849,320.6395264,0,0,0,0
850,296.4113159,0,0,0,0
851,285.7871094,0,0,0,0
852,79.9840851,0,0,0,0
853,76.5384521,0,0,0,0
854,15.4320583,0,0,0,0
855,15.3279667,0,0,0,0
856,15.1790648,0,0,0,0
857,15.1529608,0,0,0,0
858,51.0022049,0,0,0,0
859,54.8236427,0,0,0,0
860,684.8127441,0,0,0,0
861,678.8563232,0,0,0,0
862,559.463562,0,0,0,0
863,548.826355,0,0,0,0
864,122.235611,0,0,0,0
865,110.4179916,0,0,0,0
866,272.190979,0,0,0,0
867,264.6846008,0,0,0,0
868,296.9622803,0,0,0,0
869,305.2278137,0,0,0,0
870,68.726799,0,0,0,0
871,65.2907639,0,0,0,0
872,221.8617859,0,0,0,0
873,190.0023346,0,0,0,0
874,53.8235741,0,0,0,0
875,54.0859451,0,0,0,0
876,194.1380615,0,0,0,0
877,186.1559601,0,0,0,0
878,173.8473206,0,0,0,0
879,48.8384895,0,0,0,0
880,48.9361534,0,0,0,0
881,228.1252899,0,0,0,0
882,231.3982697,0,0,0,0
883,0.1630251,0,0,0,0
884,-0.0979214,0,0,0,0
885,289.3863831,0,0,0,0
886,292.1739502,0,0,0,0
887,361.9345093,0,0,0,0
888,371.3153687,0,0,0,0
889,430.800293,0,0,0,0
890,407.5462036,0,0,0,0
891,861.4228516,0,0,0,0
892,850.2062378,0,0,0,0
893,103.7561264,0,0,0,0
894,83.8693619,0,0,0,0
895,62.4546356,0,0,0,0
896,60.1956253,0,0,0,0
897,9.0609407,0,0,0,0
898,9.3516941,0,0,0,0
899,9.6435032,0,0,0,0
900,792.1716309,0,0,0,0
901,788.5565796,0,0,0,0
902,915.9310303,0,0,0,0
903,901.0957031,0,0,0,0
904,814.8146973,0,0,0,0
905,829.2279053,0,0,0,0
906,819.529541,0,0,0,0
907,798.4887085,0,0,0,0
908,832.038269,0,0,0,0
909,846.0178223,0,0,0,0
910,909.3377075,0,0,0,0
911,913.1251221,0,0,0,0
912,904.8840942,0,0,0,0
913,915.9310303,0,0,0,0
914,287.0549316,0,0,0,0
915,276.1783447,0,0,0,0
916,111.2386932,0,0,0,0
917,107.6788559,0,0,0,0
918,104.5436096,0,0,0,0
919,100.2136612,0,0,0,0
920,370.6489563,0,0,0,0
921,368.6946106,0,0,0,0
922,363.021698,0,0,0,0
923,356.0836487,0,0,0,0
924,24.5856285,0,0,0,0
925,23.268568,0,0,0,0
926,90.6015091,0,0,0,0
927,100.9956131,0,0,0,0
928,24.3655033,0,0,0,0
929,23.3656807,0,0,0,0
930,186.6829681,0,0,0,0
931,181.8950348,0,0,0,0
932,136.6459503,0,0,0,0
933,134.147522,0,0,0,0
934,226.2109375,0,0,0,0
935,239.712677,0,0,0,0
936,1.1018652,0,0,0,0
937,1.042245,0,0,0,0
938,2.2898369,0,0,0,0
939,1.981814,0,0,0,0
940,0.9840349,0,0,0,0
941,0.3449109,0,0,0,0
942,0.1549505,0,0,0,0
943,153.372467,0,0,0,0
944,140.0964508,0,0,0,0
945,450.2244873,0,0,0,0
946,439.9310608,0,0,0,0
947,55.2328415,0,0,0,0
948,56.2233276,0,0,0,0
949,57.0788689,0,0,0,0
950,130.2936096,0,0,0,0
951,144.8852539,0,0,0,0
952,309.7919922,0,0,0,0
953,326.9177856,0,0,0,0
954,343.2262878,0,0,0,0
955,347.608551,0,0,0,0
956,353.2647095,0,0,0,0
957,356.0836487,0,0,0,0
958,18.5166092,0,0,0,0
959,18.1219234,0,0,0,0
960,24.5856285,0,0,0,0
961,21.5407085,0,0,0,0
962,18.9013462,0,0,0,0
963,15.2151871,0,0,0,0
964,14.3737431,0,0,0,0
965,14.3737431,0,0,0,0
966,13.403327,0,0,0,0
967,11.976078,0,0,0,0
968,569.8643188,0,0,0,0
969,577.6605835,0,0,0,0
970,848.4505005,0,0,0,0
971,870.1317139,0,0,0,0
972,848.4505005,0,0,0,0
973,829.7702637,0,0,0,0
974,37.4990387,0,0,0,0
975,33.7861252,0,0,0,0
976,30.3656883,0,0,0,0
977,29.961462,0,0,0,0
978,225.2726288,0,0,0,0
979,190.8955994,0,0,0,0
980,181.2241211,0,0,0,0
981,394.8908691,0,0,0,0
982,386.5483398,0,0,0,0
983,97.1378098,0,0,0,0
984,95.8736954,0,0,0,0
985,164.1237488,0,0,0,0
986,157.553421,0,0,0,0
987,133.6960449,0,0,0,0
988,133.3272247,0,0,0,0
989,299.3371277,0,0,0,0
990,298.6468201,0,0,0,0
991,296.369751,0,0,0,0
992,290.315094,0,0,0,0
993,451.9481506,0,0,0,0
994,450.2244873,0,0,0,0
995,2.3577404,0,0,0,0
996,2.2898369,0,0,0,0
997,0.1630251,0,0,0,0
998,0.1309274,0,0,0,0
999,278.0245972,0,0,0,0
1000,277.9900513,0,0,0,0
1001,278.0105896,0,0,0,0
1002,277.8025513,0,0,0,0
1003,8.3102713,0,0,0,0
1004,7.7978497,0,0,0,0
1005,9.3730545,0,0,0,0
1006,9.2892733,0,0,0,0
1007,9.0364838,0,0,0,0
1008,8.8151979,0,0,0,0
1009,196.468277,0,0,0,0
1010,203.8986511,0,0,0,0
1011,63.9187393,0,0,0,0
1012,64.6084518,0,0,0,0
1013,70.4007416,0,0,0,0
1014,54.0859451,0,0,0,0
1015,363.3091431,0,0,0,0
1016,364.4259949,0,0,0,0
1017,79.8307571,0,0,0,0
1018,66.3760147,0,0,0,0
1019,52.5674744,0,0,0,0
1020,43.1341095,0,0,0,0
1021,42.0405502,0,0,0,0
1022,17.1871662,0,0,0,0
1023,16.7109566,0,0,0,0
1024,715.5618896,0,0,0,0
1025,716.6415405,0,0,0,0
1026,669.6002197,0,0,0,0
1027,657.6936646,0,0,0,0
1028,763.3310547,0,0,0,0
1029,746.8453369,0,0,0,0
1030,292.1739502,0,0,0,0
1031,319.5589905,0,0,0,0
1032,279.0898743,0,0,0,0
1033,277.4258118,0,0,0,0
1034,2.246448,0,0,0,0
1035,2.3858752,0,0,0,0
1036,33.0779762,0,0,0,0
1037,32.3413391,0,0,0,0
1038,32.3413391,0,0,0,0
1039,33.1341095,0,0,0,0
1040,7.4951811,0,0,0,0
1041,6.9285641,0,0,0,0
1042,829.8641357,0,0,0,0
1043,830.7900391,0,0,0,0
1044,353.2647095,0,0,0,0
1045,347.9439087,0,0,0,0
1046,343.6382446,0,0,0,0
1047,344.2142944,0,0,0,0
1048,322.6590576,0,0,0,0
1049,312.8734436,0,0,0,0
1050,30.0326385,0,0,0,0
1051,30.9600353,0,0,0,0
1052,32.3413391,0,0,0,0
1053,488.5499878,0,0,0,0
1054,464.000061,0,0,0,0
1055,636.1469727,0,0,0,0
1056,604.1726685,0,0,0,0
1057,732.9278564,0,0,0,0
1058,711.8105469,0,0,0,0
1059,919.2276611,0,0,0,0
1060,917.0671997,0,0,0,0
1061,787.4221802,0,0,0,0
1062,771.977417,0,0,0,0
1063,308.5835876,0,0,0,0
1064,303.0101013,0,0,0,0
1065,274.0099487,0,0,0,0
1066,276.1783447,0,0,0,0
1067,14.5961847,0,0,0,0
1068,9.542613,0,0,0,0
1069,14.341588,0,0,0,0
1070,14.125659,0,0,0,0
1071,163.5596008,0,0,0,0
1072,164.0279999,0,0,0,0
1073,163.7732697,0,0,0,0
1074,161.7982025,0,0,0,0
1075,159.4950104,0,0,0,0
1076,340.9685669,0,0,0,0
1077,386.5483398,0,0,0,0
1078,77.8554382,0,0,0,0
1079,69.9585419,0,0,0,0
1080,68.5499802,0,0,0,0
1081,66.7651291,0,0,0,0
1082,54.0859451,0,0,0,0
1083,54.4730721,0,0,0,0
1084,322.2929382,0,0,0,0
1085,332.2700195,0,0,0,0
1086,59.2861404,0,0,0,0
1087,51.8889351,0,0,0,0
1088,49.1662102,0,0,0,0
1089,36.6710625,0,0,0,0
1090,33.0159798,0,0,0,0
1091,30.916729,0,0,0,0
1092,189.028244,0,0,0,0
1093,196.468277,0,0,0,0
1094,87.0010986,0,0,0,0
1095,84.3186111,0,0,0,0
1096,112.0563126,0,0,0,0
1097,151.8325195,0,0,0,0
1098,182.1188507,0,0,0,0
1099,192.8967285,0,0,0,0
1100,255.5276642,0,0,0,0
1101,236.7988281,0,0,0,0
1102,122.4666595,0,0,0,0
1103,114.6277008,0,0,0,0
1104,61.1761589,0,0,0,0
1105,63.1770096,0,0,0,0
1106,67.7462997,0,0,0,0
1107,72.3444366,0,0,0,0
1108,133.6960449,0,0,0,0
1109,133.7430725,0,0,0,0
1110,248.2855072,0,0,0,0
1111,244.7368927,0,0,0,0
1112,242.2092133,0,0,0,0
1113,242.2346039,0,0,0,0
1114,243.1882782,0,0,0,0
1115,109.8627701,0,0,0,0
1116,95.8736954,0,0,0,0
1117,182.9028778,0,0,0,0
1118,180.6899261,0,0,0,0
1119,133.7430725,0,0,0,0
1120,131.6286011,0,0,0,0
1121,26.560009,0,0,0,0
1122,25.8234005,0,0,0,0
1123,398.1067505,0,0,0,0
1124,374.6659546,0,0,0,0
1125,86.8724442,0,0,0,0
1126,86.7168579,0,0,0,0
1127,-0.6822947,0,0,0,0
1128,-1.1177342,0,0,0,0
1129,-0.57279,0,0,0,0
1130,-0.7660838,0,0,0,0
1131,-0.8106122,0,0,0,0
1132,375.900238,0,0,0,0
1133,382.8749695,0,0,0,0
1134,398.1067505,0,0,0,0
1135,396.3669434,0,0,0,0
1136,343.6382446,0,0,0,0
1137,336.4242859,0,0,0,0
1138,20.8727646,0,0,0,0
1139,19.7486534,0,0,0,0
1140,38.1068192,0,0,0,0
1141,39.8149872,0,0,0,0
1142,173.7020111,0,0,0,0
1143,177.0779419,0,0,0,0
1144,228.1252899,0,0,0,0
1145,223.9629211,0,0,0,0
1146,221.8351593,0,0,0,0
1147,9.4926586,0,0,0,0
1148,8.6956797,0,0,0,0
1149,45.9087868,0,0,0,0
1150,45.1425552,0,0,0,0
1151,42.4414024,0,0,0,0
1152,40.2954407,0,0,0,0
1153,39.3869324,0,0,0,0
1154,249.9453125,0,0,0,0
1155,250.7386475,0,0,0,0
1156,259.4519958,0,0,0,0
1157,243.1882782,0,0,0,0
1158,245.5582733,0,0,0,0
1159,55.2328415,0,0,0,0
1160,52.047657,0,0,0,0
1161,48.078064,0,0,0,0
1162,45.9087868,0,0,0,0
1163,122.0330887,0,0,0,0
1164,122.6852493,0,0,0,0
1165,76.2690735,0,0,0,0
1166,74.9119339,0,0,0,0
1167,125.0205917,0,0,0,0
1168,125.6902695,0,0,0,0
1169,175.5730438,0,0,0,0
1170,176.2546692,0,0,0,0
1171,216.9528351,0,0,0,0
1172,205.3205414,0,0,0,0
1173,49.689682,0,0,0,0
1174,51.8032303,0,0,0,0
1175,73.1347427,0,0,0,0
1176,80.404129,0,0,0,0
1177,207.4629974,0,0,0,0
1178,182.1188507,0,0,0,0
1179,89.8419724,0,0,0,0
1180,92.832222,0,0,0,0
1181,92.832222,0,0,0,0
1182,93.2429886,0,0,0,0
1183,195.5883331,0,0,0,0
1184,189.028244,0,0,0,0
1185,565.4334106,0,0,0,0
1186,548.9250488,0,0,0,0
1187,386.81073,0,0,0,0
1188,362.3227844,0,0,0,0
1189,39.8149872,0,0,0,0
1190,39.0646172,0,0,0,0
1191,36.2304192,0,0,0,0
1192,34.1955261,0,0,0,0
1193,8.7544622,0,0,0,0
1194,8.5648985,0,0,0,0
1195,8.6510181,0,0,0,0
1196,8.8151979,0,0,0,0
1197,11.976078,0,0,0,0
1198,10.4907637,0,0,0,0
1199,25.0493965,0,0,0,0
1200,24.6342468,0,0,0,0
1201,23.7642498,0,0,0,0
1202,14.5324697,0,0,0,0
1203,14.5716391,0,0,0,0
1204,95.8736954,0,0,0,0
1205,54.8236427,0,0,0,0
1206,241.774704,0,0,0,0
1207,255.7675171,0,0,0,0
1208,255.7675171,0,0,0,0
1209,268.8782349,0,0,0,0
1210,221.6110992,0,0,0,0
1211,222.765686,0,0,0,0
1212,336.4242859,0,0,0,0
1213,332.7103271,0,0,0,0
1214,306.8230591,0,0,0,0
1215,303.6680298,0,0,0,0
1216,898.2585449,0,0,0,0
1217,814.8146973,0,0,0,0
1218,565.0280151,0,0,0,0
1219,569.8643188,0,0,0,0
1220,217.3141937,0,0,0,0
1221,214.7696228,0,0,0,0
1222,176.842514,0,0,0,0
1223,174.8371735,0,0,0,0
1224,172.5403748,0,0,0,0
1225,171.0565796,0,0,0,0
1226,169.3139954,0,0,0,0
1227,167.9126587,0,0,0,0
1228,166.6960297,0,0,0,0
1229,125.6902695,0,0,0,0
1230,122.1086807,0,0,0,0
1231,173.2007294,0,0,0,0
1232,182.1188507,0,0,0,0
1233,143.5424805,0,0,0,0
1234,134.7977295,0,0,0,0
1235,122.0330887,0,0,0,0
1236,276.264801,0,0,0,0
1237,255.5276642,0,0,0,0
1238,123.4885101,0,0,0,0
1239,120.2669983,0,0,0,0
1240,92.7171783,0,0,0,0
1241,90.3811951,0,0,0,0
1242,87.6002426,0,0,0,0
1243,54.8236427,0,0,0,0
1244,48.9361534,0,0,0,0
1245,374.6659546,0,0,0,0
1246,344.78302,0,0,0,0
1247,286.8981018,0,0,0,0
1248,270.8308716,0,0,0,0
1249,458.1747437,0,0,0,0
1250,451.9481506,0,0,0,0
1251,-0.0141695,0,0,0,0
1252,0.1549505,0,0,0,0
1253,621.8847046,0,0,0,0
1254,616.487915,0,0,0,0
1255,20.5123692,0,0,0,0
1256,10.8037291,0,0,0,0
1257,277.9900513,0,0,0,0
1258,276.3465881,0,0,0,0
1259,8.3544149,0,0,0,0
1260,8.2678986,0,0,0,0
1261,8.2154427,0,0,0,0
1262,64.9244232,0,0,0,0
1263,64.6763382,0,0,0,0
1264,61.4112778,0,0,0,0
1265,59.2881584,0,0,0,0
1266,59.2861404,0,0,0,0
1267,651.0258179,0,0,0,0
1268,639.6109619,0,0,0,0
1269,311.6178894,0,0,0,0
1270,308.5835876,0,0,0,0
1271,154.0666962,0,0,0,0
1272,140.9031219,0,0,0,0
1273,219.83992,0,0,0,0
1274,217.3141937,0,0,0,0
1275,306.1242065,0,0,0,0
1276,309.6018066,0,0,0,0
1277,312.0245972,0,0,0,0
1278,313.2312927,0,0,0,0
1279,318.2373047,0,0,0,0
1280,321.1408081,0,0,0,0
1281,324.1157837,0,0,0,0
1282,326.1460266,0,0,0,0
1283,328.1975098,0,0,0,0
1284,328.6977539,0,0,0,0
1285,333.6875,0,0,0,0
1286,332.6550598,0,0,0,0
1287,84.573761,0,0,0,0
1288,91.1517792,0,0,0,0
1289,335.4857788,0,0,0,0
1290,340.76651,0,0,0,0
1291,310.0631409,0,0,0,0
1292,306.8230591,0,0,0,0
1293,360.1364136,0,0,0,0
1294,355.5557251,0,0,0,0
1295,0.1141437,0,0,0,0
1296,0.1984408,0,0,0,0
1297,0.4710176,0,0,0,0
1298,0.7173496,0,0,0,0
1299,247.8991394,0,0,0,0
1300,242.2092133,0,0,0,0
1301,23.7715874,0,0,0,0
1302,23.753952,0,0,0,0
1303,23.7538395,0,0,0,0
1304,23.7642498,0,0,0,0
1305,74.1049118,0,0,0,0
1306,77.0980682,0,0,0,0
1307,205.3205414,0,0,0,0
1308,190.1393433,0,0,0,0
1309,902.5,0,0,0,0
1310,901.3937988,0,0,0,0
1311,901.321167,0,0,0,0
1312,850.2062378,0,0,0,0
1313,835.1459351,0,0,0,0
1314,353.6921387,0,0,0,0
1315,344.2142944,0,0,0,0
1316,374.6387939,0,0,0,0
1317,368.258606,0,0,0,0
1318,99.8310318,0,0,0,0
1319,89.8419724,0,0,0,0
1320,165.4967346,0,0,0,0
1321,173.2007294,0,0,0,0
1322,221.8617859,0,0,0,0
1323,213.2017212,0,0,0,0
1324,239.712677,0,0,0,0
1325,234.8934937,0,0,0,0
1326,162.9010315,0,0,0,0
1327,148.7293854,0,0,0,0
1328,0.9032624,0,0,0,0
1329,0.3907967,0,0,0,0
1330,-0.2924904,0,0,0,0
1331,-0.57279,0,0,0,0
1332,281.1215515,0,0,0,0
1333,277.8779297,0,0,0,0
1334,548.0846558,0,0,0,0
1335,550.1771851,0,0,0,0
1336,744.6720581,0,0,0,0
1337,747.9537354,0,0,0,0
1338,798.4887085,0,0,0,0
1339,787.4221802,0,0,0,0
1340,846.0178223,0,0,0,0
1341,819.529541,0,0,0,0
1342,42.2230759,0,0,0,0
1343,36.6072998,0,0,0,0
1344,31.5770054,0,0,0,0
1345,29.8941021,0,0,0,0
1346,18.1219234,0,0,0,0
1347,14.3737431,0,0,0,0
1348,693.3922729,0,0,0,0
1349,684.8127441,0,0,0,0
1350,8.6956797,0,0,0,0
1351,0.8743212,0,0,0,0
1352,132.4785767,0,0,0,0
1353,131.4231567,0,0,0,0
1354,132.4132233,0,0,0,0
1355,128.6104889,0,0,0,0
1356,124.6694794,0,0,0,0
1357,121.4125671,0,0,0,0
1358,117.9717102,0,0,0,0
1359,114.125061,0,0,0,0
1360,110.063324,0,0,0,0
1361,105.7920151,0,0,0,0
1362,102.3117828,0,0,0,0
1363,100.2318344,0,0,0,0
1364,98.2787094,0,0,0,0
1365,96.1900711,0,0,0,0
1366,94.119812,0,0,0,0
1367,92.0222931,0,0,0,0
1368,90.4321365,0,0,0,0
1369,89.2025146,0,0,0,0
1370,88.0331268,0,0,0,0
1371,87.4543152,0,0,0,0
1372,87.1940613,0,0,0,0
1373,86.8724442,0,0,0,0
1374,220.1118622,0,0,0,0
1375,208.6073608,0,0,0,0
1376,204.6843719,0,0,0,0
1377,201.893158,0,0,0,0
1378,199.4438934,0,0,0,0
1379,196.6973114,0,0,0,0
1380,194.2966309,0,0,0,0
1381,192.2043762,0,0,0,0
1382,191.1495819,0,0,0,0
1383,188.5572662,0,0,0,0
1384,277.5348816,0,0,0,0
1385,275.7998962,0,0,0,0
1386,273.6506348,0,0,0,0
1387,246.1431732,0,0,0,0
1388,75.5082092,0,0,0,0
1389,75.5908051,0,0,0,0
1390,203.111496,0,0,0,0
1391,203.4508514,0,0,0,0
1392,91.165596,0,0,0,0
1393,108.4111938,0,0,0,0
1394,244.7368927,0,0,0,0
1395,242.2092133,0,0,0,0
1396,21.0959816,0,0,0,0
1397,19.8049946,0,0,0,0
1398,73.4105682,0,0,0,0
1399,74.9119339,0,0,0,0
1400,286.7198792,0,0,0,0
1401,296.9622803,0,0,0,0
1402,79.0112457,0,0,0,0
1403,72.7953796,0,0,0,0
1404,68.1122818,0,0,0,0
1405,66.4496078,0,0,0,0
1406,49.727787,0,0,0,0
1407,47.9570122,0,0,0,0
1408,118.2833939,0,0,0,0
1409,79.0112457,0,0,0,0
1410,181.593338,0,0,0,0
1411,178.4093628,0,0,0,0
1412,298.3757019,0,0,0,0
1413,289.3863831,0,0,0,0
1414,33.1572952,0,0,0,0
1415,34.2629662,0,0,0,0
1416,35.3249817,0,0,0,0
1417,16.0661526,0,0,0,0
1418,15.5728598,0,0,0,0
1419,819.529541,0,0,0,0
1420,848.1142578,0,0,0,0
1421,238.9149323,0,0,0,0
1422,234.7823029,0,0,0,0
1423,242.2020416,0,0,0,0
1424,228.6725159,0,0,0,0
1425,244.6771545,0,0,0,0
1426,223.3701324,0,0,0,0
1427,248.6506653,0,0,0,0
1428,219.83992,0,0,0,0
1429,251.8365173,0,0,0,0
1430,253.0120697,0,0,0,0
1431,254.0443573,0,0,0,0
1432,254.7085724,0,0,0,0
1433,159.4950104,0,0,0,0
1434,158.6560059,0,0,0,0
1435,153.9697723,0,0,0,0
1436,148.3714447,0,0,0,0
1437,142.9537811,0,0,0,0
1438,134.6597595,0,0,0,0
1439,127.568985,0,0,0,0
1440,140.0964508,0,0,0,0
1441,132.4132233,0,0,0,0
1442,715.5618896,0,0,0,0
1443,715.354248,0,0,0,0
1444,2.7356467,0,0,0,0
1445,2.6014118,0,0,0,0
1446,148.497345,0,0,0,0
1447,143.5424805,0,0,0,0
1448,72.3444366,0,0,0,0
1449,73.8642731,0,0,0,0
1450,80.6536789,0,0,0,0
1451,87.7506561,0,0,0,0
1452,90.6015091,0,0,0,0
1453,122.4254074,0,0,0,0
1454,126.6620941,0,0,0,0
1455,262.6225891,0,0,0,0
1456,216.9528351,0,0,0,0
1457,114.218689,0,0,0,0
1458,93.0160065,0,0,0,0
1459,48.9361534,0,0,0,0
1460,28.0249901,0,0,0,0
1461,16.0687618,0,0,0,0
1462,16.6261158,0,0,0,0
1463,17.1871662,0,0,0,0
1464,5.6096578,0,0,0,0
1465,5.0817208,0,0,0,0
1466,3.3678114,0,0,0,0
1467,2.5822232,0,0,0,0
1468,2.2898369,0,0,0,0
1469,9.159936,0,0,0,0
1470,9.0609407,0,0,0,0
1471,6.0099063,0,0,0,0
1472,5.866004,0,0,0,0
1473,9.6435032,0,0,0,0
1474,9.6226788,0,0,0,0
1475,508.8847351,0,0,0,0
1476,508.3041687,0,0,0,0
1477,604.1726685,0,0,0,0
1478,608.647644,0,0,0,0
1479,548.826355,0,0,0,0
1480,543.7454224,0,0,0,0
1481,748.6958618,0,0,0,0
1482,733.8273315,0,0,0,0
1483,803.6734619,0,0,0,0
1484,798.4320679,0,0,0,0
1485,86.7168579,0,0,0,0
1486,84.7847595,0,0,0,0
1487,320.6395264,0,0,0,0
1488,320.4136963,0,0,0,0
1489,318.4325256,0,0,0,0
1490,316.4624634,0,0,0,0
1491,314.0475159,0,0,0,0
1492,311.0397644,0,0,0,0
1493,114.3025818,0,0,0,0
1494,109.0718307,0,0,0,0
1495,122.4254074,0,0,0,0
1496,119.4777908,0,0,0,0
1497,95.8736954,0,0,0,0
1498,95.0606995,0,0,0,0
1499,43.7619934,0,0,0,0
1500,44.4570274,0,0,0,0
1501,45.0578499,0,0,0,0
1502,25.0811825,0,0,0,0
1503,24.3655033,0,0,0,0
1504,45.0578499,0,0,0,0
1505,44.1281586,0,0,0,0
1506,42.6727295,0,0,0,0
1507,176.2546692,0,0,0,0
1508,164.1237488,0,0,0,0
1509,106.3167419,0,0,0,0
1510,114.3739166,0,0,0,0
1511,116.3659973,0,0,0,0
1512,118.1877823,0,0,0,0
1513,118.2833939,0,0,0,0
1514,132.8929291,0,0,0,0
1515,110.4179916,0,0,0,0
1516,112.7371826,0,0,0,0
1517,160.8286591,0,0,0,0
1518,156.2058411,0,0,0,0
1519,94.5943375,0,0,0,0
1520,99.5694733,0,0,0,0
1521,319.386261,0,0,0,0
1522,295.9533386,0,0,0,0
1523,439.9310608,0,0,0,0
1524,430.9605103,0,0,0,0
1525,2.7356467,0,0,0,0
1526,1.596704,0,0,0,0
1527,1.4479643,0,0,0,0
1528,1.1843601,0,0,0,0
1529,1.1018652,0,0,0,0
1530,18.1219234,0,0,0,0
1531,17.9252033,0,0,0,0
1532,9.3367062,0,0,0,0
1533,8.774724,0,0,0,0
1534,8.3102713,0,0,0,0
1535,550.7254639,0,0,0,0
1536,537.4377441,0,0,0,0
1537,537.4377441,0,0,0,0
1538,529.0628052,0,0,0,0
1539,608.647644,0,0,0,0
1540,550.1771851,0,0,0,0
1541,601.6948242,0,0,0,0
1542,630.2443848,0,0,0,0
1543,901.0957031,0,0,0,0
1544,888.7700806,0,0,0,0
1545,14.7046671,0,0,0,0
1546,14.341588,0,0,0,0
1547,25.6292057,0,0,0,0
1548,25.4033737,0,0,0,0
1549,65.2907639,0,0,0,0
1550,66.9922943,0,0,0,0
1551,-0.3696514,0,0,0,0
1552,-0.4588749,0,0,0,0
1553,26.6321735,0,0,0,0
1554,22.6511364,0,0,0,0
1555,20.5123692,0,0,0,0
1556,53.7866783,0,0,0,0
1557,51.0022049,0,0,0,0
1558,74.7302704,0,0,0,0
1559,72.3444366,0,0,0,0
1560,120.1064987,0,0,0,0
1561,116.1678238,0,0,0,0
1562,109.1242599,0,0,0,0
1563,106.4953003,0,0,0,0
1564,193.2521973,0,0,0,0
1565,180.6899261,0,0,0,0
1566,27.5390625,0,0,0,0
1567,27.5080605,0,0,0,0
1568,407.5462036,0,0,0,0
1569,386.81073,0,0,0,0
1570,364.4259949,0,0,0,0
1571,364.1392212,0,0,0,0
1572,351.2891541,0,0,0,0
1573,350.7389221,0,0,0,0
1574,70.6048355,0,0,0,0
1575,68.5715027,0,0,0,0
1576,65.0773544,0,0,0,0
1577,919.5452271,0,0,0,0
1578,905.6995239,0,0,0,0
1579,550.1771851,0,0,0,0
1580,565.0280151,0,0,0,0
1581,874.9882813,0,0,0,0
1582,871.1949463,0,0,0,0
1583,854.4760132,0,0,0,0
1584,869.0491333,0,0,0,0
1585,-0.4588749,0,0,0,0
1586,-0.4787516,0,0,0,0
1587,-0.3714664,0,0,0,0
1588,2.6397309,0,0,0,0
1589,1.6801,0,0,0,0
1590,0.9032624,0,0,0,0
1591,2.8678346,0,0,0,0
1592,2.7356467,0,0,0,0
1593,275.4275208,0,0,0,0
1594,268.8782349,0,0,0,0
1595,268.8782349,0,0,0,0
1596,272.190979,0,0,0,0
1597,5.1808844,0,0,0,0
1598,5.1652861,0,0,0,0
1599,4.9920168,0,0,0,0
1600,4.9141059,0,0,0,0
1601,84.705246,0,0,0,0
1602,86.4444733,0,0,0,0
1603,162.6614075,0,0,0,0
1604,155.6502686,0,0,0,0
1605,111.8390808,0,0,0,0
1606,110.4179916,0,0,0,0
1607,92.0712509,0,0,0,0
1608,84.3186111,0,0,0,0
1609,84.1361008,0,0,0,0
1610,86.7726746,0,0,0,0
1611,89.2656784,0,0,0,0
1612,94.6749496,0,0,0,0
1613,493.3461304,0,0,0,0
1614,458.1747437,0,0,0,0
1615,124.940155,0,0,0,0
1616,122.0330887,0,0,0,0
1617,362.3227844,0,0,0,0
1618,353.4157104,0,0,0,0
1619,345.3982849,0,0,0,0
1620,337.8913574,0,0,0,0
1621,331.0361938,0,0,0,0
1622,322.588562,0,0,0,0
1623,313.5664978,0,0,0,0
1624,576.8244019,0,0,0,0
1625,576.1517944,0,0,0,0
1626,368.258606,0,0,0,0
1627,353.2647095,0,0,0,0
1628,36.9450111,0,0,0,0
1629,35.3249817,0,0,0,0
1630,83.8693619,0,0,0,0
1631,75.7595062,0,0,0,0
1632,73.8724213,0,0,0,0
1633,67.0940781,0,0,0,0
1634,65.7481232,0,0,0,0
1635,64.9244232,0,0,0,0
1636,49.3468666,0,0,0,0
1637,47.004982,0,0,0,0
1638,46.5181198,0,0,0,0
1639,125.4314423,0,0,0,0
1640,120.4241486,0,0,0,0
1641,116.0847092,0,0,0,0
1642,111.5819168,0,0,0,0
1643,111.2386932,0,0,0,0
1644,386.5483398,0,0,0,0
1645,385.7644958,0,0,0,0
1646,80.404129,0,0,0,0
1647,76.5384521,0,0,0,0
1648,109.0718307,0,0,0,0
1649,103.7083664,0,0,0,0
1650,166.5004883,0,0,0,0
1651,178.3295593,0,0,0,0
1652,230.598053,0,0,0,0
1653,221.8617859,0,0,0,0
1654,224.9339294,0,0,0,0
1655,196.0427246,0,0,0,0
1656,200.2841644,0,0,0,0
1657,189.028244,0,0,0,0
1658,120.2669983,0,0,0,0
1659,123.6320114,0,0,0,0
1660,91.0726318,0,0,0,0
1661,87.6002426,0,0,0,0
1662,17.8062801,0,0,0,0
1663,17.1871662,0,0,0,0
1664,7.444057,0,0,0,0
1665,6.6520376,0,0,0,0
1666,6.0761642,0,0,0,0
1667,5.6096578,0,0,0,0
1668,9.9397955,0,0,0,0
1669,9.7823019,0,0,0,0
1670,9.4926586,0,0,0,0
1671,321.3963623,0,0,0,0
1672,333.8263245,0,0,0,0
1673,357.1105652,0,0,0,0
1674,351.2891541,0,0,0,0
1675,29.9408855,0,0,0,0
1676,31.4766293,0,0,0,0
1677,16.0661526,0,0,0,0
1678,14.3400927,0,0,0,0
1679,11.2610493,0,0,0,0
1680,9.4753103,0,0,0,0
1681,884.7006836,0,0,0,0
1682,883.494812,0,0,0,0
1683,894.600708,0,0,0,0
1684,901.0957031,0,0,0,0
1685,832.038269,0,0,0,0
1686,791.3601685,0,0,0,0
1687,711.8105469,0,0,0,0
1688,693.5947266,0,0,0,0
1689,693.5947266,0,0,0,0
1690,684.8127441,0,0,0,0
1691,122.4904709,0,0,0,0
1692,120.567276,0,0,0,0
1693,118.6592255,0,0,0,0
1694,116.964386,0,0,0,0
1695,116.6329803,0,0,0,0
1696,116.634346,0,0,0,0
1697,116.8460464,0,0,0,0
1698,116.950798,0,0,0,0
1699,111.8927994,0,0,0,0
1700,111.1322479,0,0,0,0
1701,111.1082153,0,0,0,0
1702,111.9866867,0,0,0,0
1703,112.8106308,0,0,0,0
1704,113.3710327,0,0,0,0
1705,113.0610275,0,0,0,0
1706,111.2311707,0,0,0,0
1707,110.3857956,0,0,0,0
1708,109.1221008,0,0,0,0
1709,107.3295822,0,0,0,0
1710,103.7561264,0,0,0,0
1711,181.2241211,0,0,0,0
1712,175.5619965,0,0,0,0
1713,173.1382141,0,0,0,0
1714,170.602417,0,0,0,0
1715,162.6614075,0,0,0,0
1716,63.9797096,0,0,0,0
1717,52.0480766,0,0,0,0
1718,49.6326065,0,0,0,0
1719,49.3468666,0,0,0,0
1720,66.9922943,0,0,0,0
1721,84.1361008,0,0,0,0
1722,100.2136612,0,0,0,0
1723,90.3660202,0,0,0,0
1724,328.6977539,0,0,0,0
1725,329.4315796,0,0,0,0
1726,329.3133545,0,0,0,0
1727,325.5830383,0,0,0,0
1728,318.162262,0,0,0,0
1729,312.5840149,0,0,0,0
1730,307.3653259,0,0,0,0
1731,156.5198059,0,0,0,0
1732,155.59198,0,0,0,0
1733,154.6835327,0,0,0,0
1734,151.661972,0,0,0,0
1735,10.1241045,0,0,0,0
1736,9.9397955,0,0,0,0
1737,248.2855072,0,0,0,0
1738,249.9453125,0,0,0,0
1739,245.1587524,0,0,0,0
1740,244.7368927,0,0,0,0
1741,247.1785889,0,0,0,0
1742,244.7368927,0,0,0,0
1743,25.1544132,0,0,0,0
1744,24.5856285,0,0,0,0
1745,61.1761589,0,0,0,0
1746,66.4496078,0,0,0,0
1747,180.5062866,0,0,0,0
1748,198.2816772,0,0,0,0
1749,181.8950348,0,0,0,0
1750,176.2546692,0,0,0,0
1751,160.8286591,0,0,0,0
1752,178.5333099,0,0,0,0
1753,54.0859451,0,0,0,0
1754,47.9611588,0,0,0,0
1755,171.0989532,0,0,0,0
1756,160.8286591,0,0,0,0
1757,222.765686,0,0,0,0
1758,203.4508514,0,0,0,0
1759,243.4779205,0,0,0,0
1760,236.7988281,0,0,0,0
1761,27.8578854,0,0,0,0
1762,24.5702782,0,0,0,0
1763,47.9570122,0,0,0,0
1764,38.8959389,0,0,0,0
1765,299.3371277,0,0,0,0
1766,288.350647,0,0,0,0
1767,-1.1177342,0,0,0,0
1768,-1.194707,0,0,0,0
1769,15.9842005,0,0,0,0
1770,16.1092854,0,0,0,0
1771,16.0687618,0,0,0,0
1772,319.5589905,0,0,0,0
1773,327.1823425,0,0,0,0
1774,9.4753103,0,0,0,0
1775,8.2311878,0,0,0,0
1776,7.5244365,0,0,0,0
1777,6.9285641,0,0,0,0
1778,8.4980001,0,0,0,0
1779,8.3544149,0,0,0,0
1780,356.6914978,0,0,0,0
1781,324.0354004,0,0,0,0
1782,577.7901001,0,0,0,0
1783,576.8244019,0,0,0,0
1784,74.6915588,0,0,0,0
1785,70.6048355,0,0,0,0
1786,678.0291748,0,0,0,0
1787,684.8127441,0,0,0,0
1788,28.4455185,0,0,0,0
1789,25.6292057,0,0,0,0
1790,153.7476959,0,0,0,0
1791,158.8393555,0,0,0,0
1792,164.7286987,0,0,0,0
1793,170.5910034,0,0,0,0
1794,176.8777466,0,0,0,0
1795,182.2795105,0,0,0,0
1796,185.7590332,0,0,0,0
1797,187.6151276,0,0,0,0
1798,199.1412201,0,0,0,0
1799,206.7766113,0,0,0,0
1800,127.568985,0,0,0,0
1801,125.4314423,0,0,0,0
1802,385.7644958,0,0,0,0
1803,313.2351379,0,0,0,0
1804,309.8684387,0,0,0,0
1805,308.8115234,0,0,0,0
1806,306.1242065,0,0,0,0
1807,272.190979,0,0,0,0
1808,286.7198792,0,0,0,0
1809,95.204361,0,0,0,0
1810,118.2833939,0,0,0,0
1811,82.3617249,0,0,0,0
1812,84.573761,0,0,0,0
1813,95.6507568,0,0,0,0
1814,92.0712509,0,0,0,0
1815,200.2841644,0,0,0,0
1816,151.8325195,0,0,0,0
1817,133.3272247,0,0,0,0
1818,125.6902695,0,0,0,0
1819,125.6902695,0,0,0,0
1820,126.9288101,0,0,0,0
1821,124.8920822,0,0,0,0
1822,120.1064987,0,0,0,0
1823,344.78302,0,0,0,0
1824,336.1963501,0,0,0,0
1825,266.990448,0,0,0,0
1826,255.1065216,0,0,0,0
1827,313.5664978,0,0,0,0
1828,308.9689026,0,0,0,0
1829,305.1313477,0,0,0,0
1830,301.8236389,0,0,0,0
1831,299.5533142,0,0,0,0
1832,299.3371277,0,0,0,0
1833,746.8453369,0,0,0,0
1834,716.6415405,0,0,0,0
1835,279.0898743,0,0,0,0
1836,278.0105896,0,0,0,0
1837,16.7271137,0,0,0,0
1838,16.8238297,0,0,0,0
1839,678.8563232,0,0,0,0
1840,651.0258179,0,0,0,0
1841,639.6109619,0,0,0,0
1842,601.6948242,0,0,0,0
1843,912.0188599,0,0,0,0
1844,904.2127686,0,0,0,0
1845,303.0101013,0,0,0,0
1846,296.7024536,0,0,0,0
1847,276.264801,0,0,0,0
1848,278.9721985,0,0,0,0
1849,282.1740112,0,0,0,0
1850,177.0779419,0,0,0,0
1851,182.9736938,0,0,0,0
1852,181.9853058,0,0,0,0
1853,302.9248047,0,0,0,0
1854,279.5478516,0,0,0,0
1855,278.2554932,0,0,0,0
1856,304.5238037,0,0,0,0
1857,299.3371277,0,0,0,0
1858,373.5765686,0,0,0,0
1859,362.3227844,0,0,0,0
1860,166.8281555,0,0,0,0
1861,165.4967346,0,0,0,0
1862,165.4967346,0,0,0,0
1863,166.1932831,0,0,0,0
1864,208.0197296,0,0,0,0
1865,207.4629974,0,0,0,0
