FID,OBJECTID,LENGTH,PEREN_ID,LU_CODE,STREAM_NM,FLAG,STREAM_COD,SHAPESTLen,ORIG_FID,POINT_X,POINT_Y,RASTERVALU
0,1430,3983.007,380,C, ,1,3-3-,3982.948919,1,-157.754630055999,21.311811366000,686.6719971
1,1430,3983.007,380,C, ,1,3-3-,3982.948919,1,-157.754571983000,21.311842551000,692.3120117
2,1430,3983.007,380,C, ,1,3-3-,3982.948919,1,-157.754512602999,21.311887272000,701.3499756
3,1430,3983.007,380,C, ,1,3-3-,3982.948919,1,-157.754301196999,21.311930878000,733.7609863
4,1430,3983.007,380,C, ,1,3-3-,3982.948919,1,-157.754130881000,21.311997362000,754.6240234
5,1430,3983.007,380,C, ,1,3-3-,3982.948919,1,-157.753931313999,21.312208177000,774.9089966
6,1430,3983.007,380,C, ,1,3-3-,3982.948919,1,-157.753889896999,21.312271109000,780.2379761
7,1430,3983.007,380,C, ,1,3-3-,3982.948919,1,-157.753837441000,21.312347498000,787.2579956
8,1430,3983.007,380,C, ,1,3-3-,3982.948919,1,-157.753813780999,21.312442178000,793.3060303
9,1430,3983.007,380,C, ,1,3-3-,3982.948919,1,-157.753790379999,21.312491694000,798.7440186
10,1430,3983.007,380,C, ,1,3-3-,3982.948919,1,-157.753748526999,21.312595262000,811.6339722
11,1430,3983.007,380,C, ,1,3-3-,3982.948919,1,-157.753725960999,21.312694471000,823.9130249
12,1430,3983.007,380,C, ,1,3-3-,3982.948919,1,-157.753701648999,21.312739459000,829.6729736
13,1430,3983.007,380,C, ,1,3-3-,3982.948919,1,-157.753636994000,21.312973850000,858.9290161
14,1430,3983.007,380,C, ,1,3-3-,3982.948919,1,-157.753572353999,21.313199208000,887.9110107
15,1430,3983.007,380,C, ,1,3-3-,3982.948919,1,-157.753548945000,21.313253241000,893.9559937
16,1430,3983.007,380,C, ,1,3-3-,3982.948919,1,-157.753479330000,21.313379188000,907.4630127
17,1430,3983.007,380,C, ,1,3-3-,3982.948919,1,-157.753343395999,21.313635636000,937.8930054
18,1430,3983.007,380,C, ,1,3-3-,3982.948919,1,-157.753184879999,21.314000325000,976.565979
19,1430,3983.007,380,C, ,1,3-3-,3982.948919,1,-157.753161234999,21.314085972000,984.0029907
20,1430,3983.007,380,C, ,1,3-3-,3982.948919,1,-157.753132615999,21.314180613000,993.1079712
21,1430,3983.007,380,C, ,1,3-3-,3982.948919,1,-157.753138283999,21.314523930000,1020.52002
22,1430,3983.007,380,C, ,1,3-3-,3982.948919,1,-157.752961965999,21.314992373000,1069.829956
23,1430,3983.007,380,C, ,1,3-3-,3982.948919,1,-157.752933103999,21.315123144000,1084.26001
24,1430,3983.007,380,C, ,1,3-3-,3982.948919,1,-157.752896880999,21.315262893000,1102.540039
25,1430,3983.007,380,C, ,1,3-3-,3982.948919,1,-157.752803109000,21.315668713000,1157.420044
26,1430,3983.007,380,C, ,1,3-3-,3982.948919,1,-157.752738614000,21.316025056000,1185.780029
27,1430,3983.007,380,C, ,1,3-3-,3982.948919,1,-157.752727485000,21.316201135000,1208.400024
28,1430,3983.007,380,C, ,1,3-3-,3982.948919,1,-157.752709646000,21.316327471000,1229.119995
29,1430,3983.007,380,C, ,1,3-3-,3982.948919,1,-157.752709815999,21.316444907000,1248.030029
30,1430,3983.007,380,C, ,1,3-3-,3982.948919,1,-157.752698051000,21.316562262000,1268.98999
31,1430,3983.007,380,C, ,1,3-3-,3982.948919,1,-157.752674751999,21.317316388000,1385.469971
32,1430,3983.007,380,C, ,1,3-3-,3982.948919,1,-157.752633755000,21.317456109000,1396.930054
33,1430,3983.007,380,C, ,1,3-3-,3982.948919,1,-157.752604010999,21.317564285000,1403.400024
34,1430,3983.007,380,C, ,1,3-3-,3982.948919,1,-157.752556962000,21.317699449000,1419.449951
35,1430,3983.007,380,C, ,1,3-3-,3982.948919,1,-157.752498812999,21.317884201000,1435.339966
36,1430,3983.007,380,C, ,1,3-3-,3982.948919,1,-157.752415791000,21.318010053000,1445.52002
37,1430,3983.007,380,C, ,1,3-3-,3982.948919,1,-157.752280981000,21.318140043000,1457.660034
38,1430,3983.007,380,C, ,1,3-3-,3982.948919,1,-157.752133847000,21.318283488000,1480.199951
39,1430,3983.007,380,C, ,1,3-3-,3982.948919,1,-157.751787597999,21.318470618000,1550.099976
40,1430,3983.007,380,C, ,1,3-3-,3982.948919,1,-157.751682058999,21.318555649000,1570.979981
41,1430,3983.007,380,C, ,1,3-3-,3982.948919,1,-157.751523654000,21.318631257000,1597.810059
42,1430,3983.007,380,C, ,1,3-3-,3982.948919,1,-157.751405987999,21.318720721000,1610.839966
43,1430,3983.007,380,C, ,1,3-3-,3982.948919,1,-157.751246917000,21.318864073000,1626.410034
44,1430,3983.007,380,C, ,1,3-3-,3982.948919,1,-157.751169981999,21.318971910000,1635.170044
45,1430,3983.007,380,C, ,1,3-3-,3982.948919,1,-157.751141553999,21.319062034000,1636.089966
46,1430,3983.007,380,C, ,1,3-3-,3982.948919,1,-157.751135043000,21.319111672000,1636.469971
47,1430,3983.007,380,C, ,1,3-3-,3982.948919,1,-157.751123498999,21.319206434000,1637.069946
48,1430,3983.007,380,C, ,1,3-3-,3982.948919,1,-157.751059547000,21.319345981000,1647.800049
49,1430,3983.007,380,C, ,1,3-3-,3982.948919,1,-157.751035011999,21.319413550000,1653.27002
50,1430,3983.007,380,C, ,1,3-3-,3982.948919,1,-157.751005550000,21.319463014000,1657.300049
51,1430,3983.007,380,C, ,1,3-3-,3982.948919,1,-157.750982107999,21.319535112000,1661.109985
52,1430,3983.007,380,C, ,1,3-3-,3982.948919,1,-157.750970609000,21.319602777000,1663.459961
53,1430,3983.007,380,C, ,1,3-3-,3982.948919,1,-157.750894730999,21.319737714000,1676.329956
54,1430,3983.007,380,C, ,1,3-3-,3982.948919,1,-157.750806901000,21.319881601000,1683.579956
55,1430,3983.007,380,C, ,1,3-3-,3982.948919,1,-157.750794331999,21.319931198000,1685.349976
56,1430,3983.007,380,C, ,1,3-3-,3982.948919,1,-157.750712378000,21.320075127000,1699.439941
57,1430,3983.007,380,C, ,1,3-3-,3982.948919,1,-157.750582737000,21.320295483000,1723.479981
58,1430,3983.007,380,C, ,1,3-3-,3982.948919,1,-157.750418209000,21.320515583000,1746.51001
59,1430,3983.007,380,C, ,1,3-3-,3982.948919,1,-157.750171778999,21.320739581000,1777.640015
60,1430,3983.007,380,C, ,1,3-3-,3982.948919,1,-157.750119119000,21.320825013000,1785.709961
61,1430,3983.007,380,C, ,1,3-3-,3982.948919,1,-157.749977787000,21.321009145000,1811.790039
62,1430,3983.007,380,C, ,1,3-3-,3982.948919,1,-157.749954352999,21.321076726000,1818.359985
63,1430,3983.007,380,C, ,1,3-3-,3982.948919,1,-157.749848377000,21.321202412000,1841.680054
64,1431,6074.635,381,C, ,1,3-3-,6074.554283,2,-157.754630055999,21.311811366000,686.6719971
65,1431,6074.635,381,C, ,1,3-3-,6074.554283,2,-157.754648175999,21.311956035000,692.8920288
66,1431,6074.635,381,C, ,1,3-3-,6074.554283,2,-157.754677402999,21.312046588000,698.8179932
67,1431,6074.635,381,C, ,1,3-3-,6074.554283,2,-157.754718072999,21.312101092000,703.5570068
68,1431,6074.635,381,C, ,1,3-3-,6074.554283,2,-157.754818561999,21.312178620000,709.664978
69,1431,6074.635,381,C, ,1,3-3-,6074.554283,2,-157.754924858000,21.312296847000,718.8380127
70,1431,6074.635,381,C, ,1,3-3-,6074.554283,2,-157.754988311000,21.312342491000,721.7880249
71,1431,6074.635,381,C, ,1,3-3-,6074.554283,2,-157.755047004999,21.312379053000,726.348999
72,1431,6074.635,381,C, ,1,3-3-,6074.554283,2,-157.755258819999,21.312421279000,735.3330078
73,1431,6074.635,381,C, ,1,3-3-,6074.554283,2,-157.755411529000,21.312454031000,740.8519897
74,1431,6074.635,381,C, ,1,3-3-,6074.554283,2,-157.755547307999,21.312509233000,746.4290161
75,1431,6074.635,381,C, ,1,3-3-,6074.554283,2,-157.755605766000,21.312577420000,746.7459717
76,1431,6074.635,381,C, ,1,3-3-,6074.554283,2,-157.755618314999,21.312649786000,747.0800171
77,1431,6074.635,381,C, ,1,3-3-,6074.554283,2,-157.755635987000,21.312844134000,750.6119995
78,1431,6074.635,381,C, ,1,3-3-,6074.554283,2,-157.755635560999,21.313322913000,770.3469849
79,1431,6074.635,381,C, ,1,3-3-,6074.554283,2,-157.755582820000,21.313570947000,780.71698
80,1431,6074.635,381,C, ,1,3-3-,6074.554283,2,-157.755541819999,21.313715184000,785.8560181
81,1431,6074.635,381,C, ,1,3-3-,6074.554283,2,-157.755523968000,21.313850553000,790.6879883
82,1431,6074.635,381,C, ,1,3-3-,6074.554283,2,-157.755518523999,21.313922785000,794.6060181
83,1431,6074.635,381,C, ,1,3-3-,6074.554283,2,-157.755430020999,21.314256374000,829.3369751
84,1431,6074.635,381,C, ,1,3-3-,6074.554283,2,-157.755436244999,21.314378367000,839.2369995
85,1431,6074.635,381,C, ,1,3-3-,6074.554283,2,-157.755477584000,21.314473530000,842.3690186
86,1431,6074.635,381,C, ,1,3-3-,6074.554283,2,-157.755489259999,21.314518787000,844.1530151
87,1431,6074.635,381,C, ,1,3-3-,6074.554283,2,-157.755559772999,21.314736117000,849.8070068
88,1431,6074.635,381,C, ,1,3-3-,6074.554283,2,-157.755982495000,21.315484518000,877.1970215
89,1431,6074.635,381,C, ,1,3-3-,6074.554283,2,-157.756041568999,21.315624977000,879.2189941
90,1431,6074.635,381,C, ,1,3-3-,6074.554283,2,-157.756053852999,21.315747024000,888.7600098
91,1431,6074.635,381,C, ,1,3-3-,6074.554283,2,-157.756041893000,21.315873411000,901.8930054
92,1431,6074.635,381,C, ,1,3-3-,6074.554283,2,-157.755995070000,21.316428631000,954.1500244
93,1431,6074.635,381,C, ,1,3-3-,6074.554283,2,-157.756024717999,21.316487570000,953.9580078
94,1431,6074.635,381,C, ,1,3-3-,6074.554283,2,-157.756159609999,21.316637614000,957.3989868
95,1431,6074.635,381,C, ,1,3-3-,6074.554283,2,-157.756200705999,21.316768907000,963.5360107
96,1431,6074.635,381,C, ,1,3-3-,6074.554283,2,-157.756218179999,21.316972299000,978.7119751
97,1431,6074.635,381,C, ,1,3-3-,6074.554283,2,-157.756183246000,21.317112061000,989.5289917
98,1431,6074.635,381,C, ,1,3-3-,6074.554283,2,-157.756159830000,21.317170600000,996.2130127
99,1431,6074.635,381,C, ,1,3-3-,6074.554283,2,-157.755948530000,21.317367776000,1017.429993
100,1431,6074.635,381,C, ,1,3-3-,6074.554283,2,-157.755871554999,21.317502714000,1024.430054
101,1431,6074.635,381,C, ,1,3-3-,6074.554283,2,-157.755841836000,21.317597342000,1030.369995
102,1431,6074.635,381,C, ,1,3-3-,6074.554283,2,-157.755836571999,21.317782495000,1037.900024
103,1431,6074.635,381,C, ,1,3-3-,6074.554283,2,-157.755824802000,21.317904366000,1044.719971
104,1431,6074.635,381,C, ,1,3-3-,6074.554283,2,-157.755753709999,21.318034818000,1049.76001
105,1431,6074.635,381,C, ,1,3-3-,6074.554283,2,-157.755565791000,21.318304439000,1073.51001
106,1431,6074.635,381,C, ,1,3-3-,6074.554283,2,-157.755518942000,21.318430561000,1080.930054
107,1431,6074.635,381,C, ,1,3-3-,6074.554283,2,-157.755496133000,21.318565900000,1087.619995
108,1431,6074.635,381,C, ,1,3-3-,6074.554283,2,-157.755266943999,21.319029428000,1120.349976
109,1431,6074.635,381,C, ,1,3-3-,6074.554283,2,-157.755195844000,21.319164407000,1124.819946
110,1431,6074.635,381,C, ,1,3-3-,6074.554283,2,-157.755184302000,21.319259169000,1126.140015
111,1431,6074.635,381,C, ,1,3-3-,6074.554283,2,-157.755026278999,21.319547082000,1142.439941
112,1431,6074.635,381,C, ,1,3-3-,6074.554283,2,-157.755019960999,21.319592205000,1144.329956
113,1431,6074.635,381,C, ,1,3-3-,6074.554283,2,-157.754973355999,21.319682195000,1151.569946
114,1431,6074.635,381,C, ,1,3-3-,6074.554283,2,-157.754925877999,21.319745075000,1158.790039
115,1431,6074.635,381,C, ,1,3-3-,6074.554283,2,-157.754761828999,21.319901950000,1178.98999
116,1431,6074.635,381,C, ,1,3-3-,6074.554283,2,-157.754555310999,21.320090119000,1210.76001
117,1431,6074.635,381,C, ,1,3-3-,6074.554283,2,-157.754373283000,21.320237828000,1236.719971
118,1431,6074.635,381,C, ,1,3-3-,6074.554283,2,-157.753979980999,21.320451712000,1269.849976
119,1431,6074.635,381,C, ,1,3-3-,6074.554283,2,-157.753833702999,21.320631302000,1290.26001
120,1431,6074.635,381,C, ,1,3-3-,6074.554283,2,-157.753451731000,21.321206620000,1344.23999
121,1431,6074.635,381,C, ,1,3-3-,6074.554283,2,-157.753369179999,21.321269233000,1358.319946
122,1431,6074.635,381,C, ,1,3-3-,6074.554283,2,-157.753245865999,21.321331559000,1384.979981
123,1431,6074.635,381,C, ,1,3-3-,6074.554283,2,-157.753034602000,21.321501632000,1435.099976
124,1431,6074.635,381,C, ,1,3-3-,6074.554283,2,-157.752952028000,21.321577805000,1453.660034
125,1431,6074.635,381,C, ,1,3-3-,6074.554283,2,-157.752864245000,21.321694585000,1476.660034
126,1431,6074.635,381,C, ,1,3-3-,6074.554283,2,-157.752840795999,21.321771199000,1487.439941
127,1431,6074.635,381,C, ,1,3-3-,6074.554283,2,-157.752782032999,21.321883677000,1502.719971
128,1431,6074.635,381,C, ,1,3-3-,6074.554283,2,-157.752752554000,21.321942175000,1510.540039
129,1431,6074.635,381,C, ,1,3-3-,6074.554283,2,-157.752670386000,21.322104168000,1533.829956
130,1431,6074.635,381,C, ,1,3-3-,6074.554283,2,-157.752641122000,21.322144611000,1537.449951
131,1431,6074.635,381,C, ,1,3-3-,6074.554283,2,-157.752535120999,21.322283838000,1551.630005
132,1431,6074.635,381,C, ,1,3-3-,6074.554283,2,-157.752482431000,21.322387334000,1558.069946
133,1431,6074.635,381,C, ,1,3-3-,6074.554283,2,-157.752428906000,21.322441140000,1563.060059
134,1431,6074.635,381,C, ,1,3-3-,6074.554283,2,-157.752341312999,21.322553402000,1577.719971
135,1431,6074.635,381,C, ,1,3-3-,6074.554283,2,-157.752234883000,21.322728770000,1600.709961
136,1431,6074.635,381,C, ,1,3-3-,6074.554283,2,-157.752134971000,21.322849983000,1618.420044
137,1431,6074.635,381,C, ,1,3-3-,6074.554283,2,-157.752082739000,21.322899273000,1627.810059
138,1431,6074.635,381,C, ,1,3-3-,6074.554283,2,-157.751964794000,21.323042934000,1650.23999
139,1431,6074.635,381,C, ,1,3-3-,6074.554283,2,-157.751912339999,21.323114817000,1662.25
140,1431,6074.635,381,C, ,1,3-3-,6074.554283,2,-157.751882869000,21.323168797000,1668.930054
141,1431,6074.635,381,C, ,1,3-3-,6074.554283,2,-157.751865524000,21.323218354000,1672.979981
142,1431,6074.635,381,C, ,1,3-3-,6074.554283,2,-157.751800233000,21.323389502000,1697.319946
143,1431,6074.635,381,C, ,1,3-3-,6074.554283,2,-157.751559329000,21.323816811000,1753.030029
144,1431,6074.635,381,C, ,1,3-3-,6074.554283,2,-157.751494763000,21.323884084000,1769.819946
145,1431,6074.635,381,C, ,1,3-3-,6074.554283,2,-157.751259420999,21.324063001000,1822.660034
146,1431,6074.635,381,C, ,1,3-3-,6074.554283,2,-157.751224288000,21.324098876000,1831.410034
147,1431,6074.635,381,C, ,1,3-3-,6074.554283,2,-157.751141741999,21.324156981000,1852
148,1431,6074.635,381,C, ,1,3-3-,6074.554283,2,-157.751089486000,21.324219831000,1867.449951
149,1431,6074.635,381,C, ,1,3-3-,6074.554283,2,-157.751007773999,21.324327618000,1894.060059
150,1431,6074.635,381,C, ,1,3-3-,6074.554283,2,-157.750989328000,21.324377174000,1901.98999
151,1431,6074.635,381,C, ,1,3-3-,6074.554283,2,-157.750942274000,21.324512326000,1922
152,1431,6074.635,381,C, ,1,3-3-,6074.554283,2,-157.750877882999,21.324584115000,1937.180054
153,1431,6074.635,381,C, ,1,3-3-,6074.554283,2,-157.750837095999,21.324705760000,1947.640015
154,1431,6074.635,381,C, ,1,3-3-,6074.554283,2,-157.750666983999,21.324858073000,1969.709961
155,1431,6074.635,381,C, ,1,3-3-,6074.554283,2,-157.750531324000,21.324942874000,1994.199951
156,1431,6074.635,381,C, ,1,3-3-,6074.554283,2,-157.750272360999,21.325080968000,2048.610107
157,1431,6074.635,381,C, ,1,3-3-,6074.554283,2,-157.750172905999,21.325147983000,2069.25
158,1431,6074.635,381,C, ,1,3-3-,6074.554283,2,-157.750137588000,21.325183857000,2078.159912
159,1431,6074.635,381,C, ,1,3-3-,6074.554283,2,-157.749867341999,21.325371548000,2131.600098
160,1431,6074.635,381,C, ,1,3-3-,6074.554283,2,-157.749679719000,21.325455969000,2160.909912
161,1434,6932.753,396,C, ,1,3-3-,6932.628285,3,-157.752571759999,21.306258480000,520.1779785
162,1434,6932.753,396,C, ,1,3-3-,6932.628285,3,-157.752413531000,21.306456043000,523.8179932
163,1434,6932.753,396,C, ,1,3-3-,6932.628285,3,-157.752366308000,21.306478274000,525.6270142
164,1434,6932.753,396,C, ,1,3-3-,6932.628285,3,-157.752330988000,21.306518665000,528.4379883
165,1434,6932.753,396,C, ,1,3-3-,6932.628285,3,-157.752225909000,21.306554017000,537.940979
166,1434,6932.753,396,C, ,1,3-3-,6932.628285,3,-157.752108039000,21.306661546000,551.4949951
167,1434,6932.753,396,C, ,1,3-3-,6932.628285,3,-157.752008339000,21.306773727000,564.5360107
168,1434,6932.753,396,C, ,1,3-3-,6932.628285,3,-157.751966479000,21.306881811000,572.5159912
169,1434,6932.753,396,C, ,1,3-3-,6932.628285,3,-157.751955618000,21.307008210000,575.9039917
170,1434,6932.753,396,C, ,1,3-3-,6932.628285,3,-157.751938031000,21.307093899000,579.4110107
171,1434,6932.753,396,C, ,1,3-3-,6932.628285,3,-157.751896458000,21.307468482000,592.7390137
172,1434,6932.753,396,C, ,1,3-3-,6932.628285,3,-157.751872582999,21.307581227000,599.007019
173,1434,6932.753,396,C, ,1,3-3-,6932.628285,3,-157.751867129000,21.307657965000,602.6740112
174,1434,6932.753,396,C, ,1,3-3-,6932.628285,3,-157.751844333000,21.307784272000,611.8380127
175,1434,6932.753,396,C, ,1,3-3-,6932.628285,3,-157.751773211999,21.307932798000,628.1279907
176,1434,6932.753,396,C, ,1,3-3-,6932.628285,3,-157.751691074999,21.308081244000,638.2249756
177,1434,6932.753,396,C, ,1,3-3-,6932.628285,3,-157.751508355999,21.308319275000,660.4219971
178,1434,6932.753,396,C, ,1,3-3-,6932.628285,3,-157.751503122999,21.308373442000,659.9609985
179,1434,6932.753,396,C, ,1,3-3-,6932.628285,3,-157.751168656999,21.308881349000,694.8709717
180,1434,6932.753,396,C, ,1,3-3-,6932.628285,3,-157.750522308999,21.309784425000,760.8540039
181,1434,6932.753,396,C, ,1,3-3-,6932.628285,3,-157.750405231000,21.309964228000,776.4689941
182,1434,6932.753,396,C, ,1,3-3-,6932.628285,3,-157.750274757999,21.310139408000,791.3800049
183,1434,6932.753,396,C, ,1,3-3-,6932.628285,3,-157.750134758999,21.310300971000,808.0980225
184,1434,6932.753,396,C, ,1,3-3-,6932.628285,3,-157.749952525999,21.310466739000,830.1489868
185,1434,6932.753,396,C, ,1,3-3-,6932.628285,3,-157.749817081999,21.310542508000,844.1160278
186,1434,6932.753,396,C, ,1,3-3-,6932.628285,3,-157.749687306999,21.310631887000,854.8880005
187,1434,6932.753,396,C, ,1,3-3-,6932.628285,3,-157.749288250000,21.310791511000,881.5300293
188,1434,6932.753,396,C, ,1,3-3-,6932.628285,3,-157.749141774999,21.310876242000,892.9550171
189,1434,6932.753,396,C, ,1,3-3-,6932.628285,3,-157.749100586999,21.310912074000,896.2139893
190,1434,6932.753,396,C, ,1,3-3-,6932.628285,3,-157.749042062999,21.310992937000,898.6469727
191,1434,6932.753,396,C, ,1,3-3-,6932.628285,3,-157.748947759999,21.311168385000,906.3699951
192,1434,6932.753,396,C, ,1,3-3-,6932.628285,3,-157.748765074999,21.311383831000,924.4639893
193,1434,6932.753,396,C, ,1,3-3-,6932.628285,3,-157.748547847999,21.311720974000,942.9509888
194,1434,6932.753,396,C, ,1,3-3-,6932.628285,3,-157.748524223999,21.311793071000,948.1389771
195,1434,6932.753,396,C, ,1,3-3-,6932.628285,3,-157.748342576999,21.312044649000,968.3900146
196,1434,6932.753,396,C, ,1,3-3-,6932.628285,3,-157.748271681999,21.312166076000,973.2509766
197,1434,6932.753,396,C, ,1,3-3-,6932.628285,3,-157.748231349000,21.312238051000,980.0570068
198,1434,6932.753,396,C, ,1,3-3-,6932.628285,3,-157.748172364999,21.312373109000,989.4650269
199,1434,6932.753,396,C, ,1,3-3-,6932.628285,3,-157.748112714000,21.312575923000,1000.98999
200,1434,6932.753,396,C, ,1,3-3-,6932.628285,3,-157.748089289000,21.312638987000,1007.080017
201,1434,6932.753,396,C, ,1,3-3-,6932.628285,3,-157.748042413999,21.312778655000,1018.450012
202,1434,6932.753,396,C, ,1,3-3-,6932.628285,3,-157.748019859999,21.312868820000,1023.450012
203,1434,6932.753,396,C, ,1,3-3-,6932.628285,3,-157.747948957000,21.312994763000,1031.079956
204,1434,6932.753,396,C, ,1,3-3-,6932.628285,3,-157.747942445999,21.313044401000,1031.890015
205,1434,6932.753,396,C, ,1,3-3-,6932.628285,3,-157.747843294000,21.313368871000,1036.51001
206,1434,6932.753,396,C, ,1,3-3-,6932.628285,3,-157.747807496999,21.313472489000,1037.890015
207,1434,6932.753,396,C, ,1,3-3-,6932.628285,3,-157.747766466999,21.313630275000,1042.119995
208,1434,6932.753,396,C, ,1,3-3-,6932.628285,3,-157.747743262999,21.313670747000,1044.479981
209,1434,6932.753,396,C, ,1,3-3-,6932.628285,3,-157.747679075000,21.313841907000,1051.920044
210,1434,6932.753,396,C, ,1,3-3-,6932.628285,3,-157.747678623000,21.313891597000,1053.5
211,1434,6932.753,396,C, ,1,3-3-,6932.628285,3,-157.747578557999,21.314319942000,1074.77002
212,1434,6932.753,396,C, ,1,3-3-,6932.628285,3,-157.747503029999,21.314572315000,1088.060059
213,1434,6932.753,396,C, ,1,3-3-,6932.628285,3,-157.747467666999,21.314743690000,1101.880005
214,1434,6932.753,396,C, ,1,3-3-,6932.628285,3,-157.747426651000,21.314892442000,1115.839966
215,1434,6932.753,396,C, ,1,3-3-,6932.628285,3,-157.747402757000,21.315014220000,1127.069946
216,1434,6932.753,396,C, ,1,3-3-,6932.628285,3,-157.747426921999,21.315163447000,1134.969971
217,1434,6932.753,396,C, ,1,3-3-,6932.628285,3,-157.747456120000,21.315267562000,1138.469971
218,1434,6932.753,396,C, ,1,3-3-,6932.628285,3,-157.747550276999,21.315394733000,1135.050049
219,1434,6932.753,396,C, ,1,3-3-,6932.628285,3,-157.747620412000,21.315503652000,1137.73999
220,1434,6932.753,396,C, ,1,3-3-,6932.628285,3,-157.747637923000,21.315571543000,1139.949951
221,1434,6932.753,396,C, ,1,3-3-,6932.628285,3,-157.747625733000,21.315720500000,1147.810059
222,1434,6932.753,396,C, ,1,3-3-,6932.628285,3,-157.747596635000,21.315878379000,1157.069946
223,1434,6932.753,396,C, ,1,3-3-,6932.628285,3,-157.747526168000,21.315963664000,1165.369995
224,1434,6932.753,396,C, ,1,3-3-,6932.628285,3,-157.747438402000,21.316071418000,1183.349976
225,1434,6932.753,396,C, ,1,3-3-,6932.628285,3,-157.747385917999,21.316161355000,1193.48999
226,1434,6932.753,396,C, ,1,3-3-,6932.628285,3,-157.747350747000,21.316328213000,1206.23999
227,1434,6932.753,396,C, ,1,3-3-,6932.628285,3,-157.747350221999,21.316526955000,1214.73999
228,1434,6932.753,396,C, ,1,3-3-,6932.628285,3,-157.747121679000,21.317460231000,1270.780029
229,1434,6932.753,396,C, ,1,3-3-,6932.628285,3,-157.747050288999,21.317653918000,1285.939941
230,1434,6932.753,396,C, ,1,3-3-,6932.628285,3,-157.747027059000,21.317816354000,1301.180054
231,1434,6932.753,396,C, ,1,3-3-,6932.628285,3,-157.747010147999,21.318254353000,1331.849976
232,1434,6932.753,396,C, ,1,3-3-,6932.628285,3,-157.746956759999,21.318443659000,1350.160034
233,1434,6932.753,396,C, ,1,3-3-,6932.628285,3,-157.746915677999,21.318736946000,1367.479981
234,1434,6932.753,396,C, ,1,3-3-,6932.628285,3,-157.746868594000,21.318890163000,1378.400024
235,1434,6932.753,396,C, ,1,3-3-,6932.628285,3,-157.746833033000,21.318962167000,1386.599976
236,1434,6932.753,396,C, ,1,3-3-,6932.628285,3,-157.746792706000,21.319029626000,1393.119995
237,1434,6932.753,396,C, ,1,3-3-,6932.628285,3,-157.746745026000,21.319101536000,1406.140015
238,1434,6932.753,396,C, ,1,3-3-,6932.628285,3,-157.746592386999,21.319348813000,1444.979981
239,1434,6932.753,396,C, ,1,3-3-,6932.628285,3,-157.746093043000,21.319832910000,1508.959961
240,1434,6932.753,396,C, ,1,3-3-,6932.628285,3,-157.746011111000,21.319963277000,1518.280029
241,1434,6932.753,396,C, ,1,3-3-,6932.628285,3,-157.745952106000,21.320107378000,1529.859985
242,1434,6932.753,396,C, ,1,3-3-,6932.628285,3,-157.745952262999,21.320229331000,1534.180054
243,1434,6932.753,396,C, ,1,3-3-,6932.628285,3,-157.745940776999,21.320287962000,1536.48999
244,1434,6932.753,396,C, ,1,3-3-,6932.628285,3,-157.745893289000,21.320355367000,1538.310059
245,1434,6932.753,396,C, ,1,3-3-,6932.628285,3,-157.745852508000,21.320472494000,1546.75
246,1434,6932.753,396,C, ,1,3-3-,6932.628285,3,-157.745875758000,21.320725608000,1558.680054
247,1434,6932.753,396,C, ,1,3-3-,6932.628285,3,-157.745899350000,21.320779991000,1562.689941
248,1434,6932.753,396,C, ,1,3-3-,6932.628285,3,-157.745987219999,21.320934219000,1575.77002
249,1434,6932.753,396,C, ,1,3-3-,6932.628285,3,-157.746069483000,21.321038715000,1587.359985
250,1434,6932.753,396,C, ,1,3-3-,6932.628285,3,-157.746122743000,21.321138478000,1599.949951
251,1434,6932.753,396,C, ,1,3-3-,6932.628285,3,-157.746216656000,21.321301791000,1626.800049
252,1434,6932.753,396,C, ,1,3-3-,6932.628285,3,-157.746211198999,21.321378529000,1641.130005
253,1434,6932.753,396,C, ,1,3-3-,6932.628285,3,-157.746240524999,21.322047233000,1782.449951
254,1434,6932.753,396,C, ,1,3-3-,6932.628285,3,-157.746258065000,21.322097058000,1791.439941
255,1434,6932.753,396,C, ,1,3-3-,6932.628285,3,-157.746293562000,21.322169589000,1803.209961
256,1434,6932.753,396,C, ,1,3-3-,6932.628285,3,-157.746334045999,21.322224094000,1811.949951
257,1434,6932.753,396,C, ,1,3-3-,6932.628285,3,-157.746381867999,21.322283169000,1825.060059
258,1434,6932.753,396,C, ,1,3-3-,6932.628285,3,-157.746428642000,21.322310618000,1830.729981
259,1434,6932.753,396,C, ,1,3-3-,6932.628285,3,-157.746510666999,21.322446728000,1857.400024
260,1434,6932.753,396,C, ,1,3-3-,6932.628285,3,-157.746569986999,21.322546543000,1874.729981
261,1434,6932.753,396,C, ,1,3-3-,6932.628285,3,-157.746593087000,21.322673187000,1890.609985
262,1434,6932.753,396,C, ,1,3-3-,6932.628285,3,-157.746570448000,21.322916928000,1922.170044
263,1434,6932.753,396,C, ,1,3-3-,6932.628285,3,-157.746546542000,21.323043210000,1938.900024
264,1435,2174.684,399,C, ,1,3-3-,2174.654955,4,-157.755195985000,21.306142440000,425.1539917
265,1435,2174.684,399,C, ,1,3-3-,2174.654955,4,-157.754922313000,21.306316564000,432.2349854
266,1435,2174.684,399,C, ,1,3-3-,2174.654955,4,-157.754882022000,21.306365959000,435.6199951
267,1435,2174.684,399,C, ,1,3-3-,2174.654955,4,-157.754763910999,21.306509622000,449.2489929
268,1435,2174.684,399,C, ,1,3-3-,2174.654955,4,-157.754675902999,21.306658017000,461.0100098
269,1435,2174.684,399,C, ,1,3-3-,2174.654955,4,-157.754628830000,21.306811246000,469.8500061
270,1435,2174.684,399,C, ,1,3-3-,2174.654955,4,-157.754617287999,21.306906009000,471.2600098
271,1435,2174.684,399,C, ,1,3-3-,2174.654955,4,-157.754617037999,21.307497709000,489.8359985
272,1435,2174.684,399,C, ,1,3-3-,2174.654955,4,-157.754593371999,21.307596905000,497.052002
273,1435,2174.684,399,C, ,1,3-3-,2174.654955,4,-157.754611049000,21.307786737000,505.8429871
274,1435,2174.684,399,C, ,1,3-3-,2174.654955,4,-157.754600087000,21.308084770000,516.4390259
275,1435,2174.684,399,C, ,1,3-3-,2174.654955,4,-157.754552514000,21.308427698000,531.1939697
276,1435,2174.684,399,C, ,1,3-3-,2174.654955,4,-157.754541708999,21.308852200000,552.3850098
277,1435,2174.684,399,C, ,1,3-3-,2174.654955,4,-157.754564617000,21.308987865000,555.9299927
278,1435,2174.684,399,C, ,1,3-3-,2174.654955,4,-157.754594241000,21.309060354000,556.9500122
279,1435,2174.684,399,C, ,1,3-3-,2174.654955,4,-157.754623901999,21.309110261000,556.625
280,1435,2174.684,399,C, ,1,3-3-,2174.654955,4,-157.754676447999,21.309309392000,561.5670166
281,1435,2174.684,399,C, ,1,3-3-,2174.654955,4,-157.754718013999,21.309377457000,564.2139893
282,1435,2174.684,399,C, ,1,3-3-,2174.654955,4,-157.754735748000,21.309422754000,567.6560059
283,1435,2174.684,399,C, ,1,3-3-,2174.654955,4,-157.754735818000,21.309711824000,584.0020142
284,1435,2174.684,399,C, ,1,3-3-,2174.654955,4,-157.754724116000,21.309793048000,586.6489868
285,1435,2174.684,399,C, ,1,3-3-,2174.654955,4,-157.754699805000,21.309838036000,587.7999878
286,1435,2174.684,399,C, ,1,3-3-,2174.654955,4,-157.754694389999,21.309892192000,589.4320068
287,1435,2174.684,399,C, ,1,3-3-,2174.654955,4,-157.754652958999,21.309964157000,597.0819702
288,1435,2174.684,399,C, ,1,3-3-,2174.654955,4,-157.754653389999,21.310036431000,597.8070068
289,1435,2174.684,399,C, ,1,3-3-,2174.654955,4,-157.754636011000,21.310108570000,601.3369751
290,1435,2174.684,399,C, ,1,3-3-,2174.654955,4,-157.754694575000,21.310443245000,606.7319946
291,1435,2174.684,399,C, ,1,3-3-,2174.654955,4,-157.754730216000,21.310651287000,622.0789795
292,1435,2174.684,399,C, ,1,3-3-,2174.654955,4,-157.754729529999,21.310732581000,627.5079956
293,1435,2174.684,399,C, ,1,3-3-,2174.654955,4,-157.754777361000,21.310787138000,630.2189941
294,1435,2174.684,399,C, ,1,3-3-,2174.654955,4,-157.754789071999,21.311252461000,653.4229736
295,1435,2174.684,399,C, ,1,3-3-,2174.654955,4,-157.754730706999,21.311459795000,667.4180298
296,1435,2174.684,399,C, ,1,3-3-,2174.654955,4,-157.754659373000,21.311626388000,679.21698
297,1435,2174.684,399,C, ,1,3-3-,2174.654955,4,-157.754630055999,21.311811366000,686.6719971
298,1438,1531.802,400,U, ,1,3-3-,1531.778678,5,-157.755862068999,21.303604412000,329.3059998
299,1438,1531.802,400,U, ,1,3-3-,1531.778678,5,-157.755802722999,21.303631069000,331.3439941
300,1438,1531.802,400,U, ,1,3-3-,1531.778678,5,-157.755450368999,21.303980777000,347.5939941
301,1438,1531.802,400,U, ,1,3-3-,1531.778678,5,-157.754992085999,21.304325167000,376.3139954
302,1438,1531.802,400,U, ,1,3-3-,1531.778678,5,-157.754575394000,21.304719556000,404.428009
303,1438,1531.802,400,U, ,1,3-3-,1531.778678,5,-157.754346391000,21.304862399000,415.7890015
304,1438,1531.802,400,U, ,1,3-3-,1531.778678,5,-157.753911996999,21.305080503000,442.6830139
305,1438,1531.802,400,U, ,1,3-3-,1531.778678,5,-157.753776571999,21.305147253000,450.6239929
306,1438,1531.802,400,U, ,1,3-3-,1531.778678,5,-157.753411994999,21.305225848000,466.6940002
307,1438,1531.802,400,U, ,1,3-3-,1531.778678,5,-157.753265539000,21.305301550000,471.355011
308,1438,1531.802,400,U, ,1,3-3-,1531.778678,5,-157.753018311999,21.305471345000,485.4379883
309,1438,1531.802,400,U, ,1,3-3-,1531.778678,5,-157.752836070999,21.305646150000,495.696991
310,1438,1531.802,400,U, ,1,3-3-,1531.778678,5,-157.752801602000,21.305727200000,497.756012
311,1438,1531.802,400,U, ,1,3-3-,1531.778678,5,-157.752766046000,21.305799205000,501.0759888
312,1438,1531.802,400,U, ,1,3-3-,1531.778678,5,-157.752713548000,21.306011107000,513.0939941
313,1438,1531.802,400,U, ,1,3-3-,1531.778678,5,-157.752678198000,21.306069563000,516.3670044
314,1438,1531.802,400,U, ,1,3-3-,1531.778678,5,-157.752665820999,21.306114633000,518.0100098
315,1438,1531.802,400,U, ,1,3-3-,1531.778678,5,-157.752589973999,21.306236022000,519.1359863
316,1438,1531.802,400,U, ,1,3-3-,1531.778678,5,-157.752571759999,21.306258480000,520.1779785
317,1439,1007.403,399,U, ,1,3-3-,1007.388922,6,-157.755862068999,21.303604412000,329.3059998
318,1439,1007.403,399,U, ,1,3-3-,1007.388922,6,-157.755908922000,21.303916412000,340.9450073
319,1439,1007.403,399,U, ,1,3-3-,1007.388922,6,-157.755897605999,21.304097008000,345.32901
320,1439,1007.403,399,U, ,1,3-3-,1007.388922,6,-157.755868112000,21.304169054000,347.2229919
321,1439,1007.403,399,U, ,1,3-3-,1007.388922,6,-157.755774008999,21.304340002000,350.8210144
322,1439,1007.403,399,U, ,1,3-3-,1007.388922,6,-157.755591772999,21.304514799000,356.7680054
323,1439,1007.403,399,U, ,1,3-3-,1007.388922,6,-157.755510054000,21.304636148000,360.072998
324,1439,1007.403,399,U, ,1,3-3-,1007.388922,6,-157.755422070000,21.304771006000,362.4289856
325,1439,1007.403,399,U, ,1,3-3-,1007.388922,6,-157.755392953000,21.304946941000,368.7739868
326,1439,1007.403,399,U, ,1,3-3-,1007.388922,6,-157.755386136999,21.305181772000,381.0350037
327,1439,1007.403,399,U, ,1,3-3-,1007.388922,6,-157.755422258000,21.305322058000,389.1470032
328,1439,1007.403,399,U, ,1,3-3-,1007.388922,6,-157.755445852000,21.305376429000,392.053009
329,1439,1007.403,399,U, ,1,3-3-,1007.388922,6,-157.755486071000,21.305480623000,398.8919983
330,1439,1007.403,399,U, ,1,3-3-,1007.388922,6,-157.755469352000,21.305597928000,404.5870056
331,1439,1007.403,399,U, ,1,3-3-,1007.388922,6,-157.755445253000,21.305737771000,410.5050049
332,1439,1007.403,399,U, ,1,3-3-,1007.388922,6,-157.755369142000,21.305908852000,417.2730103
333,1439,1007.403,399,U, ,1,3-3-,1007.388922,6,-157.755298046999,21.306043831000,421.6140137
334,1439,1007.403,399,U, ,1,3-3-,1007.388922,6,-157.755228695999,21.306124616000,425.1149902
335,1439,1007.403,399,U, ,1,3-3-,1007.388922,6,-157.755195985000,21.306142440000,425.1539917
336,1442,10705.506,422,C, ,1,3-3-,10705.3293,7,-157.752329562000,21.294133518000,242.5370026
337,1442,10705.506,422,C, ,1,3-3-,10705.3293,7,-157.752169906000,21.294204599000,245.3399963
338,1442,10705.506,422,C, ,1,3-3-,10705.3293,7,-157.751770496999,21.294269386000,267.6839905
339,1442,10705.506,422,C, ,1,3-3-,10705.3293,7,-157.751616898999,21.294340517000,276.6340027
340,1442,10705.506,422,C, ,1,3-3-,10705.3293,7,-157.751505334000,21.294416474000,280.4930115
341,1442,10705.506,422,C, ,1,3-3-,10705.3293,7,-157.751428620000,21.294510754000,279.447998
342,1442,10705.506,422,C, ,1,3-3-,10705.3293,7,-157.751329983000,21.294650047000,283.4230042
343,1442,10705.506,422,C, ,1,3-3-,10705.3293,7,-157.750882735999,21.295102927000,322.2250061
344,1442,10705.506,422,C, ,1,3-3-,10705.3293,7,-157.750712018000,21.295201023000,327.0899963
345,1442,10705.506,422,C, ,1,3-3-,10705.3293,7,-157.750659796000,21.295250325000,326.7659912
346,1442,10705.506,422,C, ,1,3-3-,10705.3293,7,-157.750565341999,21.295303822000,331.3420105
347,1442,10705.506,422,C, ,1,3-3-,10705.3293,7,-157.750424493999,21.295433760000,342.7829895
348,1442,10705.506,422,C, ,1,3-3-,10705.3293,7,-157.750313158000,21.295482618000,348.6099854
349,1442,10705.506,422,C, ,1,3-3-,10705.3293,7,-157.750277847999,21.295518492000,351.0429993
350,1442,10705.506,422,C, ,1,3-3-,10705.3293,7,-157.750219552000,21.295576775000,351.3649902
351,1442,10705.506,422,C, ,1,3-3-,10705.3293,7,-157.750107955000,21.295670808000,359.6600037
352,1442,10705.506,422,C, ,1,3-3-,10705.3293,7,-157.749867201999,21.295930991000,374.4309998
353,1442,10705.506,422,C, ,1,3-3-,10705.3293,7,-157.749707875000,21.296241472000,383.1229858
354,1442,10705.506,422,C, ,1,3-3-,10705.3293,7,-157.749696561999,21.296309137000,384.8829956
355,1442,10705.506,422,C, ,1,3-3-,10705.3293,7,-157.749690587999,21.296584620000,401.1799927
356,1442,10705.506,422,C, ,1,3-3-,10705.3293,7,-157.749667181999,21.296638653000,404.9710083
357,1442,10705.506,422,C, ,1,3-3-,10705.3293,7,-157.749660656999,21.296697314000,409.2650146
358,1442,10705.506,422,C, ,1,3-3-,10705.3293,7,-157.749614264000,21.296773754000,414.6080017
359,1442,10705.506,422,C, ,1,3-3-,10705.3293,7,-157.749567175000,21.296936017000,428.7160034
360,1442,10705.506,422,C, ,1,3-3-,10705.3293,7,-157.749526640999,21.297021530000,436.9240112
361,1442,10705.506,422,C, ,1,3-3-,10705.3293,7,-157.749466815000,21.297115940000,445.1849976
362,1442,10705.506,422,C, ,1,3-3-,10705.3293,7,-157.749444256999,21.297210621000,452.6679993
363,1442,10705.506,422,C, ,1,3-3-,10705.3293,7,-157.749367089999,21.297354588000,465.8789978
364,1442,10705.506,422,C, ,1,3-3-,10705.3293,7,-157.749243744000,21.297556930000,483.644989
365,1442,10705.506,422,C, ,1,3-3-,10705.3293,7,-157.749038081999,21.297799301000,510.8399963
366,1442,10705.506,422,C, ,1,3-3-,10705.3293,7,-157.748973895000,21.297974978000,518.5859985
367,1442,10705.506,422,C, ,1,3-3-,10705.3293,7,-157.748962382000,21.298051675000,519.940979
368,1442,10705.506,422,C, ,1,3-3-,10705.3293,7,-157.748903151999,21.298227391000,525.8549805
369,1442,10705.506,422,C, ,1,3-3-,10705.3293,7,-157.748861782999,21.298263223000,529.4879761
370,1442,10705.506,422,C, ,1,3-3-,10705.3293,7,-157.748797184000,21.298357593000,536.1929932
371,1442,10705.506,422,C, ,1,3-3-,10705.3293,7,-157.748738879999,21.298420391000,540.7769775
372,1442,10705.506,422,C, ,1,3-3-,10705.3293,7,-157.748674058000,21.298537343000,547.4719849
373,1442,10705.506,422,C, ,1,3-3-,10705.3293,7,-157.748668618000,21.298605059000,547.0380249
374,1442,10705.506,422,C, ,1,3-3-,10705.3293,7,-157.748532868000,21.298974423000,558.3359985
375,1442,10705.506,422,C, ,1,3-3-,10705.3293,7,-157.748503585999,21.299028404000,560.7260132
376,1442,10705.506,422,C, ,1,3-3-,10705.3293,7,-157.748327665000,21.299591696000,579.3770142
377,1442,10705.506,422,C, ,1,3-3-,10705.3293,7,-157.748169767999,21.300028655000,617.2050171
378,1442,10705.506,422,C, ,1,3-3-,10705.3293,7,-157.748098663000,21.300168147000,630.2109985
379,1442,10705.506,422,C, ,1,3-3-,10705.3293,7,-157.748087387999,21.300213229000,633.1259766
380,1442,10705.506,422,C, ,1,3-3-,10705.3293,7,-157.748075010000,21.300258299000,637.2600098
381,1442,10705.506,422,C, ,1,3-3-,10705.3293,7,-157.748011042999,21.300411394000,650.5679932
382,1442,10705.506,422,C, ,1,3-3-,10705.3293,7,-157.747976098000,21.300555671000,658.2940063
383,1442,10705.506,422,C, ,1,3-3-,10705.3293,7,-157.747851843000,21.300857371000,678.3049927
384,1442,10705.506,422,C, ,1,3-3-,10705.3293,7,-157.747840566999,21.300902454000,680.1389771
385,1442,10705.506,422,C, ,1,3-3-,10705.3293,7,-157.747764007000,21.301118695000,694.0960083
386,1442,10705.506,422,C, ,1,3-3-,10705.3293,7,-157.747693282999,21.301357558000,704.2269897
387,1442,10705.506,422,C, ,1,3-3-,10705.3293,7,-157.747711624000,21.301475130000,706.6119995
388,1442,10705.506,422,C, ,1,3-3-,10705.3293,7,-157.747734516999,21.301615323000,709.664978
389,1442,10705.506,422,C, ,1,3-3-,10705.3293,7,-157.747705034999,21.301678336000,710.309021
390,1442,10705.506,422,C, ,1,3-3-,10705.3293,7,-157.747629807000,21.301759076000,714.2119751
391,1442,10705.506,422,C, ,1,3-3-,10705.3293,7,-157.747376320999,21.301942380000,733.4819946
392,1442,10705.506,422,C, ,1,3-3-,10705.3293,7,-157.747264712000,21.302040914000,747.4060059
393,1442,10705.506,422,C, ,1,3-3-,10705.3293,7,-157.747123659000,21.302179882000,760.8339844
394,1442,10705.506,422,C, ,1,3-3-,10705.3293,7,-157.747082876999,21.302301536000,763.9920044
395,1442,10705.506,422,C, ,1,3-3-,10705.3293,7,-157.747029343000,21.302364373000,771.5159912
396,1442,10705.506,422,C, ,1,3-3-,10705.3293,7,-157.746930485000,21.302521727000,782.8980103
397,1442,10705.506,422,C, ,1,3-3-,10705.3293,7,-157.746871281000,21.302679367000,793.0770264
398,1442,10705.506,422,C, ,1,3-3-,10705.3293,7,-157.746865855999,21.302738050000,794.5170288
399,1442,10705.506,422,C, ,1,3-3-,10705.3293,7,-157.746824217000,21.302823561000,800.2160034
400,1442,10705.506,422,C, ,1,3-3-,10705.3293,7,-157.746818300999,21.302954496000,804.0780029
401,1442,10705.506,422,C, ,1,3-3-,10705.3293,7,-157.746788603999,21.303035585000,808.9260254
402,1442,10705.506,422,C, ,1,3-3-,10705.3293,7,-157.746730216000,21.303251949000,826.0159912
403,1442,10705.506,422,C, ,1,3-3-,10705.3293,7,-157.746695254000,21.303405260000,836.8790283
404,1442,10705.506,422,C, ,1,3-3-,10705.3293,7,-157.746653573000,21.303621758000,849.7109985
405,1442,10705.506,422,C, ,1,3-3-,10705.3293,7,-157.746572474999,21.303806344000,862.0139771
406,1442,10705.506,422,C, ,1,3-3-,10705.3293,7,-157.746542895999,21.304031968000,874.3889771
407,1442,10705.506,422,C, ,1,3-3-,10705.3293,7,-157.746519232999,21.304126636000,881.0419922
408,1442,10705.506,422,C, ,1,3-3-,10705.3293,7,-157.746489470000,21.304352260000,899.4210205
409,1442,10705.506,422,C, ,1,3-3-,10705.3293,7,-157.746466416999,21.304519213000,914.4099731
410,1442,10705.506,422,C, ,1,3-3-,10705.3293,7,-157.746477851000,21.304596074000,917.4869995
411,1442,10705.506,422,C, ,1,3-3-,10705.3293,7,-157.746478031999,21.304704488000,923.7379761
412,1442,10705.506,422,C, ,1,3-3-,10705.3293,7,-157.746542698000,21.304894673000,930.9520264
413,1442,10705.506,422,C, ,1,3-3-,10705.3293,7,-157.746683593000,21.305062842000,929.9290161
414,1442,10705.506,422,C, ,1,3-3-,10705.3293,7,-157.746742675999,21.305189756000,933.5880127
415,1442,10705.506,422,C, ,1,3-3-,10705.3293,7,-157.746772475999,21.305370649000,943.4710083
416,1442,10705.506,422,C, ,1,3-3-,10705.3293,7,-157.746713255000,21.305537333000,955.4310303
417,1442,10705.506,422,C, ,1,3-3-,10705.3293,7,-157.746671853999,21.305591220000,958.4370117
418,1442,10705.506,422,C, ,1,3-3-,10705.3293,7,-157.746531027000,21.305703099000,967.90802
419,1442,10705.506,422,C, ,1,3-3-,10705.3293,7,-157.746448469000,21.305774752000,974.0939941
420,1442,10705.506,422,C, ,1,3-3-,10705.3293,7,-157.746384094999,21.305842024000,979.7639771
421,1442,10705.506,422,C, ,1,3-3-,10705.3293,7,-157.746319432000,21.306076412000,985.4400024
422,1442,10705.506,422,C, ,1,3-3-,10705.3293,7,-157.746296214000,21.306125917000,988.1710205
423,1442,10705.506,422,C, ,1,3-3-,10705.3293,7,-157.746284722000,21.306189075000,990.1459961
424,1442,10705.506,422,C, ,1,3-3-,10705.3293,7,-157.746296908999,21.306469207000,996.5050049
425,1442,10705.506,422,C, ,1,3-3-,10705.3293,7,-157.746214046000,21.306717009000,1003.549988
426,1442,10705.506,422,C, ,1,3-3-,10705.3293,7,-157.746184563000,21.306780021000,1004.73999
427,1442,10705.506,422,C, ,1,3-3-,10705.3293,7,-157.746143176000,21.306824886000,1010.059998
428,1442,10705.506,422,C, ,1,3-3-,10705.3293,7,-157.745925956999,21.307157511000,1038
429,1442,10705.506,422,C, ,1,3-3-,10705.3293,7,-157.745908391999,21.307229649000,1041.76001
430,1442,10705.506,422,C, ,1,3-3-,10705.3293,7,-157.745849875999,21.307305995000,1050.050049
431,1442,10705.506,422,C, ,1,3-3-,10705.3293,7,-157.745844419000,21.307382743000,1054.02002
432,1442,10705.506,422,C, ,1,3-3-,10705.3293,7,-157.745821000999,21.307441281000,1058.709961
433,1442,10705.506,422,C, ,1,3-3-,10705.3293,7,-157.745785130999,21.307693961000,1069.189941
434,1442,10705.506,422,C, ,1,3-3-,10705.3293,7,-157.745761861999,21.307878969000,1076.130005
435,1442,10705.506,422,C, ,1,3-3-,10705.3293,7,-157.745744257000,21.307973689000,1080.579956
436,1442,10705.506,422,C, ,1,3-3-,10705.3293,7,-157.745749724000,21.308317007000,1102.410034
437,1442,10705.506,422,C, ,1,3-3-,10705.3293,7,-157.745773893000,21.308461729000,1110.949951
438,1442,10705.506,422,C, ,1,3-3-,10705.3293,7,-157.745797490999,21.308511596000,1112.650024
439,1442,10705.506,422,C, ,1,3-3-,10705.3293,7,-157.745796815000,21.308583857000,1116.5
440,1442,10705.506,422,C, ,1,3-3-,10705.3293,7,-157.745820376000,21.308656295000,1119.060059
441,1442,10705.506,422,C, ,1,3-3-,10705.3293,7,-157.745821008000,21.308715020000,1122.180054
442,1442,10705.506,422,C, ,1,3-3-,10705.3293,7,-157.745861853999,21.308877930000,1127.369995
443,1442,10705.506,422,C, ,1,3-3-,10705.3293,7,-157.745891510999,21.308927837000,1128.849976
444,1442,10705.506,422,C, ,1,3-3-,10705.3293,7,-157.745950341999,21.309095398000,1140.5
445,1442,10705.506,422,C, ,1,3-3-,10705.3293,7,-157.745974124000,21.309145265000,1143.439941
446,1442,10705.506,422,C, ,1,3-3-,10705.3293,7,-157.745979530000,21.309204019000,1147.359985
447,1442,10705.506,422,C, ,1,3-3-,10705.3293,7,-157.745979599000,21.309484067000,1163.229981
448,1442,10705.506,422,C, ,1,3-3-,10705.3293,7,-157.745932755000,21.309605669000,1171.75
449,1442,10705.506,422,C, ,1,3-3-,10705.3293,7,-157.745867671000,21.309763267000,1183.969971
450,1442,10705.506,422,C, ,1,3-3-,10705.3293,7,-157.745767537000,21.309911575000,1204.229981
451,1442,10705.506,422,C, ,1,3-3-,10705.3293,7,-157.745756846000,21.310042480000,1212.609985
452,1442,10705.506,422,C, ,1,3-3-,10705.3293,7,-157.745709303000,21.310249903000,1225.630005
453,1442,10705.506,422,C, ,1,3-3-,10705.3293,7,-157.745703185999,21.310389880000,1229.560059
454,1442,10705.506,422,C, ,1,3-3-,10705.3293,7,-157.745680526000,21.310647162000,1235.959961
455,1442,10705.506,422,C, ,1,3-3-,10705.3293,7,-157.745679695999,21.311022052000,1250.369995
456,1442,10705.506,422,C, ,1,3-3-,10705.3293,7,-157.745674847999,21.311171075000,1257.780029
457,1442,10705.506,422,C, ,1,3-3-,10705.3293,7,-157.745650702000,21.311758081000,1267
458,1442,10705.506,422,C, ,1,3-3-,10705.3293,7,-157.745621379999,21.311938531000,1269.890015
459,1442,10705.506,422,C, ,1,3-3-,10705.3293,7,-157.745598578999,21.312064826000,1272.849976
460,1442,10705.506,422,C, ,1,3-3-,10705.3293,7,-157.745563218999,21.312127797000,1275.27002
461,1442,10705.506,422,C, ,1,3-3-,10705.3293,7,-157.745551710000,21.312199988000,1277.959961
462,1442,10705.506,422,C, ,1,3-3-,10705.3293,7,-157.745509854000,21.312303554000,1282.319946
463,1442,10705.506,422,C, ,1,3-3-,10705.3293,7,-157.745439194999,21.312393365000,1285.900024
464,1442,10705.506,422,C, ,1,3-3-,10705.3293,7,-157.745398415000,21.312510503000,1290.479981
465,1442,10705.506,422,C, ,1,3-3-,10705.3293,7,-157.745098350999,21.313072862000,1305.76001
466,1442,10705.506,422,C, ,1,3-3-,10705.3293,7,-157.745093109000,21.313131535000,1308.459961
467,1442,10705.506,422,C, ,1,3-3-,10705.3293,7,-157.745039579000,21.313189855000,1311.369995
468,1442,10705.506,422,C, ,1,3-3-,10705.3293,7,-157.744958308999,21.313257003000,1317.109985
469,1442,10705.506,422,C, ,1,3-3-,10705.3293,7,-157.744840447999,21.313355496000,1327.430054
470,1442,10705.506,422,C, ,1,3-3-,10705.3293,7,-157.744681587999,21.313485293000,1342.02002
471,1442,10705.506,422,C, ,1,3-3-,10705.3293,7,-157.744617010000,21.313561597000,1348.640015
472,1442,10705.506,422,C, ,1,3-3-,10705.3293,7,-157.744522469000,21.313764141000,1354.050049
473,1442,10705.506,422,C, ,1,3-3-,10705.3293,7,-157.744494014999,21.313867813000,1358.75
474,1442,10705.506,422,C, ,1,3-3-,10705.3293,7,-157.744494163000,21.313994293000,1361.219971
475,1442,10705.506,422,C, ,1,3-3-,10705.3293,7,-157.744517553999,21.314057698000,1360.300049
476,1442,10705.506,422,C, ,1,3-3-,10705.3293,7,-157.744517150000,21.314396458000,1372.969971
477,1442,10705.506,422,C, ,1,3-3-,10705.3293,7,-157.744517274999,21.314536477000,1376.229981
478,1442,10705.506,422,C, ,1,3-3-,10705.3293,7,-157.744458086999,21.314680577000,1381.709961
479,1442,10705.506,422,C, ,1,3-3-,10705.3293,7,-157.744405833999,21.314743415000,1383.790039
480,1442,10705.506,422,C, ,1,3-3-,10705.3293,7,-157.744112373000,21.315093534000,1416.849976
481,1442,10705.506,422,C, ,1,3-3-,10705.3293,7,-157.744052750999,21.315169877000,1421.849976
482,1442,10705.506,422,C, ,1,3-3-,10705.3293,7,-157.743918581000,21.315354058000,1427.810059
483,1442,10705.506,422,C, ,1,3-3-,10705.3293,7,-157.743912077000,21.315399179000,1426.400024
484,1442,10705.506,422,C, ,1,3-3-,10705.3293,7,-157.743882869000,21.315724175000,1428.119995
485,1442,10705.506,422,C, ,1,3-3-,10705.3293,7,-157.743871328000,21.315814420000,1431.780029
486,1442,10705.506,422,C, ,1,3-3-,10705.3293,7,-157.743865878000,21.315886652000,1434.810059
487,1442,10705.506,422,C, ,1,3-3-,10705.3293,7,-157.743817960000,21.315990176000,1440.219971
488,1442,10705.506,422,C, ,1,3-3-,10705.3293,7,-157.743736382000,21.316233473000,1457.119995
489,1442,10705.506,422,C, ,1,3-3-,10705.3293,7,-157.743712953999,21.316296537000,1461.079956
490,1442,10705.506,422,C, ,1,3-3-,10705.3293,7,-157.743659823999,21.316440668000,1465.790039
491,1442,10705.506,422,C, ,1,3-3-,10705.3293,7,-157.743653904000,21.316571612000,1468.219971
492,1442,10705.506,422,C, ,1,3-3-,10705.3293,7,-157.743677797000,21.316874419000,1480.729981
493,1442,10705.506,422,C, ,1,3-3-,10705.3293,7,-157.743754335999,21.317100828000,1491.01001
494,1442,10705.506,422,C, ,1,3-3-,10705.3293,7,-157.743777712999,21.317173276000,1493.829956
495,1442,10705.506,422,C, ,1,3-3-,10705.3293,7,-157.743812319999,21.317227741000,1496.27002
496,1442,10705.506,422,C, ,1,3-3-,10705.3293,7,-157.743817933000,21.317272946000,1498.949951
497,1442,10705.506,422,C, ,1,3-3-,10705.3293,7,-157.743836759000,21.317322773000,1501.48999
498,1442,10705.506,422,C, ,1,3-3-,10705.3293,7,-157.743854274999,21.317386136000,1504.280029
499,1442,10705.506,422,C, ,1,3-3-,10705.3293,7,-157.743889308000,21.317512874000,1508.829956
500,1442,10705.506,422,C, ,1,3-3-,10705.3293,7,-157.743930471999,21.317915175000,1524.319946
501,1442,10705.506,422,C, ,1,3-3-,10705.3293,7,-157.743918024000,21.318104789000,1536.540039
502,1442,10705.506,422,C, ,1,3-3-,10705.3293,7,-157.743930898999,21.318303616000,1543.469971
503,1442,10705.506,422,C, ,1,3-3-,10705.3293,7,-157.743877983000,21.318429692000,1551.030029
504,1442,10705.506,422,C, ,1,3-3-,10705.3293,7,-157.743860407000,21.318506347000,1556.209961
505,1442,10705.506,422,C, ,1,3-3-,10705.3293,7,-157.743841736999,21.318578484000,1561.140015
506,1442,10705.506,422,C, ,1,3-3-,10705.3293,7,-157.743825208000,21.318686755000,1569.609985
507,1442,10705.506,422,C, ,1,3-3-,10705.3293,7,-157.743801735000,21.318880805000,1583.390015
508,1442,10705.506,422,C, ,1,3-3-,10705.3293,7,-157.743754424000,21.319056602000,1590.98999
509,1442,10705.506,422,C, ,1,3-3-,10705.3293,7,-157.743713412000,21.319200837000,1596.300049
510,1442,10705.506,422,C, ,1,3-3-,10705.3293,7,-157.743619319999,21.319353702000,1607.130005
511,1442,10705.506,422,C, ,1,3-3-,10705.3293,7,-157.743554722999,21.319439038000,1620.849976
512,1442,10705.506,422,C, ,1,3-3-,10705.3293,7,-157.743531493999,21.319493069000,1625.719971
513,1442,10705.506,422,C, ,1,3-3-,10705.3293,7,-157.743524989000,21.319538191000,1628.869995
514,1442,10705.506,422,C, ,1,3-3-,10705.3293,7,-157.743477737999,21.319573970000,1635.569946
515,1442,10705.506,422,C, ,1,3-3-,10705.3293,7,-157.743431119000,21.319668474000,1647.400024
516,1442,10705.506,422,C, ,1,3-3-,10705.3293,7,-157.743419816999,21.319727104000,1651.040039
517,1442,10705.506,422,C, ,1,3-3-,10705.3293,7,-157.743424825000,21.320120101000,1664.640015
518,1442,10705.506,422,C, ,1,3-3-,10705.3293,7,-157.743443157000,21.320242201000,1668.719971
519,1442,10705.506,422,C, ,1,3-3-,10705.3293,7,-157.743466441000,21.320472722000,1684.390015
520,1564,1317.995,422,U, ,1,3-3-,1317.983294,8,-157.755407138000,21.292954846000,116.7440033
521,1564,1317.995,422,U, ,1,3-3-,1317.983294,8,-157.755143022999,21.293138085000,122.7269974
522,1564,1317.995,422,U, ,1,3-3-,1317.983294,8,-157.754842784999,21.293293955000,139.9369965
523,1564,1317.995,422,U, ,1,3-3-,1317.983294,8,-157.754725570000,21.293347282000,142.8419952
524,1564,1317.995,422,U, ,1,3-3-,1317.983294,8,-157.754601474999,21.293341852000,144.4539948
525,1564,1317.995,422,U, ,1,3-3-,1317.983294,8,-157.754490804000,21.293322956000,145.1589966
526,1564,1317.995,422,U, ,1,3-3-,1317.983294,8,-157.754379083999,21.293272444000,146.5650024
527,1564,1317.995,422,U, ,1,3-3-,1317.983294,8,-157.754278609000,21.293194915000,149.6710052
528,1564,1317.995,422,U, ,1,3-3-,1317.983294,8,-157.753985414999,21.293088852000,159.6150055
529,1564,1317.995,422,U, ,1,3-3-,1317.983294,8,-157.753696966000,21.293000893000,174.1660004
530,1564,1317.995,422,U, ,1,3-3-,1317.983294,8,-157.753402843999,21.293012266000,187.5200043
531,1564,1317.995,422,U, ,1,3-3-,1317.983294,8,-157.753262680000,21.293065429000,192.5720062
532,1564,1317.995,422,U, ,1,3-3-,1317.983294,8,-157.753180329000,21.293128053000,195.1029968
533,1564,1317.995,422,U, ,1,3-3-,1317.983294,8,-157.753033598000,21.293375391000,208.201004
534,1564,1317.995,422,U, ,1,3-3-,1317.983294,8,-157.752927857000,21.293483005000,217.2740021
535,1564,1317.995,422,U, ,1,3-3-,1317.983294,8,-157.752874114000,21.293563910000,222.348999
536,1564,1317.995,422,U, ,1,3-3-,1317.983294,8,-157.752821909000,21.293604180000,227.3829956
537,1564,1317.995,422,U, ,1,3-3-,1317.983294,8,-157.752751254000,21.293698512000,232.3999939
538,1564,1317.995,422,U, ,1,3-3-,1317.983294,8,-157.752715899999,21.293761485000,234.427002
539,1564,1317.995,422,U, ,1,3-3-,1317.983294,8,-157.752675130999,21.293878616000,234.2859955
540,1564,1317.995,422,U, ,1,3-3-,1317.983294,8,-157.752586079999,21.293995395000,236.6119995
541,1564,1317.995,422,U, ,1,3-3-,1317.983294,8,-157.752527984000,21.294044645000,237.7969971
542,1564,1317.995,422,U, ,1,3-3-,1317.983294,8,-157.752329562000,21.294133518000,242.5370026
543,1565,4019.666,421,U, ,1,3-3-,4019.631124,9,-157.755407138000,21.292954846000,116.7440033
544,1565,4019.666,421,U, ,1,3-3-,4019.631124,9,-157.755231162000,21.293680767000,123.7630005
545,1565,4019.666,421,U, ,1,3-3-,4019.631124,9,-157.755196027000,21.293834081000,127.973999
546,1565,4019.666,421,U, ,1,3-3-,4019.631124,9,-157.755189198000,21.294077937000,133.2619934
547,1565,4019.666,421,U, ,1,3-3-,4019.631124,9,-157.755166486000,21.294488804000,142.0630035
548,1565,4019.666,421,U, ,1,3-3-,4019.631124,9,-157.755184211999,21.294538618000,143.2819977
549,1565,4019.666,421,U, ,1,3-3-,4019.631124,9,-157.755189984999,21.294710305000,146.973999
550,1565,4019.666,421,U, ,1,3-3-,4019.631124,9,-157.755224817999,21.294850591000,151.4689941
551,1565,4019.666,421,U, ,1,3-3-,4019.631124,9,-157.755260047999,21.294972802000,155.3410034
552,1565,4019.666,421,U, ,1,3-3-,4019.631124,9,-157.755336742999,21.295443130000,155.7510071
553,1565,4019.666,421,U, ,1,3-3-,4019.631124,9,-157.755384104000,21.295556401000,156.0180054
554,1565,4019.666,421,U, ,1,3-3-,4019.631124,9,-157.755389498999,21.295624188000,156.6519928
555,1565,4019.666,421,U, ,1,3-3-,4019.631124,9,-157.755448524999,21.295900164000,159.0010071
556,1565,4019.666,421,U, ,1,3-3-,4019.631124,9,-157.755454450000,21.296202839000,166.4019928
557,1565,4019.666,421,U, ,1,3-3-,4019.631124,9,-157.755489874999,21.296428939000,172.2879944
558,1565,4019.666,421,U, ,1,3-3-,4019.631124,9,-157.755507349999,21.296519411000,174.3350067
559,1565,4019.666,421,U, ,1,3-3-,4019.631124,9,-157.755530964999,21.296560233000,175.8099976
560,1565,4019.666,421,U, ,1,3-3-,4019.631124,9,-157.755548691000,21.296610048000,176.9750061
561,1565,4019.666,421,U, ,1,3-3-,4019.631124,9,-157.755572282999,21.296664431000,178.5449982
562,1565,4019.666,421,U, ,1,3-3-,4019.631124,9,-157.755601258000,21.296795632000,181.2550049
563,1565,4019.666,421,U, ,1,3-3-,4019.631124,9,-157.755648642000,21.296895353000,185.2279968
564,1565,4019.666,421,U, ,1,3-3-,4019.631124,9,-157.755649462999,21.296954078000,186.7640076
565,1565,4019.666,421,U, ,1,3-3-,4019.631124,9,-157.755672849999,21.297022008000,188.7120056
566,1565,4019.666,421,U, ,1,3-3-,4019.631124,9,-157.755677979000,21.297139475000,190.6130066
567,1565,4019.666,421,U, ,1,3-3-,4019.631124,9,-157.755713224999,21.297252662000,190.6909943
568,1565,4019.666,421,U, ,1,3-3-,4019.631124,9,-157.755713885000,21.297297837000,191.8040009
569,1565,4019.666,421,U, ,1,3-3-,4019.631124,9,-157.755795586000,21.297628169000,193.3849945
570,1565,4019.666,421,U, ,1,3-3-,4019.631124,9,-157.755831018999,21.297849750000,195.0879974
571,1565,4019.666,421,U, ,1,3-3-,4019.631124,9,-157.755837258000,21.297962723000,196.7079926
572,1565,4019.666,421,U, ,1,3-3-,4019.631124,9,-157.755860608000,21.298053224000,196.5500031
573,1565,4019.666,421,U, ,1,3-3-,4019.631124,9,-157.755954242999,21.298383649000,200.9279938
574,1565,4019.666,421,U, ,1,3-3-,4019.631124,9,-157.756001622000,21.298487886000,202.503006
575,1565,4019.666,421,U, ,1,3-3-,4019.631124,9,-157.756019772000,21.298614489000,207.326004
576,1565,4019.666,421,U, ,1,3-3-,4019.631124,9,-157.756066464000,21.298800030000,216.6069946
577,1565,4019.666,421,U, ,1,3-3-,4019.631124,9,-157.756101433999,21.299080334000,225.1560059
578,1565,4019.666,421,U, ,1,3-3-,4019.631124,9,-157.756090561999,21.299215755000,226.3890076
579,1565,4019.666,421,U, ,1,3-3-,4019.631124,9,-157.756160778000,21.299609235000,233.677002
580,1565,4019.666,421,U, ,1,3-3-,4019.631124,9,-157.756160685999,21.299776363000,235.5090027
581,1565,4019.666,421,U, ,1,3-3-,4019.631124,9,-157.756096442000,21.300101094000,244.4279938
582,1565,4019.666,421,U, ,1,3-3-,4019.631124,9,-157.756096143000,21.300281760000,249.6829987
583,1565,4019.666,421,U, ,1,3-3-,4019.631124,9,-157.756073351999,21.300408067000,251.9160004
584,1565,4019.666,421,U, ,1,3-3-,4019.631124,9,-157.756032341000,21.300561338000,254.7519989
585,1565,4019.666,421,U, ,1,3-3-,4019.631124,9,-157.756025582000,21.300651624000,256.6300049
586,1565,4019.666,421,U, ,1,3-3-,4019.631124,9,-157.755996511999,21.300800460000,261.7640076
587,1565,4019.666,421,U, ,1,3-3-,4019.631124,9,-157.755944204000,21.301012364000,266.6849976
588,1565,4019.666,421,U, ,1,3-3-,4019.631124,9,-157.755902735000,21.301219831000,269.5350037
589,1565,4019.666,421,U, ,1,3-3-,4019.631124,9,-157.755902214999,21.301423079000,271.1130066
590,1565,4019.666,421,U, ,1,3-3-,4019.631124,9,-157.755920822000,21.301495486000,273.197998
591,1565,4019.666,421,U, ,1,3-3-,4019.631124,9,-157.755949396000,21.301536358000,274.3349915
592,1565,4019.666,421,U, ,1,3-3-,4019.631124,9,-157.756002247999,21.301550297000,274.6600037
593,1565,4019.666,421,U, ,1,3-3-,4019.631124,9,-157.756090339999,21.301681939000,278.0180054
594,1565,4019.666,421,U, ,1,3-3-,4019.631124,9,-157.756337346000,21.301972842000,287.1549988
595,1565,4019.666,421,U, ,1,3-3-,4019.631124,9,-157.756361563000,21.302094971000,290.2179871
596,1565,4019.666,421,U, ,1,3-3-,4019.631124,9,-157.756338142000,21.302158037000,290.428009
597,1565,4019.666,421,U, ,1,3-3-,4019.631124,9,-157.756326167999,21.302293457000,294.4490051
598,1565,4019.666,421,U, ,1,3-3-,4019.631124,9,-157.756325483000,21.302374751000,296.6180115
599,1565,4019.666,421,U, ,1,3-3-,4019.631124,9,-157.756284462999,21.302532539000,301.1690063
600,1565,4019.666,421,U, ,1,3-3-,4019.631124,9,-157.756249982000,21.302622611000,303.9370117
601,1565,4019.666,421,U, ,1,3-3-,4019.631124,9,-157.756197111999,21.302730627000,308.1099854
602,1565,4019.666,421,U, ,1,3-3-,4019.631124,9,-157.756138579000,21.302820535000,310.9100037
603,1565,4019.666,421,U, ,1,3-3-,4019.631124,9,-157.756115165000,21.302879074000,312.6749878
604,1565,4019.666,421,U, ,1,3-3-,4019.631124,9,-157.756056397000,21.303000598000,314.0409851
605,1565,4019.666,421,U, ,1,3-3-,4019.631124,9,-157.756009159999,21.303031864000,314.6409912
606,1565,4019.666,421,U, ,1,3-3-,4019.631124,9,-157.755920478000,21.303257048000,317.1849976
607,1565,4019.666,421,U, ,1,3-3-,4019.631124,9,-157.755891405999,21.303405884000,320.9620056
608,1565,4019.666,421,U, ,1,3-3-,4019.631124,9,-157.755885940000,21.303491667000,323.70401
609,1565,4019.666,421,U, ,1,3-3-,4019.631124,9,-157.755862068999,21.303604412000,329.3059998
610,1583,5466.487,463,U, ,1,3-3-,5466.4888,10,-157.751225379000,21.279346103000,0.98941
611,1583,5466.487,463,U, ,1,3-3-,5466.4888,10,-157.751248946000,21.279414035000,1.00603
612,1583,5466.487,463,U, ,1,3-3-,5466.4888,10,-157.751290264000,21.279513717000,1.0305901
613,1583,5466.487,463,U, ,1,3-3-,5466.4888,10,-157.751313831000,21.279581638000,1.04327
614,1583,5466.487,463,U, ,1,3-3-,5466.4888,10,-157.751349535000,21.279636104000,1.0668499
615,1583,5466.487,463,U, ,1,3-3-,5466.4888,10,-157.751361199999,21.279685878000,1.06523
616,1583,5466.487,463,U, ,1,3-3-,5466.4888,10,-157.751408591999,21.279776567000,1.0877
617,1583,5466.487,463,U, ,1,3-3-,5466.4888,10,-157.751431094999,21.279821905000,1.09879
618,1583,5466.487,463,U, ,1,3-3-,5466.4888,10,-157.751472199999,21.279939652000,1.1037101
619,1583,5466.487,463,U, ,1,3-3-,5466.4888,10,-157.751519806999,21.280012277000,1.12839
620,1583,5466.487,463,U, ,1,3-3-,5466.4888,10,-157.751584914000,21.280157297000,1.1467
621,1583,5466.487,463,U, ,1,3-3-,5466.4888,10,-157.751602208999,21.280243243000,1.14881
622,1583,5466.487,463,U, ,1,3-3-,5466.4888,10,-157.751666284000,21.280347615000,1.2089601
623,1583,5466.487,463,U, ,1,3-3-,5466.4888,10,-157.751677926000,21.280410937000,1.2434601
624,1583,5466.487,463,U, ,1,3-3-,5466.4888,10,-157.751695465000,21.280460752000,1.2769001
625,1583,5466.487,463,U, ,1,3-3-,5466.4888,10,-157.751742826999,21.280569508000,1.52837
626,1583,5466.487,463,U, ,1,3-3-,5466.4888,10,-157.751790432999,21.280642132000,1.77393
627,1583,5466.487,463,U, ,1,3-3-,5466.4888,10,-157.751807965000,21.280696463000,2.1217401
628,1583,5466.487,463,U, ,1,3-3-,5466.4888,10,-157.751848434999,21.280755484000,2.4718299
629,1583,5466.487,463,U, ,1,3-3-,5466.4888,10,-157.751889755000,21.280855155000,3.42873
630,1583,5466.487,463,U, ,1,3-3-,5466.4888,10,-157.751937338999,21.280941328000,4.1355801
631,1583,5466.487,463,U, ,1,3-3-,5466.4888,10,-157.751948806000,21.281000134000,4.9011502
632,1583,5466.487,463,U, ,1,3-3-,5466.4888,10,-157.751990347000,21.281077234000,5.2487102
633,1583,5466.487,463,U, ,1,3-3-,5466.4888,10,-157.752254329000,21.281621223000,5.1831298
634,1583,5466.487,463,U, ,1,3-3-,5466.4888,10,-157.752259936000,21.281670944000,5.5574598
635,1583,5466.487,463,U, ,1,3-3-,5466.4888,10,-157.752289775000,21.281720852000,5.0614901
636,1583,5466.487,463,U, ,1,3-3-,5466.4888,10,-157.752319193999,21.281802375000,4.9716401
637,1583,5466.487,463,U, ,1,3-3-,5466.4888,10,-157.752366579000,21.281897581000,5.0690098
638,1583,5466.487,463,U, ,1,3-3-,5466.4888,10,-157.752402063000,21.281974628000,5.0806198
639,1583,5466.487,463,U, ,1,3-3-,5466.4888,10,-157.752442755999,21.282011067000,5.2600899
640,1583,5466.487,463,U, ,1,3-3-,5466.4888,10,-157.752448363000,21.282060800000,5.5492501
641,1583,5466.487,463,U, ,1,3-3-,5466.4888,10,-157.752553758999,21.282264841000,7.12677
642,1583,5466.487,463,U, ,1,3-3-,5466.4888,10,-157.752560453000,21.282323608000,7.5124202
643,1583,5466.487,463,U, ,1,3-3-,5466.4888,10,-157.752677941999,21.282541292000,8.7021999
644,1583,5466.487,463,U, ,1,3-3-,5466.4888,10,-157.752695657999,21.282595623000,8.9247599
645,1583,5466.487,463,U, ,1,3-3-,5466.4888,10,-157.752795424999,21.282763481000,9.6518803
646,1583,5466.487,463,U, ,1,3-3-,5466.4888,10,-157.752812965000,21.282813306000,9.8718901
647,1583,5466.487,463,U, ,1,3-3-,5466.4888,10,-157.752947728999,21.283130485000,14.1463003
648,1583,5466.487,463,U, ,1,3-3-,5466.4888,10,-157.753001188000,21.283216699000,15.1327
649,1583,5466.487,463,U, ,1,3-3-,5466.4888,10,-157.753042722999,21.283298315000,15.3795004
650,1583,5466.487,463,U, ,1,3-3-,5466.4888,10,-157.753088611000,21.283411573000,16.2950001
651,1583,5466.487,463,U, ,1,3-3-,5466.4888,10,-157.753142063000,21.283502304000,16.8400002
652,1583,5466.487,463,U, ,1,3-3-,5466.4888,10,-157.753153728999,21.283552077000,17.6431999
653,1583,5466.487,463,U, ,1,3-3-,5466.4888,10,-157.753177295999,21.283620009000,18.6413994
654,1583,5466.487,463,U, ,1,3-3-,5466.4888,10,-157.753200856000,21.283692458000,18.9556999
655,1583,5466.487,463,U, ,1,3-3-,5466.4888,10,-157.753236570000,21.283742407000,19.4438
656,1583,5466.487,463,U, ,1,3-3-,5466.4888,10,-157.753265988999,21.283823928000,19.7390003
657,1583,5466.487,463,U, ,1,3-3-,5466.4888,10,-157.753318134000,21.283928196000,19.8073997
658,1583,5466.487,463,U, ,1,3-3-,5466.4888,10,-157.753423762000,21.284105138000,19.5370998
659,1583,5466.487,463,U, ,1,3-3-,5466.4888,10,-157.753447343999,21.284164038000,19.4498005
660,1583,5466.487,463,U, ,1,3-3-,5466.4888,10,-157.753518063000,21.284358790000,19.2073002
661,1583,5466.487,463,U, ,1,3-3-,5466.4888,10,-157.753565473000,21.284440447000,19.3106003
662,1583,5466.487,463,U, ,1,3-3-,5466.4888,10,-157.753618681999,21.284567308000,19.4636002
663,1583,5466.487,463,U, ,1,3-3-,5466.4888,10,-157.753636405999,21.284617123000,19.5438995
664,1583,5466.487,463,U, ,1,3-3-,5466.4888,10,-157.753688573000,21.284707852000,19.7980995
665,1583,5466.487,463,U, ,1,3-3-,5466.4888,10,-157.753718198999,21.284775824000,19.9540997
666,1583,5466.487,463,U, ,1,3-3-,5466.4888,10,-157.753753905999,21.284830290000,20.1573009
667,1583,5466.487,463,U, ,1,3-3-,5466.4888,10,-157.753789192999,21.284916369000,20.8792
668,1583,5466.487,463,U, ,1,3-3-,5466.4888,10,-157.753812775999,21.284975268000,21.5198002
669,1583,5466.487,463,U, ,1,3-3-,5466.4888,10,-157.753836123000,21.285065782000,22.4645996
670,1583,5466.487,463,U, ,1,3-3-,5466.4888,10,-157.753859911999,21.285111122000,23.0223999
671,1583,5466.487,463,U, ,1,3-3-,5466.4888,10,-157.753888466999,21.285161017000,23.6718998
672,1583,5466.487,463,U, ,1,3-3-,5466.4888,10,-157.753912049999,21.285219916000,24.3412991
673,1583,5466.487,463,U, ,1,3-3-,5466.4888,10,-157.753959430999,21.285319638000,25.4148998
674,1583,5466.487,463,U, ,1,3-3-,5466.4888,10,-157.754041225000,21.285478339000,27.1658001
675,1583,5466.487,463,U, ,1,3-3-,5466.4888,10,-157.754083404999,21.285614153000,28.8064003
676,1583,5466.487,463,U, ,1,3-3-,5466.4888,10,-157.754129707000,21.285700313000,29.9370995
677,1583,5466.487,463,U, ,1,3-3-,5466.4888,10,-157.754159363000,21.285750220000,30.6706009
678,1583,5466.487,463,U, ,1,3-3-,5466.4888,10,-157.754294375000,21.286031266000,35.7383003
679,1583,5466.487,463,U, ,1,3-3-,5466.4888,10,-157.754358682000,21.286108538000,37.0741997
680,1583,5466.487,463,U, ,1,3-3-,5466.4888,10,-157.754435061000,21.286212991000,37.4599991
681,1583,5466.487,463,U, ,1,3-3-,5466.4888,10,-157.754517972999,21.286362661000,36.2220993
682,1583,5466.487,463,U, ,1,3-3-,5466.4888,10,-157.754646748999,21.286530734000,37.3569984
683,1583,5466.487,463,U, ,1,3-3-,5466.4888,10,-157.754676412999,21.286576124000,37.209301
684,1583,5466.487,463,U, ,1,3-3-,5466.4888,10,-157.755281276000,21.287145213000,43.2700996
685,1583,5466.487,463,U, ,1,3-3-,5466.4888,10,-157.755604503000,21.287400554000,51.8115997
686,1583,5466.487,463,U, ,1,3-3-,5466.4888,10,-157.755634366000,21.287436912000,53.1636009
687,1583,5466.487,463,U, ,1,3-3-,5466.4888,10,-157.755698888000,21.287496108000,54.7571983
688,1583,5466.487,463,U, ,1,3-3-,5466.4888,10,-157.755716619999,21.287541405000,55.0665016
689,1583,5466.487,463,U, ,1,3-3-,5466.4888,10,-157.755770296000,21.287609553000,55.6735992
690,1583,5466.487,463,U, ,1,3-3-,5466.4888,10,-157.755810327000,21.287713748000,56.2984009
691,1583,5466.487,463,U, ,1,3-3-,5466.4888,10,-157.755823072999,21.287777072000,56.3773994
692,1583,5466.487,463,U, ,1,3-3-,5466.4888,10,-157.755875000000,21.287903931000,55.9416008
693,1583,5466.487,463,U, ,1,3-3-,5466.4888,10,-157.755881694999,21.287962698000,55.5750008
694,1583,5466.487,463,U, ,1,3-3-,5466.4888,10,-157.755928621000,21.288116627000,58.1869011
695,1583,5466.487,463,U, ,1,3-3-,5466.4888,10,-157.755969275000,21.288288569000,58.7092018
696,1583,5466.487,463,U, ,1,3-3-,5466.4888,10,-157.755981335999,21.288433188000,59.1567993
697,1583,5466.487,463,U, ,1,3-3-,5466.4888,10,-157.756016573000,21.288550893000,60.0643005
698,1583,5466.487,463,U, ,1,3-3-,5466.4888,10,-157.756040551000,21.288704648000,62.3807983
699,1583,5466.487,463,U, ,1,3-3-,5466.4888,10,-157.756064349000,21.288745471000,63.1352005
700,1583,5466.487,463,U, ,1,3-3-,5466.4888,10,-157.756093031000,21.289052836000,69.7413025
701,1583,5466.487,463,U, ,1,3-3-,5466.4888,10,-157.756117437000,21.289170449000,71.7101974
702,1583,5466.487,463,U, ,1,3-3-,5466.4888,10,-157.756122161999,21.289310509000,74.0608978
703,1583,5466.487,463,U, ,1,3-3-,5466.4888,10,-157.756145725000,21.289382957000,74.8432999
704,1583,5466.487,463,U, ,1,3-3-,5466.4888,10,-157.756198753000,21.289509818000,76.2686005
705,1583,5466.487,463,U, ,1,3-3-,5466.4888,10,-157.756246357999,21.289586957000,78.030899
706,1583,5466.487,463,U, ,1,3-3-,5466.4888,10,-157.756264049999,21.289767770000,79.4494019
707,1583,5466.487,463,U, ,1,3-3-,5466.4888,10,-157.756287399000,21.289858272000,80.017601
708,1583,5466.487,463,U, ,1,3-3-,5466.4888,10,-157.756305131000,21.289903570000,80.3809967
709,1583,5466.487,463,U, ,1,3-3-,5466.4888,10,-157.756310718999,21.289966852000,81.3595963
710,1583,5466.487,463,U, ,1,3-3-,5466.4888,10,-157.756381858999,21.290242911000,86.5882034
711,1583,5466.487,463,U, ,1,3-3-,5466.4888,10,-157.756358102999,21.290622149000,89.185997
712,1583,5466.487,463,U, ,1,3-3-,5466.4888,10,-157.756340505999,21.290716872000,89.9231033
713,1583,5466.487,463,U, ,1,3-3-,5466.4888,10,-157.756316424000,21.290847685000,92.7725983
714,1583,5466.487,463,U, ,1,3-3-,5466.4888,10,-157.756270005999,21.290942193000,94.202301
715,1583,5466.487,463,U, ,1,3-3-,5466.4888,10,-157.756152530999,21.291153617000,95.0626984
716,1583,5466.487,463,U, ,1,3-3-,5466.4888,10,-157.756058725000,21.291261327000,95.7538986
717,1583,5466.487,463,U, ,1,3-3-,5466.4888,10,-157.756017528999,21.291306194000,96.8059998
718,1583,5466.487,463,U, ,1,3-3-,5466.4888,10,-157.755906119000,21.291513143000,99.9442978
719,1583,5466.487,463,U, ,1,3-3-,5466.4888,10,-157.755852795000,21.291675355000,101.7300034
720,1583,5466.487,463,U, ,1,3-3-,5466.4888,10,-157.755771234000,21.291927706000,106.7799988
721,1583,5466.487,463,U, ,1,3-3-,5466.4888,10,-157.755741725999,21.292008786000,107.4499969
722,1583,5466.487,463,U, ,1,3-3-,5466.4888,10,-157.755694231999,21.292198139000,110.6529999
723,1583,5466.487,463,U, ,1,3-3-,5466.4888,10,-157.755518833999,21.292576263000,115.7139969
724,1583,5466.487,463,U, ,1,3-3-,5466.4888,10,-157.755494986999,21.292675461000,115.4300003
725,1583,5466.487,463,U, ,1,3-3-,5466.4888,10,-157.755407138000,21.292954846000,116.7440033
726,1584,960.631,675,U, ,1,3-3-,960.6335124,11,-157.751225379000,21.279346103000,0.98941
727,1584,960.631,675,U, ,1,3-3-,960.6335124,11,-157.751143361999,21.279214509000,0.920139
728,1584,960.631,675,U, ,1,3-3-,960.6335124,11,-157.750897124000,21.278711300000,0.631559
729,1584,960.631,675,U, ,1,3-3-,960.6335124,11,-157.750873329999,21.278670477000,0.599879
730,1584,960.631,675,U, ,1,3-3-,960.6335124,11,-157.750855607000,21.278620662000,0.568792
731,1584,960.631,675,U, ,1,3-3-,960.6335124,11,-157.750761887000,21.278461877000,0.440798
732,1584,960.631,675,U, ,1,3-3-,960.6335124,11,-157.750744166000,21.278412051000,0.410435
733,1584,960.631,675,U, ,1,3-3-,960.6335124,11,-157.750614979000,21.278167186000,0.245651
734,1584,960.631,675,U, ,1,3-3-,960.6335124,11,-157.750467840999,21.277899592000,0.114976
735,1584,960.631,675,U, ,1,3-3-,960.6335124,11,-157.750450128000,21.277845260000,0.100434
736,1584,960.631,675,U, ,1,3-3-,960.6335124,11,-157.750396685999,21.277750012000,0.0723063
737,1584,960.631,675,U, ,1,3-3-,960.6335124,11,-157.750255828000,21.277459878000,0.0306317
738,1584,960.631,675,U, ,1,3-3-,960.6335124,11,-157.750232224999,21.277414539000,0.0266707
739,1584,960.631,675,U, ,1,3-3-,960.6335124,11,-157.750190494000,21.277341955000,0.0242848
740,1584,960.631,675,U, ,1,3-3-,960.6335124,11,-157.750168183000,21.277292101000,0.023292
741,1584,960.631,675,U, ,1,3-3-,960.6335124,11,-157.750062388999,21.277110640000,0.0191633
742,1584,960.631,675,U, ,1,3-3-,960.6335124,11,-157.750049622999,21.277060865000,0.0164684
743,1584,960.631,675,U, ,1,3-3-,960.6335124,11,-157.749999725000,21.276974379000,0.0151299
744,1585,955.08,678,U, ,1,3-3-,955.0816521,12,-157.750220772999,21.276913077000,0.0038674
745,1585,955.08,678,U, ,1,3-3-,955.0816521,12,-157.750220313999,21.276967274000,0.0038158
746,1585,955.08,678,U, ,1,3-3-,955.0816521,12,-157.750256024999,21.277017234000,0.004413
747,1585,955.08,678,U, ,1,3-3-,955.0816521,12,-157.750297334999,21.277121422000,0.0097121
748,1585,955.08,678,U, ,1,3-3-,955.0816521,12,-157.750326981000,21.277175846000,0.0129953
749,1585,955.08,678,U, ,1,3-3-,955.0816521,12,-157.750384964999,21.277298232000,0.0235102
750,1585,955.08,678,U, ,1,3-3-,955.0816521,12,-157.750414626999,21.277343623000,0.0295425
751,1585,955.08,678,U, ,1,3-3-,955.0816521,12,-157.750444012999,21.277443212000,0.043241
752,1585,955.08,678,U, ,1,3-3-,955.0816521,12,-157.750479509999,21.277511227000,0.056317
753,1585,955.08,678,U, ,1,3-3-,955.0816521,12,-157.750503068999,21.277583676000,0.070896
754,1585,955.08,678,U, ,1,3-3-,955.0816521,12,-157.750625966999,21.277855599000,0.165817
755,1585,955.08,678,U, ,1,3-3-,955.0816521,12,-157.750649556000,21.277909982000,0.190433
756,1585,955.08,678,U, ,1,3-3-,955.0816521,12,-157.750696097999,21.277960012000,0.227236
757,1585,955.08,678,U, ,1,3-3-,955.0816521,12,-157.750737393000,21.278073243000,0.287335
758,1585,955.08,678,U, ,1,3-3-,955.0816521,12,-157.750760982000,21.278127615000,0.32067
759,1585,955.08,678,U, ,1,3-3-,955.0816521,12,-157.750772646000,21.278177389000,0.346379
760,1585,955.08,678,U, ,1,3-3-,955.0816521,12,-157.750914583999,21.278481074000,0.562675
761,1585,955.08,678,U, ,1,3-3-,955.0816521,12,-157.750954809000,21.278576226000,0.630449
762,1585,955.08,678,U, ,1,3-3-,955.0816521,12,-157.750990292000,21.278653274000,0.684501
763,1585,955.08,678,U, ,1,3-3-,955.0816521,12,-157.751025980000,21.278716783000,0.73206
764,1585,955.08,678,U, ,1,3-3-,955.0816521,12,-157.751043495999,21.278780147000,0.765528
765,1585,955.08,678,U, ,1,3-3-,955.0816521,12,-157.751061034999,21.278829962000,0.795215
766,1585,955.08,678,U, ,1,3-3-,955.0816521,12,-157.751090651999,21.278902452000,0.835898
767,1585,955.08,678,U, ,1,3-3-,955.0816521,12,-157.751126148999,21.278970467000,0.880288
768,1585,955.08,678,U, ,1,3-3-,955.0816521,12,-157.751161609000,21.279061074000,0.922411
769,1585,955.08,678,U, ,1,3-3-,955.0816521,12,-157.751185190000,21.279119963000,0.951177
770,1585,955.08,678,U, ,1,3-3-,955.0816521,12,-157.751213323000,21.279201473000,0.980009
771,1585,955.08,678,U, ,1,3-3-,955.0816521,12,-157.751225379000,21.279346103000,0.98941