,,FID,OBJECTID,LENGTH,PEREN_ID,LU_CODE,STREAM_NM,FLAG,STREAM_COD,SHAPESTLen,ORIG_FID,POINT_X,POINT_Y,RASTERVALU
A1,,63,1430,3983.007,380,C,NA,1,3-3-,3982.948919,1,-157.7498484,21.32120241,1841.680054
A2,A1,62,1430,3983.007,380,C,NA,1,3-3-,3982.948919,1,-157.7499544,21.32107673,1818.359985
A3,A2,61,1430,3983.007,380,C,NA,1,3-3-,3982.948919,1,-157.7499778,21.32100915,1811.790039
A4,A3,60,1430,3983.007,380,C,NA,1,3-3-,3982.948919,1,-157.7501191,21.32082501,1785.709961
A5,A4,59,1430,3983.007,380,C,NA,1,3-3-,3982.948919,1,-157.7501718,21.32073958,1777.640015
A6,A5,58,1430,3983.007,380,C,NA,1,3-3-,3982.948919,1,-157.7504182,21.32051558,1746.51001
A7,A6,57,1430,3983.007,380,C,NA,1,3-3-,3982.948919,1,-157.7505827,21.32029548,1723.479981
A8,A7,56,1430,3983.007,380,C,NA,1,3-3-,3982.948919,1,-157.7507124,21.32007513,1699.439941
A9,A8,55,1430,3983.007,380,C,NA,1,3-3-,3982.948919,1,-157.7507943,21.3199312,1685.349976
A10,A9,54,1430,3983.007,380,C,NA,1,3-3-,3982.948919,1,-157.7508069,21.3198816,1683.579956
A11,A10,53,1430,3983.007,380,C,NA,1,3-3-,3982.948919,1,-157.7508947,21.31973771,1676.329956
A12,A11,52,1430,3983.007,380,C,NA,1,3-3-,3982.948919,1,-157.7509706,21.31960278,1663.459961
A13,A12,51,1430,3983.007,380,C,NA,1,3-3-,3982.948919,1,-157.7509821,21.31953511,1661.109985
A14,A13,50,1430,3983.007,380,C,NA,1,3-3-,3982.948919,1,-157.7510056,21.31946301,1657.300049
A15,A14,49,1430,3983.007,380,C,NA,1,3-3-,3982.948919,1,-157.751035,21.31941355,1653.27002
A16,A15,48,1430,3983.007,380,C,NA,1,3-3-,3982.948919,1,-157.7510595,21.31934598,1647.800049
A17,A16,47,1430,3983.007,380,C,NA,1,3-3-,3982.948919,1,-157.7511235,21.31920643,1637.069946
A18,A17,46,1430,3983.007,380,C,NA,1,3-3-,3982.948919,1,-157.751135,21.31911167,1636.469971
A19,A18,45,1430,3983.007,380,C,NA,1,3-3-,3982.948919,1,-157.7511416,21.31906203,1636.089966
A20,A19,44,1430,3983.007,380,C,NA,1,3-3-,3982.948919,1,-157.75117,21.31897191,1635.170044
A21,A20,43,1430,3983.007,380,C,NA,1,3-3-,3982.948919,1,-157.7512469,21.31886407,1626.410034
A22,A21,42,1430,3983.007,380,C,NA,1,3-3-,3982.948919,1,-157.751406,21.31872072,1610.839966
A23,A22,41,1430,3983.007,380,C,NA,1,3-3-,3982.948919,1,-157.7515237,21.31863126,1597.810059
A24,A23,40,1430,3983.007,380,C,NA,1,3-3-,3982.948919,1,-157.7516821,21.31855565,1570.979981
A25,A24,39,1430,3983.007,380,C,NA,1,3-3-,3982.948919,1,-157.7517876,21.31847062,1550.099976
A26,A25,38,1430,3983.007,380,C,NA,1,3-3-,3982.948919,1,-157.7521338,21.31828349,1480.199951
A27,A26,37,1430,3983.007,380,C,NA,1,3-3-,3982.948919,1,-157.752281,21.31814004,1457.660034
A28,A27,36,1430,3983.007,380,C,NA,1,3-3-,3982.948919,1,-157.7524158,21.31801005,1445.52002
A29,A28,35,1430,3983.007,380,C,NA,1,3-3-,3982.948919,1,-157.7524988,21.3178842,1435.339966
A30,A29,34,1430,3983.007,380,C,NA,1,3-3-,3982.948919,1,-157.752557,21.31769945,1419.449951
A31,A30,33,1430,3983.007,380,C,NA,1,3-3-,3982.948919,1,-157.752604,21.31756429,1403.400024
A32,A31,32,1430,3983.007,380,C,NA,1,3-3-,3982.948919,1,-157.7526338,21.31745611,1396.930054
A33,A32,31,1430,3983.007,380,C,NA,1,3-3-,3982.948919,1,-157.7526748,21.31731639,1385.469971
A34,A33,30,1430,3983.007,380,C,NA,1,3-3-,3982.948919,1,-157.7526981,21.31656226,1268.98999
A35,A34,29,1430,3983.007,380,C,NA,1,3-3-,3982.948919,1,-157.7527098,21.31644491,1248.030029
A36,A35,28,1430,3983.007,380,C,NA,1,3-3-,3982.948919,1,-157.7527096,21.31632747,1229.119995
A37,A36,27,1430,3983.007,380,C,NA,1,3-3-,3982.948919,1,-157.7527275,21.31620114,1208.400024
A38,A37,26,1430,3983.007,380,C,NA,1,3-3-,3982.948919,1,-157.7527386,21.31602506,1185.780029
A39,A38,25,1430,3983.007,380,C,NA,1,3-3-,3982.948919,1,-157.7528031,21.31566871,1157.420044
A40,A39,24,1430,3983.007,380,C,NA,1,3-3-,3982.948919,1,-157.7528969,21.31526289,1102.540039
A41,A40,23,1430,3983.007,380,C,NA,1,3-3-,3982.948919,1,-157.7529331,21.31512314,1084.26001
A42,A41,22,1430,3983.007,380,C,NA,1,3-3-,3982.948919,1,-157.752962,21.31499237,1069.829956
A43,A42,21,1430,3983.007,380,C,NA,1,3-3-,3982.948919,1,-157.7531383,21.31452393,1020.52002
A44,A43,20,1430,3983.007,380,C,NA,1,3-3-,3982.948919,1,-157.7531326,21.31418061,993.1079712
A45,A44,19,1430,3983.007,380,C,NA,1,3-3-,3982.948919,1,-157.7531612,21.31408597,984.0029907
A46,A45,18,1430,3983.007,380,C,NA,1,3-3-,3982.948919,1,-157.7531849,21.31400033,976.565979
A47,A46,17,1430,3983.007,380,C,NA,1,3-3-,3982.948919,1,-157.7533434,21.31363564,937.8930054
A48,A47,16,1430,3983.007,380,C,NA,1,3-3-,3982.948919,1,-157.7534793,21.31337919,907.4630127
A49,A48,15,1430,3983.007,380,C,NA,1,3-3-,3982.948919,1,-157.7535489,21.31325324,893.9559937
A50,A49,14,1430,3983.007,380,C,NA,1,3-3-,3982.948919,1,-157.7535724,21.31319921,887.9110107
A51,A50,13,1430,3983.007,380,C,NA,1,3-3-,3982.948919,1,-157.753637,21.31297385,858.9290161
A52,A51,12,1430,3983.007,380,C,NA,1,3-3-,3982.948919,1,-157.7537016,21.31273946,829.6729736
A53,A52,11,1430,3983.007,380,C,NA,1,3-3-,3982.948919,1,-157.753726,21.31269447,823.9130249
A54,A53,10,1430,3983.007,380,C,NA,1,3-3-,3982.948919,1,-157.7537485,21.31259526,811.6339722
A55,A54,9,1430,3983.007,380,C,NA,1,3-3-,3982.948919,1,-157.7537904,21.31249169,798.7440186
A56,A55,8,1430,3983.007,380,C,NA,1,3-3-,3982.948919,1,-157.7538138,21.31244218,793.3060303
A57,A56,7,1430,3983.007,380,C,NA,1,3-3-,3982.948919,1,-157.7538374,21.3123475,787.2579956
A58,A57,6,1430,3983.007,380,C,NA,1,3-3-,3982.948919,1,-157.7538899,21.31227111,780.2379761
A59,A58,5,1430,3983.007,380,C,NA,1,3-3-,3982.948919,1,-157.7539313,21.31220818,774.9089966
A60,A59,4,1430,3983.007,380,C,NA,1,3-3-,3982.948919,1,-157.7541309,21.31199736,754.6240234
A61,A60,3,1430,3983.007,380,C,NA,1,3-3-,3982.948919,1,-157.7543012,21.31193088,733.7609863
A62,A61,2,1430,3983.007,380,C,NA,1,3-3-,3982.948919,1,-157.7545126,21.31188727,701.3499756
A63,A62,1,1430,3983.007,380,C,NA,1,3-3-,3982.948919,1,-157.754572,21.31184255,692.3120117
A64,A63,0,1430,3983.007,380,C,NA,1,3-3-,3982.948919,1,-157.7546301,21.31181137,686.6719971
B1,,160,1431,6074.635,381,C,NA,1,3-3-,6074.554283,2,-157.7496797,21.32545597,2160.909912
B2,B1,159,1431,6074.635,381,C,NA,1,3-3-,6074.554283,2,-157.7498673,21.32537155,2131.600098
B3,B2,158,1431,6074.635,381,C,NA,1,3-3-,6074.554283,2,-157.7501376,21.32518386,2078.159912
B4,B3,157,1431,6074.635,381,C,NA,1,3-3-,6074.554283,2,-157.7501729,21.32514798,2069.25
B5,B4,156,1431,6074.635,381,C,NA,1,3-3-,6074.554283,2,-157.7502724,21.32508097,2048.610107
B6,B5,155,1431,6074.635,381,C,NA,1,3-3-,6074.554283,2,-157.7505313,21.32494287,1994.199951
B7,B6,154,1431,6074.635,381,C,NA,1,3-3-,6074.554283,2,-157.750667,21.32485807,1969.709961
B8,B7,153,1431,6074.635,381,C,NA,1,3-3-,6074.554283,2,-157.7508371,21.32470576,1947.640015
B9,B8,152,1431,6074.635,381,C,NA,1,3-3-,6074.554283,2,-157.7508779,21.32458412,1937.180054
B10,B9,151,1431,6074.635,381,C,NA,1,3-3-,6074.554283,2,-157.7509423,21.32451233,1922
B11,B10,150,1431,6074.635,381,C,NA,1,3-3-,6074.554283,2,-157.7509893,21.32437717,1901.98999
B12,B11,149,1431,6074.635,381,C,NA,1,3-3-,6074.554283,2,-157.7510078,21.32432762,1894.060059
B13,B12,148,1431,6074.635,381,C,NA,1,3-3-,6074.554283,2,-157.7510895,21.32421983,1867.449951
B14,B13,147,1431,6074.635,381,C,NA,1,3-3-,6074.554283,2,-157.7511417,21.32415698,1852
B15,B14,146,1431,6074.635,381,C,NA,1,3-3-,6074.554283,2,-157.7512243,21.32409888,1831.410034
B16,B15,145,1431,6074.635,381,C,NA,1,3-3-,6074.554283,2,-157.7512594,21.324063,1822.660034
B17,B16,144,1431,6074.635,381,C,NA,1,3-3-,6074.554283,2,-157.7514948,21.32388408,1769.819946
B18,B17,143,1431,6074.635,381,C,NA,1,3-3-,6074.554283,2,-157.7515593,21.32381681,1753.030029
B19,B18,142,1431,6074.635,381,C,NA,1,3-3-,6074.554283,2,-157.7518002,21.3233895,1697.319946
B20,B19,141,1431,6074.635,381,C,NA,1,3-3-,6074.554283,2,-157.7518655,21.32321835,1672.979981
B21,B20,140,1431,6074.635,381,C,NA,1,3-3-,6074.554283,2,-157.7518829,21.3231688,1668.930054
B22,B21,139,1431,6074.635,381,C,NA,1,3-3-,6074.554283,2,-157.7519123,21.32311482,1662.25
B23,B22,138,1431,6074.635,381,C,NA,1,3-3-,6074.554283,2,-157.7519648,21.32304293,1650.23999
B24,B23,137,1431,6074.635,381,C,NA,1,3-3-,6074.554283,2,-157.7520827,21.32289927,1627.810059
B25,B24,136,1431,6074.635,381,C,NA,1,3-3-,6074.554283,2,-157.752135,21.32284998,1618.420044
B26,B25,135,1431,6074.635,381,C,NA,1,3-3-,6074.554283,2,-157.7522349,21.32272877,1600.709961
B27,B26,134,1431,6074.635,381,C,NA,1,3-3-,6074.554283,2,-157.7523413,21.3225534,1577.719971
B28,B27,133,1431,6074.635,381,C,NA,1,3-3-,6074.554283,2,-157.7524289,21.32244114,1563.060059
B29,B28,132,1431,6074.635,381,C,NA,1,3-3-,6074.554283,2,-157.7524824,21.32238733,1558.069946
B30,B29,131,1431,6074.635,381,C,NA,1,3-3-,6074.554283,2,-157.7525351,21.32228384,1551.630005
B31,B30,130,1431,6074.635,381,C,NA,1,3-3-,6074.554283,2,-157.7526411,21.32214461,1537.449951
B32,B31,129,1431,6074.635,381,C,NA,1,3-3-,6074.554283,2,-157.7526704,21.32210417,1533.829956
B33,B32,128,1431,6074.635,381,C,NA,1,3-3-,6074.554283,2,-157.7527526,21.32194218,1510.540039
B34,B33,127,1431,6074.635,381,C,NA,1,3-3-,6074.554283,2,-157.752782,21.32188368,1502.719971
B35,B34,126,1431,6074.635,381,C,NA,1,3-3-,6074.554283,2,-157.7528408,21.3217712,1487.439941
B36,B35,125,1431,6074.635,381,C,NA,1,3-3-,6074.554283,2,-157.7528642,21.32169459,1476.660034
B37,B36,124,1431,6074.635,381,C,NA,1,3-3-,6074.554283,2,-157.752952,21.32157781,1453.660034
B38,B37,123,1431,6074.635,381,C,NA,1,3-3-,6074.554283,2,-157.7530346,21.32150163,1435.099976
B39,B38,122,1431,6074.635,381,C,NA,1,3-3-,6074.554283,2,-157.7532459,21.32133156,1384.979981
B40,B39,121,1431,6074.635,381,C,NA,1,3-3-,6074.554283,2,-157.7533692,21.32126923,1358.319946
B41,B40,120,1431,6074.635,381,C,NA,1,3-3-,6074.554283,2,-157.7534517,21.32120662,1344.23999
B42,B41,119,1431,6074.635,381,C,NA,1,3-3-,6074.554283,2,-157.7538337,21.3206313,1290.26001
B43,B42,118,1431,6074.635,381,C,NA,1,3-3-,6074.554283,2,-157.75398,21.32045171,1269.849976
B44,B43,117,1431,6074.635,381,C,NA,1,3-3-,6074.554283,2,-157.7543733,21.32023783,1236.719971
B45,B44,116,1431,6074.635,381,C,NA,1,3-3-,6074.554283,2,-157.7545553,21.32009012,1210.76001
B46,B45,115,1431,6074.635,381,C,NA,1,3-3-,6074.554283,2,-157.7547618,21.31990195,1178.98999
B47,B46,114,1431,6074.635,381,C,NA,1,3-3-,6074.554283,2,-157.7549259,21.31974508,1158.790039
B48,B47,113,1431,6074.635,381,C,NA,1,3-3-,6074.554283,2,-157.7549734,21.3196822,1151.569946
B49,B48,112,1431,6074.635,381,C,NA,1,3-3-,6074.554283,2,-157.75502,21.31959221,1144.329956
B50,B49,111,1431,6074.635,381,C,NA,1,3-3-,6074.554283,2,-157.7550263,21.31954708,1142.439941
B51,B50,110,1431,6074.635,381,C,NA,1,3-3-,6074.554283,2,-157.7551843,21.31925917,1126.140015
B52,B51,109,1431,6074.635,381,C,NA,1,3-3-,6074.554283,2,-157.7551958,21.31916441,1124.819946
B53,B52,108,1431,6074.635,381,C,NA,1,3-3-,6074.554283,2,-157.7552669,21.31902943,1120.349976
B54,B53,107,1431,6074.635,381,C,NA,1,3-3-,6074.554283,2,-157.7554961,21.3185659,1087.619995
B55,B54,106,1431,6074.635,381,C,NA,1,3-3-,6074.554283,2,-157.7555189,21.31843056,1080.930054
B56,B55,105,1431,6074.635,381,C,NA,1,3-3-,6074.554283,2,-157.7555658,21.31830444,1073.51001
B57,B56,104,1431,6074.635,381,C,NA,1,3-3-,6074.554283,2,-157.7557537,21.31803482,1049.76001
B58,B57,103,1431,6074.635,381,C,NA,1,3-3-,6074.554283,2,-157.7558248,21.31790437,1044.719971
B59,B58,102,1431,6074.635,381,C,NA,1,3-3-,6074.554283,2,-157.7558366,21.3177825,1037.900024
B60,B59,101,1431,6074.635,381,C,NA,1,3-3-,6074.554283,2,-157.7558418,21.31759734,1030.369995
B61,B60,100,1431,6074.635,381,C,NA,1,3-3-,6074.554283,2,-157.7558716,21.31750271,1024.430054
B62,B61,99,1431,6074.635,381,C,NA,1,3-3-,6074.554283,2,-157.7559485,21.31736778,1017.429993
B63,B62,98,1431,6074.635,381,C,NA,1,3-3-,6074.554283,2,-157.7561598,21.3171706,996.2130127
B64,B63,97,1431,6074.635,381,C,NA,1,3-3-,6074.554283,2,-157.7561832,21.31711206,989.5289917
B65,B64,96,1431,6074.635,381,C,NA,1,3-3-,6074.554283,2,-157.7562182,21.3169723,978.7119751
B66,B65,95,1431,6074.635,381,C,NA,1,3-3-,6074.554283,2,-157.7562007,21.31676891,963.5360107
B67,B66,94,1431,6074.635,381,C,NA,1,3-3-,6074.554283,2,-157.7561596,21.31663761,957.3989868
B68,B67,93,1431,6074.635,381,C,NA,1,3-3-,6074.554283,2,-157.7560247,21.31648757,953.9580078
B69,B68,92,1431,6074.635,381,C,NA,1,3-3-,6074.554283,2,-157.7559951,21.31642863,954.1500244
B70,B69,91,1431,6074.635,381,C,NA,1,3-3-,6074.554283,2,-157.7560419,21.31587341,901.8930054
B71,B70,90,1431,6074.635,381,C,NA,1,3-3-,6074.554283,2,-157.7560539,21.31574702,888.7600098
B72,B71,89,1431,6074.635,381,C,NA,1,3-3-,6074.554283,2,-157.7560416,21.31562498,879.2189941
B73,B72,88,1431,6074.635,381,C,NA,1,3-3-,6074.554283,2,-157.7559825,21.31548452,877.1970215
B74,B73,87,1431,6074.635,381,C,NA,1,3-3-,6074.554283,2,-157.7555598,21.31473612,849.8070068
B75,B74,86,1431,6074.635,381,C,NA,1,3-3-,6074.554283,2,-157.7554893,21.31451879,844.1530151
B76,B75,85,1431,6074.635,381,C,NA,1,3-3-,6074.554283,2,-157.7554776,21.31447353,842.3690186
B77,B76,84,1431,6074.635,381,C,NA,1,3-3-,6074.554283,2,-157.7554362,21.31437837,839.2369995
B78,B77,83,1431,6074.635,381,C,NA,1,3-3-,6074.554283,2,-157.75543,21.31425637,829.3369751
B79,B78,82,1431,6074.635,381,C,NA,1,3-3-,6074.554283,2,-157.7555185,21.31392279,794.6060181
B80,B79,81,1431,6074.635,381,C,NA,1,3-3-,6074.554283,2,-157.755524,21.31385055,790.6879883
B81,B80,80,1431,6074.635,381,C,NA,1,3-3-,6074.554283,2,-157.7555418,21.31371518,785.8560181
B82,B81,79,1431,6074.635,381,C,NA,1,3-3-,6074.554283,2,-157.7555828,21.31357095,780.71698
B83,B82,78,1431,6074.635,381,C,NA,1,3-3-,6074.554283,2,-157.7556356,21.31332291,770.3469849
B84,B83,77,1431,6074.635,381,C,NA,1,3-3-,6074.554283,2,-157.755636,21.31284413,750.6119995
B85,B84,76,1431,6074.635,381,C,NA,1,3-3-,6074.554283,2,-157.7556183,21.31264979,747.0800171
B86,B85,75,1431,6074.635,381,C,NA,1,3-3-,6074.554283,2,-157.7556058,21.31257742,746.7459717
B87,B86,74,1431,6074.635,381,C,NA,1,3-3-,6074.554283,2,-157.7555473,21.31250923,746.4290161
B88,B87,73,1431,6074.635,381,C,NA,1,3-3-,6074.554283,2,-157.7554115,21.31245403,740.8519897
B89,B88,72,1431,6074.635,381,C,NA,1,3-3-,6074.554283,2,-157.7552588,21.31242128,735.3330078
B90,B89,71,1431,6074.635,381,C,NA,1,3-3-,6074.554283,2,-157.755047,21.31237905,726.348999
B91,B90,70,1431,6074.635,381,C,NA,1,3-3-,6074.554283,2,-157.7549883,21.31234249,721.7880249
B92,B91,69,1431,6074.635,381,C,NA,1,3-3-,6074.554283,2,-157.7549249,21.31229685,718.8380127
B93,B92,68,1431,6074.635,381,C,NA,1,3-3-,6074.554283,2,-157.7548186,21.31217862,709.664978
B94,B93,67,1431,6074.635,381,C,NA,1,3-3-,6074.554283,2,-157.7547181,21.31210109,703.5570068
B95,B94,66,1431,6074.635,381,C,NA,1,3-3-,6074.554283,2,-157.7546774,21.31204659,698.8179932
B96,B95,65,1431,6074.635,381,C,NA,1,3-3-,6074.554283,2,-157.7546482,21.31195604,692.8920288
B97,B96,64,1431,6074.635,381,C,NA,1,3-3-,6074.554283,2,-157.7546301,21.31181137,686.6719971
C1,,263,1434,6932.753,396,C,NA,1,3-3-,6932.628285,3,-157.7465465,21.32304321,1938.900024
C2,C1,262,1434,6932.753,396,C,NA,1,3-3-,6932.628285,3,-157.7465704,21.32291693,1922.170044
C3,C2,261,1434,6932.753,396,C,NA,1,3-3-,6932.628285,3,-157.7465931,21.32267319,1890.609985
C4,C3,260,1434,6932.753,396,C,NA,1,3-3-,6932.628285,3,-157.74657,21.32254654,1874.729981
C5,C4,259,1434,6932.753,396,C,NA,1,3-3-,6932.628285,3,-157.7465107,21.32244673,1857.400024
C6,C5,258,1434,6932.753,396,C,NA,1,3-3-,6932.628285,3,-157.7464286,21.32231062,1830.729981
C7,C6,257,1434,6932.753,396,C,NA,1,3-3-,6932.628285,3,-157.7463819,21.32228317,1825.060059
C8,C7,256,1434,6932.753,396,C,NA,1,3-3-,6932.628285,3,-157.746334,21.32222409,1811.949951
C9,C8,255,1434,6932.753,396,C,NA,1,3-3-,6932.628285,3,-157.7462936,21.32216959,1803.209961
C10,C9,254,1434,6932.753,396,C,NA,1,3-3-,6932.628285,3,-157.7462581,21.32209706,1791.439941
C11,C10,253,1434,6932.753,396,C,NA,1,3-3-,6932.628285,3,-157.7462405,21.32204723,1782.449951
C12,C11,252,1434,6932.753,396,C,NA,1,3-3-,6932.628285,3,-157.7462112,21.32137853,1641.130005
C13,C12,251,1434,6932.753,396,C,NA,1,3-3-,6932.628285,3,-157.7462167,21.32130179,1626.800049
C14,C13,250,1434,6932.753,396,C,NA,1,3-3-,6932.628285,3,-157.7461227,21.32113848,1599.949951
C15,C14,249,1434,6932.753,396,C,NA,1,3-3-,6932.628285,3,-157.7460695,21.32103872,1587.359985
C16,C15,248,1434,6932.753,396,C,NA,1,3-3-,6932.628285,3,-157.7459872,21.32093422,1575.77002
C17,C16,247,1434,6932.753,396,C,NA,1,3-3-,6932.628285,3,-157.7458994,21.32077999,1562.689941
C18,C17,246,1434,6932.753,396,C,NA,1,3-3-,6932.628285,3,-157.7458758,21.32072561,1558.680054
C19,C18,245,1434,6932.753,396,C,NA,1,3-3-,6932.628285,3,-157.7458525,21.32047249,1546.75
C20,C19,244,1434,6932.753,396,C,NA,1,3-3-,6932.628285,3,-157.7458933,21.32035537,1538.310059
C21,C20,243,1434,6932.753,396,C,NA,1,3-3-,6932.628285,3,-157.7459408,21.32028796,1536.48999
C22,C21,242,1434,6932.753,396,C,NA,1,3-3-,6932.628285,3,-157.7459523,21.32022933,1534.180054
C23,C22,241,1434,6932.753,396,C,NA,1,3-3-,6932.628285,3,-157.7459521,21.32010738,1529.859985
C24,C23,240,1434,6932.753,396,C,NA,1,3-3-,6932.628285,3,-157.7460111,21.31996328,1518.280029
C25,C24,239,1434,6932.753,396,C,NA,1,3-3-,6932.628285,3,-157.746093,21.31983291,1508.959961
C26,C25,238,1434,6932.753,396,C,NA,1,3-3-,6932.628285,3,-157.7465924,21.31934881,1444.979981
C27,C26,237,1434,6932.753,396,C,NA,1,3-3-,6932.628285,3,-157.746745,21.31910154,1406.140015
C28,C27,236,1434,6932.753,396,C,NA,1,3-3-,6932.628285,3,-157.7467927,21.31902963,1393.119995
C29,C28,235,1434,6932.753,396,C,NA,1,3-3-,6932.628285,3,-157.746833,21.31896217,1386.599976
C30,C29,234,1434,6932.753,396,C,NA,1,3-3-,6932.628285,3,-157.7468686,21.31889016,1378.400024
C31,C30,233,1434,6932.753,396,C,NA,1,3-3-,6932.628285,3,-157.7469157,21.31873695,1367.479981
C32,C31,232,1434,6932.753,396,C,NA,1,3-3-,6932.628285,3,-157.7469568,21.31844366,1350.160034
C33,C32,231,1434,6932.753,396,C,NA,1,3-3-,6932.628285,3,-157.7470101,21.31825435,1331.849976
C34,C33,230,1434,6932.753,396,C,NA,1,3-3-,6932.628285,3,-157.7470271,21.31781635,1301.180054
C35,C34,229,1434,6932.753,396,C,NA,1,3-3-,6932.628285,3,-157.7470503,21.31765392,1285.939941
C36,C35,228,1434,6932.753,396,C,NA,1,3-3-,6932.628285,3,-157.7471217,21.31746023,1270.780029
C37,C36,227,1434,6932.753,396,C,NA,1,3-3-,6932.628285,3,-157.7473502,21.31652696,1214.73999
C38,C37,226,1434,6932.753,396,C,NA,1,3-3-,6932.628285,3,-157.7473507,21.31632821,1206.23999
C39,C38,225,1434,6932.753,396,C,NA,1,3-3-,6932.628285,3,-157.7473859,21.31616136,1193.48999
C40,C39,224,1434,6932.753,396,C,NA,1,3-3-,6932.628285,3,-157.7474384,21.31607142,1183.349976
C41,C40,223,1434,6932.753,396,C,NA,1,3-3-,6932.628285,3,-157.7475262,21.31596366,1165.369995
C42,C41,222,1434,6932.753,396,C,NA,1,3-3-,6932.628285,3,-157.7475966,21.31587838,1157.069946
C43,C42,221,1434,6932.753,396,C,NA,1,3-3-,6932.628285,3,-157.7476257,21.3157205,1147.810059
C44,C43,220,1434,6932.753,396,C,NA,1,3-3-,6932.628285,3,-157.7476379,21.31557154,1139.949951
C45,C44,219,1434,6932.753,396,C,NA,1,3-3-,6932.628285,3,-157.7476204,21.31550365,1137.73999
C46,C45,218,1434,6932.753,396,C,NA,1,3-3-,6932.628285,3,-157.7475503,21.31539473,1135.050049
C47,C46,217,1434,6932.753,396,C,NA,1,3-3-,6932.628285,3,-157.7474561,21.31526756,1138.469971
C48,C47,216,1434,6932.753,396,C,NA,1,3-3-,6932.628285,3,-157.7474269,21.31516345,1134.969971
C49,C48,215,1434,6932.753,396,C,NA,1,3-3-,6932.628285,3,-157.7474028,21.31501422,1127.069946
C50,C49,214,1434,6932.753,396,C,NA,1,3-3-,6932.628285,3,-157.7474267,21.31489244,1115.839966
C51,C50,213,1434,6932.753,396,C,NA,1,3-3-,6932.628285,3,-157.7474677,21.31474369,1101.880005
C52,C51,212,1434,6932.753,396,C,NA,1,3-3-,6932.628285,3,-157.747503,21.31457232,1088.060059
C53,C52,211,1434,6932.753,396,C,NA,1,3-3-,6932.628285,3,-157.7475786,21.31431994,1074.77002
C54,C53,210,1434,6932.753,396,C,NA,1,3-3-,6932.628285,3,-157.7476786,21.3138916,1053.5
C55,C54,209,1434,6932.753,396,C,NA,1,3-3-,6932.628285,3,-157.7476791,21.31384191,1051.920044
C56,C55,208,1434,6932.753,396,C,NA,1,3-3-,6932.628285,3,-157.7477433,21.31367075,1044.479981
C57,C56,207,1434,6932.753,396,C,NA,1,3-3-,6932.628285,3,-157.7477665,21.31363028,1042.119995
C58,C57,206,1434,6932.753,396,C,NA,1,3-3-,6932.628285,3,-157.7478075,21.31347249,1037.890015
C59,C58,205,1434,6932.753,396,C,NA,1,3-3-,6932.628285,3,-157.7478433,21.31336887,1036.51001
C60,C59,204,1434,6932.753,396,C,NA,1,3-3-,6932.628285,3,-157.7479424,21.3130444,1031.890015
C61,C60,203,1434,6932.753,396,C,NA,1,3-3-,6932.628285,3,-157.747949,21.31299476,1031.079956
C62,C61,202,1434,6932.753,396,C,NA,1,3-3-,6932.628285,3,-157.7480199,21.31286882,1023.450012
C63,C62,201,1434,6932.753,396,C,NA,1,3-3-,6932.628285,3,-157.7480424,21.31277866,1018.450012
C64,C63,200,1434,6932.753,396,C,NA,1,3-3-,6932.628285,3,-157.7480893,21.31263899,1007.080017
C65,C64,199,1434,6932.753,396,C,NA,1,3-3-,6932.628285,3,-157.7481127,21.31257592,1000.98999
C66,C65,198,1434,6932.753,396,C,NA,1,3-3-,6932.628285,3,-157.7481724,21.31237311,989.4650269
C67,C66,197,1434,6932.753,396,C,NA,1,3-3-,6932.628285,3,-157.7482313,21.31223805,980.0570068
C68,C67,196,1434,6932.753,396,C,NA,1,3-3-,6932.628285,3,-157.7482717,21.31216608,973.2509766
C69,C68,195,1434,6932.753,396,C,NA,1,3-3-,6932.628285,3,-157.7483426,21.31204465,968.3900146
C70,C69,194,1434,6932.753,396,C,NA,1,3-3-,6932.628285,3,-157.7485242,21.31179307,948.1389771
C71,C70,193,1434,6932.753,396,C,NA,1,3-3-,6932.628285,3,-157.7485478,21.31172097,942.9509888
C72,C71,192,1434,6932.753,396,C,NA,1,3-3-,6932.628285,3,-157.7487651,21.31138383,924.4639893
C73,C72,191,1434,6932.753,396,C,NA,1,3-3-,6932.628285,3,-157.7489478,21.31116839,906.3699951
C74,C73,190,1434,6932.753,396,C,NA,1,3-3-,6932.628285,3,-157.7490421,21.31099294,898.6469727
C75,C74,189,1434,6932.753,396,C,NA,1,3-3-,6932.628285,3,-157.7491006,21.31091207,896.2139893
C76,C75,188,1434,6932.753,396,C,NA,1,3-3-,6932.628285,3,-157.7491418,21.31087624,892.9550171
C77,C76,187,1434,6932.753,396,C,NA,1,3-3-,6932.628285,3,-157.7492883,21.31079151,881.5300293
C78,C77,186,1434,6932.753,396,C,NA,1,3-3-,6932.628285,3,-157.7496873,21.31063189,854.8880005
C79,C78,185,1434,6932.753,396,C,NA,1,3-3-,6932.628285,3,-157.7498171,21.31054251,844.1160278
C80,C79,184,1434,6932.753,396,C,NA,1,3-3-,6932.628285,3,-157.7499525,21.31046674,830.1489868
C81,C80,183,1434,6932.753,396,C,NA,1,3-3-,6932.628285,3,-157.7501348,21.31030097,808.0980225
C82,C81,182,1434,6932.753,396,C,NA,1,3-3-,6932.628285,3,-157.7502748,21.31013941,791.3800049
C83,C82,181,1434,6932.753,396,C,NA,1,3-3-,6932.628285,3,-157.7504052,21.30996423,776.4689941
C84,C83,180,1434,6932.753,396,C,NA,1,3-3-,6932.628285,3,-157.7505223,21.30978443,760.8540039
C85,C84,179,1434,6932.753,396,C,NA,1,3-3-,6932.628285,3,-157.7511687,21.30888135,694.8709717
C86,C85,178,1434,6932.753,396,C,NA,1,3-3-,6932.628285,3,-157.7515031,21.30837344,659.9609985
C87,C86,177,1434,6932.753,396,C,NA,1,3-3-,6932.628285,3,-157.7515084,21.30831928,660.4219971
C88,C87,176,1434,6932.753,396,C,NA,1,3-3-,6932.628285,3,-157.7516911,21.30808124,638.2249756
C89,C88,175,1434,6932.753,396,C,NA,1,3-3-,6932.628285,3,-157.7517732,21.3079328,628.1279907
C90,C89,174,1434,6932.753,396,C,NA,1,3-3-,6932.628285,3,-157.7518443,21.30778427,611.8380127
C91,C90,173,1434,6932.753,396,C,NA,1,3-3-,6932.628285,3,-157.7518671,21.30765797,602.6740112
C92,C91,172,1434,6932.753,396,C,NA,1,3-3-,6932.628285,3,-157.7518726,21.30758123,599.007019
C93,C92,171,1434,6932.753,396,C,NA,1,3-3-,6932.628285,3,-157.7518965,21.30746848,592.7390137
C94,C93,170,1434,6932.753,396,C,NA,1,3-3-,6932.628285,3,-157.751938,21.3070939,579.4110107
C95,C94,169,1434,6932.753,396,C,NA,1,3-3-,6932.628285,3,-157.7519556,21.30700821,575.9039917
C96,C95,168,1434,6932.753,396,C,NA,1,3-3-,6932.628285,3,-157.7519665,21.30688181,572.5159912
C97,C96,167,1434,6932.753,396,C,NA,1,3-3-,6932.628285,3,-157.7520083,21.30677373,564.5360107
C98,C97,166,1434,6932.753,396,C,NA,1,3-3-,6932.628285,3,-157.752108,21.30666155,551.4949951
C99,C98,165,1434,6932.753,396,C,NA,1,3-3-,6932.628285,3,-157.7522259,21.30655402,537.940979
C100,C99,164,1434,6932.753,396,C,NA,1,3-3-,6932.628285,3,-157.752331,21.30651867,528.4379883
C101,C100,163,1434,6932.753,396,C,NA,1,3-3-,6932.628285,3,-157.7523663,21.30647827,525.6270142
C102,C101,162,1434,6932.753,396,C,NA,1,3-3-,6932.628285,3,-157.7524135,21.30645604,523.8179932
C103,C102,161,1434,6932.753,396,C,NA,1,3-3-,6932.628285,3,-157.7525718,21.30625848,520.1779785
D1,,297,1435,2174.684,399,C,NA,1,3-3-,2174.654955,4,-157.7546301,21.31181137,686.6719971
D2,D1,296,1435,2174.684,399,C,NA,1,3-3-,2174.654955,4,-157.7546594,21.31162639,679.21698
D3,D2,295,1435,2174.684,399,C,NA,1,3-3-,2174.654955,4,-157.7547307,21.3114598,667.4180298
D4,D3,294,1435,2174.684,399,C,NA,1,3-3-,2174.654955,4,-157.7547891,21.31125246,653.4229736
D5,D4,293,1435,2174.684,399,C,NA,1,3-3-,2174.654955,4,-157.7547774,21.31078714,630.2189941
D6,D5,292,1435,2174.684,399,C,NA,1,3-3-,2174.654955,4,-157.7547295,21.31073258,627.5079956
D7,D6,291,1435,2174.684,399,C,NA,1,3-3-,2174.654955,4,-157.7547302,21.31065129,622.0789795
D8,D7,290,1435,2174.684,399,C,NA,1,3-3-,2174.654955,4,-157.7546946,21.31044325,606.7319946
D9,D8,289,1435,2174.684,399,C,NA,1,3-3-,2174.654955,4,-157.754636,21.31010857,601.3369751
D10,D9,288,1435,2174.684,399,C,NA,1,3-3-,2174.654955,4,-157.7546534,21.31003643,597.8070068
D11,D10,287,1435,2174.684,399,C,NA,1,3-3-,2174.654955,4,-157.754653,21.30996416,597.0819702
D12,D11,286,1435,2174.684,399,C,NA,1,3-3-,2174.654955,4,-157.7546944,21.30989219,589.4320068
D13,D12,285,1435,2174.684,399,C,NA,1,3-3-,2174.654955,4,-157.7546998,21.30983804,587.7999878
D14,D13,284,1435,2174.684,399,C,NA,1,3-3-,2174.654955,4,-157.7547241,21.30979305,586.6489868
D15,D14,283,1435,2174.684,399,C,NA,1,3-3-,2174.654955,4,-157.7547358,21.30971182,584.0020142
D16,D15,282,1435,2174.684,399,C,NA,1,3-3-,2174.654955,4,-157.7547357,21.30942275,567.6560059
D17,D16,281,1435,2174.684,399,C,NA,1,3-3-,2174.654955,4,-157.754718,21.30937746,564.2139893
D18,D17,280,1435,2174.684,399,C,NA,1,3-3-,2174.654955,4,-157.7546764,21.30930939,561.5670166
D19,D18,279,1435,2174.684,399,C,NA,1,3-3-,2174.654955,4,-157.7546239,21.30911026,556.625
D20,D19,278,1435,2174.684,399,C,NA,1,3-3-,2174.654955,4,-157.7545942,21.30906035,556.9500122
D21,D20,277,1435,2174.684,399,C,NA,1,3-3-,2174.654955,4,-157.7545646,21.30898787,555.9299927
D22,D21,276,1435,2174.684,399,C,NA,1,3-3-,2174.654955,4,-157.7545417,21.3088522,552.3850098
D23,D22,275,1435,2174.684,399,C,NA,1,3-3-,2174.654955,4,-157.7545525,21.3084277,531.1939697
D24,D23,274,1435,2174.684,399,C,NA,1,3-3-,2174.654955,4,-157.7546001,21.30808477,516.4390259
D25,D24,273,1435,2174.684,399,C,NA,1,3-3-,2174.654955,4,-157.754611,21.30778674,505.8429871
D26,D25,272,1435,2174.684,399,C,NA,1,3-3-,2174.654955,4,-157.7545934,21.30759691,497.052002
D27,D26,271,1435,2174.684,399,C,NA,1,3-3-,2174.654955,4,-157.754617,21.30749771,489.8359985
D28,D27,270,1435,2174.684,399,C,NA,1,3-3-,2174.654955,4,-157.7546173,21.30690601,471.2600098
D29,D28,269,1435,2174.684,399,C,NA,1,3-3-,2174.654955,4,-157.7546288,21.30681125,469.8500061
D30,D29,268,1435,2174.684,399,C,NA,1,3-3-,2174.654955,4,-157.7546759,21.30665802,461.0100098
D31,D30,267,1435,2174.684,399,C,NA,1,3-3-,2174.654955,4,-157.7547639,21.30650962,449.2489929
D32,D31,266,1435,2174.684,399,C,NA,1,3-3-,2174.654955,4,-157.754882,21.30636596,435.6199951
D33,D32,265,1435,2174.684,399,C,NA,1,3-3-,2174.654955,4,-157.7549223,21.30631656,432.2349854
D34,D33,264,1435,2174.684,399,C,NA,1,3-3-,2174.654955,4,-157.755196,21.30614244,425.1539917
D35,D34,335,1439,1007.403,399,U,NA,1,3-3-,1007.388922,6,-157.755196,21.30614244,425.1539917
D36,D35,334,1439,1007.403,399,U,NA,1,3-3-,1007.388922,6,-157.7552287,21.30612462,425.1149902
D37,D36,333,1439,1007.403,399,U,NA,1,3-3-,1007.388922,6,-157.755298,21.30604383,421.6140137
D38,D37,332,1439,1007.403,399,U,NA,1,3-3-,1007.388922,6,-157.7553691,21.30590885,417.2730103
D39,D38,331,1439,1007.403,399,U,NA,1,3-3-,1007.388922,6,-157.7554453,21.30573777,410.5050049
D40,D39,330,1439,1007.403,399,U,NA,1,3-3-,1007.388922,6,-157.7554694,21.30559793,404.5870056
D41,D40,329,1439,1007.403,399,U,NA,1,3-3-,1007.388922,6,-157.7554861,21.30548062,398.8919983
D42,D41,328,1439,1007.403,399,U,NA,1,3-3-,1007.388922,6,-157.7554459,21.30537643,392.053009
D43,D42,327,1439,1007.403,399,U,NA,1,3-3-,1007.388922,6,-157.7554223,21.30532206,389.1470032
D44,D43,326,1439,1007.403,399,U,NA,1,3-3-,1007.388922,6,-157.7553861,21.30518177,381.0350037
D45,D44,325,1439,1007.403,399,U,NA,1,3-3-,1007.388922,6,-157.755393,21.30494694,368.7739868
D46,D45,324,1439,1007.403,399,U,NA,1,3-3-,1007.388922,6,-157.7554221,21.30477101,362.4289856
D47,D46,323,1439,1007.403,399,U,NA,1,3-3-,1007.388922,6,-157.7555101,21.30463615,360.072998
D48,D47,322,1439,1007.403,399,U,NA,1,3-3-,1007.388922,6,-157.7555918,21.3045148,356.7680054
D49,D48,321,1439,1007.403,399,U,NA,1,3-3-,1007.388922,6,-157.755774,21.30434,350.8210144
D50,D49,320,1439,1007.403,399,U,NA,1,3-3-,1007.388922,6,-157.7558681,21.30416905,347.2229919
D51,D50,319,1439,1007.403,399,U,NA,1,3-3-,1007.388922,6,-157.7558976,21.30409701,345.32901
D52,D51,318,1439,1007.403,399,U,NA,1,3-3-,1007.388922,6,-157.7559089,21.30391641,340.9450073
D53,D52,317,1439,1007.403,399,U,NA,1,3-3-,1007.388922,6,-157.7558621,21.30360441,329.3059998
E1,,316,1438,1531.802,400,U,NA,1,3-3-,1531.778678,5,-157.7525718,21.30625848,520.1779785
E2,E1,315,1438,1531.802,400,U,NA,1,3-3-,1531.778678,5,-157.75259,21.30623602,519.1359863
E3,E2,314,1438,1531.802,400,U,NA,1,3-3-,1531.778678,5,-157.7526658,21.30611463,518.0100098
E4,E3,313,1438,1531.802,400,U,NA,1,3-3-,1531.778678,5,-157.7526782,21.30606956,516.3670044
E5,E4,312,1438,1531.802,400,U,NA,1,3-3-,1531.778678,5,-157.7527135,21.30601111,513.0939941
E6,E5,311,1438,1531.802,400,U,NA,1,3-3-,1531.778678,5,-157.752766,21.30579921,501.0759888
E7,E6,310,1438,1531.802,400,U,NA,1,3-3-,1531.778678,5,-157.7528016,21.3057272,497.756012
E8,E7,309,1438,1531.802,400,U,NA,1,3-3-,1531.778678,5,-157.7528361,21.30564615,495.696991
E9,E8,308,1438,1531.802,400,U,NA,1,3-3-,1531.778678,5,-157.7530183,21.30547135,485.4379883
E10,E9,307,1438,1531.802,400,U,NA,1,3-3-,1531.778678,5,-157.7532655,21.30530155,471.355011
E11,E10,306,1438,1531.802,400,U,NA,1,3-3-,1531.778678,5,-157.753412,21.30522585,466.6940002
E12,E11,305,1438,1531.802,400,U,NA,1,3-3-,1531.778678,5,-157.7537766,21.30514725,450.6239929
E13,E12,304,1438,1531.802,400,U,NA,1,3-3-,1531.778678,5,-157.753912,21.3050805,442.6830139
E14,E13,303,1438,1531.802,400,U,NA,1,3-3-,1531.778678,5,-157.7543464,21.3048624,415.7890015
E15,E14,302,1438,1531.802,400,U,NA,1,3-3-,1531.778678,5,-157.7545754,21.30471956,404.428009
E16,E15,301,1438,1531.802,400,U,NA,1,3-3-,1531.778678,5,-157.7549921,21.30432517,376.3139954
E17,E16,300,1438,1531.802,400,U,NA,1,3-3-,1531.778678,5,-157.7554504,21.30398078,347.5939941
E18,E17,299,1438,1531.802,400,U,NA,1,3-3-,1531.778678,5,-157.7558027,21.30363107,331.3439941
E19,E18,298,1438,1531.802,400,U,NA,1,3-3-,1531.778678,5,-157.7558621,21.30360441,329.3059998
F1,,609,1565,4019.666,421,U,NA,1,3-3-,4019.631124,9,-157.7558621,21.30360441,329.3059998
F2,F1,608,1565,4019.666,421,U,NA,1,3-3-,4019.631124,9,-157.7558859,21.30349167,323.70401
F3,F2,607,1565,4019.666,421,U,NA,1,3-3-,4019.631124,9,-157.7558914,21.30340588,320.9620056
F4,F3,606,1565,4019.666,421,U,NA,1,3-3-,4019.631124,9,-157.7559205,21.30325705,317.1849976
F5,F4,605,1565,4019.666,421,U,NA,1,3-3-,4019.631124,9,-157.7560092,21.30303186,314.6409912
F6,F5,604,1565,4019.666,421,U,NA,1,3-3-,4019.631124,9,-157.7560564,21.3030006,314.0409851
F7,F6,603,1565,4019.666,421,U,NA,1,3-3-,4019.631124,9,-157.7561152,21.30287907,312.6749878
F8,F7,602,1565,4019.666,421,U,NA,1,3-3-,4019.631124,9,-157.7561386,21.30282054,310.9100037
F9,F8,601,1565,4019.666,421,U,NA,1,3-3-,4019.631124,9,-157.7561971,21.30273063,308.1099854
F10,F9,600,1565,4019.666,421,U,NA,1,3-3-,4019.631124,9,-157.75625,21.30262261,303.9370117
F11,F10,599,1565,4019.666,421,U,NA,1,3-3-,4019.631124,9,-157.7562845,21.30253254,301.1690063
F12,F11,598,1565,4019.666,421,U,NA,1,3-3-,4019.631124,9,-157.7563255,21.30237475,296.6180115
F13,F12,597,1565,4019.666,421,U,NA,1,3-3-,4019.631124,9,-157.7563262,21.30229346,294.4490051
F14,F13,596,1565,4019.666,421,U,NA,1,3-3-,4019.631124,9,-157.7563381,21.30215804,290.428009
F15,F14,595,1565,4019.666,421,U,NA,1,3-3-,4019.631124,9,-157.7563616,21.30209497,290.2179871
F16,F15,594,1565,4019.666,421,U,NA,1,3-3-,4019.631124,9,-157.7563373,21.30197284,287.1549988
F17,F16,593,1565,4019.666,421,U,NA,1,3-3-,4019.631124,9,-157.7560903,21.30168194,278.0180054
F18,F17,592,1565,4019.666,421,U,NA,1,3-3-,4019.631124,9,-157.7560022,21.3015503,274.6600037
F19,F18,591,1565,4019.666,421,U,NA,1,3-3-,4019.631124,9,-157.7559494,21.30153636,274.3349915
F20,F19,590,1565,4019.666,421,U,NA,1,3-3-,4019.631124,9,-157.7559208,21.30149549,273.197998
F21,F20,589,1565,4019.666,421,U,NA,1,3-3-,4019.631124,9,-157.7559022,21.30142308,271.1130066
F22,F21,588,1565,4019.666,421,U,NA,1,3-3-,4019.631124,9,-157.7559027,21.30121983,269.5350037
F23,F22,587,1565,4019.666,421,U,NA,1,3-3-,4019.631124,9,-157.7559442,21.30101236,266.6849976
F24,F23,586,1565,4019.666,421,U,NA,1,3-3-,4019.631124,9,-157.7559965,21.30080046,261.7640076
F25,F24,585,1565,4019.666,421,U,NA,1,3-3-,4019.631124,9,-157.7560256,21.30065162,256.6300049
F26,F25,584,1565,4019.666,421,U,NA,1,3-3-,4019.631124,9,-157.7560323,21.30056134,254.7519989
F27,F26,583,1565,4019.666,421,U,NA,1,3-3-,4019.631124,9,-157.7560734,21.30040807,251.9160004
F28,F27,582,1565,4019.666,421,U,NA,1,3-3-,4019.631124,9,-157.7560961,21.30028176,249.6829987
F29,F28,581,1565,4019.666,421,U,NA,1,3-3-,4019.631124,9,-157.7560964,21.30010109,244.4279938
F30,F29,580,1565,4019.666,421,U,NA,1,3-3-,4019.631124,9,-157.7561607,21.29977636,235.5090027
F31,F30,579,1565,4019.666,421,U,NA,1,3-3-,4019.631124,9,-157.7561608,21.29960924,233.677002
F32,F31,578,1565,4019.666,421,U,NA,1,3-3-,4019.631124,9,-157.7560906,21.29921576,226.3890076
F33,F32,577,1565,4019.666,421,U,NA,1,3-3-,4019.631124,9,-157.7561014,21.29908033,225.1560059
F34,F33,576,1565,4019.666,421,U,NA,1,3-3-,4019.631124,9,-157.7560665,21.29880003,216.6069946
F35,F34,575,1565,4019.666,421,U,NA,1,3-3-,4019.631124,9,-157.7560198,21.29861449,207.326004
F36,F35,574,1565,4019.666,421,U,NA,1,3-3-,4019.631124,9,-157.7560016,21.29848789,202.503006
F37,F36,573,1565,4019.666,421,U,NA,1,3-3-,4019.631124,9,-157.7559542,21.29838365,200.9279938
F38,F37,572,1565,4019.666,421,U,NA,1,3-3-,4019.631124,9,-157.7558606,21.29805322,196.5500031
F39,F38,571,1565,4019.666,421,U,NA,1,3-3-,4019.631124,9,-157.7558373,21.29796272,196.7079926
F40,F39,570,1565,4019.666,421,U,NA,1,3-3-,4019.631124,9,-157.755831,21.29784975,195.0879974
F41,F40,569,1565,4019.666,421,U,NA,1,3-3-,4019.631124,9,-157.7557956,21.29762817,193.3849945
F42,F41,568,1565,4019.666,421,U,NA,1,3-3-,4019.631124,9,-157.7557139,21.29729784,191.8040009
F43,F42,567,1565,4019.666,421,U,NA,1,3-3-,4019.631124,9,-157.7557132,21.29725266,190.6909943
F44,F43,566,1565,4019.666,421,U,NA,1,3-3-,4019.631124,9,-157.755678,21.29713948,190.6130066
F45,F44,565,1565,4019.666,421,U,NA,1,3-3-,4019.631124,9,-157.7556729,21.29702201,188.7120056
F46,F45,564,1565,4019.666,421,U,NA,1,3-3-,4019.631124,9,-157.7556495,21.29695408,186.7640076
F47,F46,563,1565,4019.666,421,U,NA,1,3-3-,4019.631124,9,-157.7556486,21.29689535,185.2279968
F48,F47,562,1565,4019.666,421,U,NA,1,3-3-,4019.631124,9,-157.7556013,21.29679563,181.2550049
F49,F48,561,1565,4019.666,421,U,NA,1,3-3-,4019.631124,9,-157.7555723,21.29666443,178.5449982
F50,F49,560,1565,4019.666,421,U,NA,1,3-3-,4019.631124,9,-157.7555487,21.29661005,176.9750061
F51,F50,559,1565,4019.666,421,U,NA,1,3-3-,4019.631124,9,-157.755531,21.29656023,175.8099976
F52,F51,558,1565,4019.666,421,U,NA,1,3-3-,4019.631124,9,-157.7555074,21.29651941,174.3350067
F53,F52,557,1565,4019.666,421,U,NA,1,3-3-,4019.631124,9,-157.7554899,21.29642894,172.2879944
F54,F53,556,1565,4019.666,421,U,NA,1,3-3-,4019.631124,9,-157.7554545,21.29620284,166.4019928
F55,F54,555,1565,4019.666,421,U,NA,1,3-3-,4019.631124,9,-157.7554485,21.29590016,159.0010071
F56,F55,554,1565,4019.666,421,U,NA,1,3-3-,4019.631124,9,-157.7553895,21.29562419,156.6519928
F57,F56,553,1565,4019.666,421,U,NA,1,3-3-,4019.631124,9,-157.7553841,21.2955564,156.0180054
F58,F57,552,1565,4019.666,421,U,NA,1,3-3-,4019.631124,9,-157.7553367,21.29544313,155.7510071
F59,F58,551,1565,4019.666,421,U,NA,1,3-3-,4019.631124,9,-157.75526,21.2949728,155.3410034
F60,F59,550,1565,4019.666,421,U,NA,1,3-3-,4019.631124,9,-157.7552248,21.29485059,151.4689941
F61,F60,549,1565,4019.666,421,U,NA,1,3-3-,4019.631124,9,-157.75519,21.29471031,146.973999
F62,F61,548,1565,4019.666,421,U,NA,1,3-3-,4019.631124,9,-157.7551842,21.29453862,143.2819977
F63,F62,547,1565,4019.666,421,U,NA,1,3-3-,4019.631124,9,-157.7551665,21.2944888,142.0630035
F64,F63,546,1565,4019.666,421,U,NA,1,3-3-,4019.631124,9,-157.7551892,21.29407794,133.2619934
F65,F64,545,1565,4019.666,421,U,NA,1,3-3-,4019.631124,9,-157.755196,21.29383408,127.973999
F66,F65,544,1565,4019.666,421,U,NA,1,3-3-,4019.631124,9,-157.7552312,21.29368077,123.7630005
F67,F66,543,1565,4019.666,421,U,NA,1,3-3-,4019.631124,9,-157.7554071,21.29295485,116.7440033
G1,,519,1442,10705.506,422,C,NA,1,3-3-,10705.3293,7,-157.7434664,21.32047272,1684.390015
G2,G1,518,1442,10705.506,422,C,NA,1,3-3-,10705.3293,7,-157.7434432,21.3202422,1668.719971
G3,G2,517,1442,10705.506,422,C,NA,1,3-3-,10705.3293,7,-157.7434248,21.3201201,1664.640015
G4,G3,516,1442,10705.506,422,C,NA,1,3-3-,10705.3293,7,-157.7434198,21.3197271,1651.040039
G5,G4,515,1442,10705.506,422,C,NA,1,3-3-,10705.3293,7,-157.7434311,21.31966847,1647.400024
G6,G5,514,1442,10705.506,422,C,NA,1,3-3-,10705.3293,7,-157.7434777,21.31957397,1635.569946
G7,G6,513,1442,10705.506,422,C,NA,1,3-3-,10705.3293,7,-157.743525,21.31953819,1628.869995
G8,G7,512,1442,10705.506,422,C,NA,1,3-3-,10705.3293,7,-157.7435315,21.31949307,1625.719971
G9,G8,511,1442,10705.506,422,C,NA,1,3-3-,10705.3293,7,-157.7435547,21.31943904,1620.849976
G10,G9,510,1442,10705.506,422,C,NA,1,3-3-,10705.3293,7,-157.7436193,21.3193537,1607.130005
G11,G10,509,1442,10705.506,422,C,NA,1,3-3-,10705.3293,7,-157.7437134,21.31920084,1596.300049
G12,G11,508,1442,10705.506,422,C,NA,1,3-3-,10705.3293,7,-157.7437544,21.3190566,1590.98999
G13,G12,507,1442,10705.506,422,C,NA,1,3-3-,10705.3293,7,-157.7438017,21.31888081,1583.390015
G14,G13,506,1442,10705.506,422,C,NA,1,3-3-,10705.3293,7,-157.7438252,21.31868676,1569.609985
G15,G14,505,1442,10705.506,422,C,NA,1,3-3-,10705.3293,7,-157.7438417,21.31857848,1561.140015
G16,G15,504,1442,10705.506,422,C,NA,1,3-3-,10705.3293,7,-157.7438604,21.31850635,1556.209961
G17,G16,503,1442,10705.506,422,C,NA,1,3-3-,10705.3293,7,-157.743878,21.31842969,1551.030029
G18,G17,502,1442,10705.506,422,C,NA,1,3-3-,10705.3293,7,-157.7439309,21.31830362,1543.469971
G19,G18,501,1442,10705.506,422,C,NA,1,3-3-,10705.3293,7,-157.743918,21.31810479,1536.540039
G20,G19,500,1442,10705.506,422,C,NA,1,3-3-,10705.3293,7,-157.7439305,21.31791518,1524.319946
G21,G20,499,1442,10705.506,422,C,NA,1,3-3-,10705.3293,7,-157.7438893,21.31751287,1508.829956
G22,G21,498,1442,10705.506,422,C,NA,1,3-3-,10705.3293,7,-157.7438543,21.31738614,1504.280029
G23,G22,497,1442,10705.506,422,C,NA,1,3-3-,10705.3293,7,-157.7438368,21.31732277,1501.48999
G24,G23,496,1442,10705.506,422,C,NA,1,3-3-,10705.3293,7,-157.7438179,21.31727295,1498.949951
G25,G24,495,1442,10705.506,422,C,NA,1,3-3-,10705.3293,7,-157.7438123,21.31722774,1496.27002
G26,G25,494,1442,10705.506,422,C,NA,1,3-3-,10705.3293,7,-157.7437777,21.31717328,1493.829956
G27,G26,493,1442,10705.506,422,C,NA,1,3-3-,10705.3293,7,-157.7437543,21.31710083,1491.01001
G28,G27,492,1442,10705.506,422,C,NA,1,3-3-,10705.3293,7,-157.7436778,21.31687442,1480.729981
G29,G28,491,1442,10705.506,422,C,NA,1,3-3-,10705.3293,7,-157.7436539,21.31657161,1468.219971
G30,G29,490,1442,10705.506,422,C,NA,1,3-3-,10705.3293,7,-157.7436598,21.31644067,1465.790039
G31,G30,489,1442,10705.506,422,C,NA,1,3-3-,10705.3293,7,-157.743713,21.31629654,1461.079956
G32,G31,488,1442,10705.506,422,C,NA,1,3-3-,10705.3293,7,-157.7437364,21.31623347,1457.119995
G33,G32,487,1442,10705.506,422,C,NA,1,3-3-,10705.3293,7,-157.743818,21.31599018,1440.219971
G34,G33,486,1442,10705.506,422,C,NA,1,3-3-,10705.3293,7,-157.7438659,21.31588665,1434.810059
G35,G34,485,1442,10705.506,422,C,NA,1,3-3-,10705.3293,7,-157.7438713,21.31581442,1431.780029
G36,G35,484,1442,10705.506,422,C,NA,1,3-3-,10705.3293,7,-157.7438829,21.31572418,1428.119995
G37,G36,483,1442,10705.506,422,C,NA,1,3-3-,10705.3293,7,-157.7439121,21.31539918,1426.400024
G38,G37,482,1442,10705.506,422,C,NA,1,3-3-,10705.3293,7,-157.7439186,21.31535406,1427.810059
G39,G38,481,1442,10705.506,422,C,NA,1,3-3-,10705.3293,7,-157.7440528,21.31516988,1421.849976
G40,G39,480,1442,10705.506,422,C,NA,1,3-3-,10705.3293,7,-157.7441124,21.31509353,1416.849976
G41,G40,479,1442,10705.506,422,C,NA,1,3-3-,10705.3293,7,-157.7444058,21.31474342,1383.790039
G42,G41,478,1442,10705.506,422,C,NA,1,3-3-,10705.3293,7,-157.7444581,21.31468058,1381.709961
G43,G42,477,1442,10705.506,422,C,NA,1,3-3-,10705.3293,7,-157.7445173,21.31453648,1376.229981
G44,G43,476,1442,10705.506,422,C,NA,1,3-3-,10705.3293,7,-157.7445172,21.31439646,1372.969971
G45,G44,475,1442,10705.506,422,C,NA,1,3-3-,10705.3293,7,-157.7445176,21.3140577,1360.300049
G46,G45,474,1442,10705.506,422,C,NA,1,3-3-,10705.3293,7,-157.7444942,21.31399429,1361.219971
G47,G46,473,1442,10705.506,422,C,NA,1,3-3-,10705.3293,7,-157.744494,21.31386781,1358.75
G48,G47,472,1442,10705.506,422,C,NA,1,3-3-,10705.3293,7,-157.7445225,21.31376414,1354.050049
G49,G48,471,1442,10705.506,422,C,NA,1,3-3-,10705.3293,7,-157.744617,21.3135616,1348.640015
G50,G49,470,1442,10705.506,422,C,NA,1,3-3-,10705.3293,7,-157.7446816,21.31348529,1342.02002
G51,G50,469,1442,10705.506,422,C,NA,1,3-3-,10705.3293,7,-157.7448404,21.3133555,1327.430054
G52,G51,468,1442,10705.506,422,C,NA,1,3-3-,10705.3293,7,-157.7449583,21.313257,1317.109985
G53,G52,467,1442,10705.506,422,C,NA,1,3-3-,10705.3293,7,-157.7450396,21.31318986,1311.369995
G54,G53,466,1442,10705.506,422,C,NA,1,3-3-,10705.3293,7,-157.7450931,21.31313154,1308.459961
G55,G54,465,1442,10705.506,422,C,NA,1,3-3-,10705.3293,7,-157.7450984,21.31307286,1305.76001
G56,G55,464,1442,10705.506,422,C,NA,1,3-3-,10705.3293,7,-157.7453984,21.3125105,1290.479981
G57,G56,463,1442,10705.506,422,C,NA,1,3-3-,10705.3293,7,-157.7454392,21.31239337,1285.900024
G58,G57,462,1442,10705.506,422,C,NA,1,3-3-,10705.3293,7,-157.7455099,21.31230355,1282.319946
G59,G58,461,1442,10705.506,422,C,NA,1,3-3-,10705.3293,7,-157.7455517,21.31219999,1277.959961
G60,G59,460,1442,10705.506,422,C,NA,1,3-3-,10705.3293,7,-157.7455632,21.3121278,1275.27002
G61,G60,459,1442,10705.506,422,C,NA,1,3-3-,10705.3293,7,-157.7455986,21.31206483,1272.849976
G62,G61,458,1442,10705.506,422,C,NA,1,3-3-,10705.3293,7,-157.7456214,21.31193853,1269.890015
G63,G62,457,1442,10705.506,422,C,NA,1,3-3-,10705.3293,7,-157.7456507,21.31175808,1267
G64,G63,456,1442,10705.506,422,C,NA,1,3-3-,10705.3293,7,-157.7456748,21.31117108,1257.780029
G65,G64,455,1442,10705.506,422,C,NA,1,3-3-,10705.3293,7,-157.7456797,21.31102205,1250.369995
G66,G65,454,1442,10705.506,422,C,NA,1,3-3-,10705.3293,7,-157.7456805,21.31064716,1235.959961
G67,G66,453,1442,10705.506,422,C,NA,1,3-3-,10705.3293,7,-157.7457032,21.31038988,1229.560059
G68,G67,452,1442,10705.506,422,C,NA,1,3-3-,10705.3293,7,-157.7457093,21.3102499,1225.630005
G69,G68,451,1442,10705.506,422,C,NA,1,3-3-,10705.3293,7,-157.7457568,21.31004248,1212.609985
G70,G69,450,1442,10705.506,422,C,NA,1,3-3-,10705.3293,7,-157.7457675,21.30991158,1204.229981
G71,G70,449,1442,10705.506,422,C,NA,1,3-3-,10705.3293,7,-157.7458677,21.30976327,1183.969971
G72,G71,448,1442,10705.506,422,C,NA,1,3-3-,10705.3293,7,-157.7459328,21.30960567,1171.75
G73,G72,447,1442,10705.506,422,C,NA,1,3-3-,10705.3293,7,-157.7459796,21.30948407,1163.229981
G74,G73,446,1442,10705.506,422,C,NA,1,3-3-,10705.3293,7,-157.7459795,21.30920402,1147.359985
G75,G74,445,1442,10705.506,422,C,NA,1,3-3-,10705.3293,7,-157.7459741,21.30914527,1143.439941
G76,G75,444,1442,10705.506,422,C,NA,1,3-3-,10705.3293,7,-157.7459503,21.3090954,1140.5
G77,G76,443,1442,10705.506,422,C,NA,1,3-3-,10705.3293,7,-157.7458915,21.30892784,1128.849976
G78,G77,442,1442,10705.506,422,C,NA,1,3-3-,10705.3293,7,-157.7458619,21.30887793,1127.369995
G79,G78,441,1442,10705.506,422,C,NA,1,3-3-,10705.3293,7,-157.745821,21.30871502,1122.180054
G80,G79,440,1442,10705.506,422,C,NA,1,3-3-,10705.3293,7,-157.7458204,21.3086563,1119.060059
G81,G80,439,1442,10705.506,422,C,NA,1,3-3-,10705.3293,7,-157.7457968,21.30858386,1116.5
G82,G81,438,1442,10705.506,422,C,NA,1,3-3-,10705.3293,7,-157.7457975,21.3085116,1112.650024
G83,G82,437,1442,10705.506,422,C,NA,1,3-3-,10705.3293,7,-157.7457739,21.30846173,1110.949951
G84,G83,436,1442,10705.506,422,C,NA,1,3-3-,10705.3293,7,-157.7457497,21.30831701,1102.410034
G85,G84,435,1442,10705.506,422,C,NA,1,3-3-,10705.3293,7,-157.7457443,21.30797369,1080.579956
G86,G85,434,1442,10705.506,422,C,NA,1,3-3-,10705.3293,7,-157.7457619,21.30787897,1076.130005
G87,G86,433,1442,10705.506,422,C,NA,1,3-3-,10705.3293,7,-157.7457851,21.30769396,1069.189941
G88,G87,432,1442,10705.506,422,C,NA,1,3-3-,10705.3293,7,-157.745821,21.30744128,1058.709961
G89,G88,431,1442,10705.506,422,C,NA,1,3-3-,10705.3293,7,-157.7458444,21.30738274,1054.02002
G90,G89,430,1442,10705.506,422,C,NA,1,3-3-,10705.3293,7,-157.7458499,21.307306,1050.050049
G91,G90,429,1442,10705.506,422,C,NA,1,3-3-,10705.3293,7,-157.7459084,21.30722965,1041.76001
G92,G91,428,1442,10705.506,422,C,NA,1,3-3-,10705.3293,7,-157.745926,21.30715751,1038
G93,G92,427,1442,10705.506,422,C,NA,1,3-3-,10705.3293,7,-157.7461432,21.30682489,1010.059998
G94,G93,426,1442,10705.506,422,C,NA,1,3-3-,10705.3293,7,-157.7461846,21.30678002,1004.73999
G95,G94,425,1442,10705.506,422,C,NA,1,3-3-,10705.3293,7,-157.746214,21.30671701,1003.549988
G96,G95,424,1442,10705.506,422,C,NA,1,3-3-,10705.3293,7,-157.7462969,21.30646921,996.5050049
G97,G96,423,1442,10705.506,422,C,NA,1,3-3-,10705.3293,7,-157.7462847,21.30618908,990.1459961
G98,G97,422,1442,10705.506,422,C,NA,1,3-3-,10705.3293,7,-157.7462962,21.30612592,988.1710205
G99,G98,421,1442,10705.506,422,C,NA,1,3-3-,10705.3293,7,-157.7463194,21.30607641,985.4400024
G100,G99,420,1442,10705.506,422,C,NA,1,3-3-,10705.3293,7,-157.7463841,21.30584202,979.7639771
G101,G100,419,1442,10705.506,422,C,NA,1,3-3-,10705.3293,7,-157.7464485,21.30577475,974.0939941
G102,G101,418,1442,10705.506,422,C,NA,1,3-3-,10705.3293,7,-157.746531,21.3057031,967.90802
G103,G102,417,1442,10705.506,422,C,NA,1,3-3-,10705.3293,7,-157.7466719,21.30559122,958.4370117
G104,G103,416,1442,10705.506,422,C,NA,1,3-3-,10705.3293,7,-157.7467133,21.30553733,955.4310303
G105,G104,415,1442,10705.506,422,C,NA,1,3-3-,10705.3293,7,-157.7467725,21.30537065,943.4710083
G106,G105,414,1442,10705.506,422,C,NA,1,3-3-,10705.3293,7,-157.7467427,21.30518976,933.5880127
G107,G106,413,1442,10705.506,422,C,NA,1,3-3-,10705.3293,7,-157.7466836,21.30506284,929.9290161
G108,G107,412,1442,10705.506,422,C,NA,1,3-3-,10705.3293,7,-157.7465427,21.30489467,930.9520264
G109,G108,411,1442,10705.506,422,C,NA,1,3-3-,10705.3293,7,-157.746478,21.30470449,923.7379761
G110,G109,410,1442,10705.506,422,C,NA,1,3-3-,10705.3293,7,-157.7464779,21.30459607,917.4869995
G111,G110,409,1442,10705.506,422,C,NA,1,3-3-,10705.3293,7,-157.7464664,21.30451921,914.4099731
G112,G111,408,1442,10705.506,422,C,NA,1,3-3-,10705.3293,7,-157.7464895,21.30435226,899.4210205
G113,G112,407,1442,10705.506,422,C,NA,1,3-3-,10705.3293,7,-157.7465192,21.30412664,881.0419922
G114,G113,406,1442,10705.506,422,C,NA,1,3-3-,10705.3293,7,-157.7465429,21.30403197,874.3889771
G115,G114,405,1442,10705.506,422,C,NA,1,3-3-,10705.3293,7,-157.7465725,21.30380634,862.0139771
G116,G115,404,1442,10705.506,422,C,NA,1,3-3-,10705.3293,7,-157.7466536,21.30362176,849.7109985
G117,G116,403,1442,10705.506,422,C,NA,1,3-3-,10705.3293,7,-157.7466953,21.30340526,836.8790283
G118,G117,402,1442,10705.506,422,C,NA,1,3-3-,10705.3293,7,-157.7467302,21.30325195,826.0159912
G119,G118,401,1442,10705.506,422,C,NA,1,3-3-,10705.3293,7,-157.7467886,21.30303559,808.9260254
G120,G119,400,1442,10705.506,422,C,NA,1,3-3-,10705.3293,7,-157.7468183,21.3029545,804.0780029
G121,G120,399,1442,10705.506,422,C,NA,1,3-3-,10705.3293,7,-157.7468242,21.30282356,800.2160034
G122,G121,398,1442,10705.506,422,C,NA,1,3-3-,10705.3293,7,-157.7468659,21.30273805,794.5170288
G123,G122,397,1442,10705.506,422,C,NA,1,3-3-,10705.3293,7,-157.7468713,21.30267937,793.0770264
G124,G123,396,1442,10705.506,422,C,NA,1,3-3-,10705.3293,7,-157.7469305,21.30252173,782.8980103
G125,G124,395,1442,10705.506,422,C,NA,1,3-3-,10705.3293,7,-157.7470293,21.30236437,771.5159912
G126,G125,394,1442,10705.506,422,C,NA,1,3-3-,10705.3293,7,-157.7470829,21.30230154,763.9920044
G127,G126,393,1442,10705.506,422,C,NA,1,3-3-,10705.3293,7,-157.7471237,21.30217988,760.8339844
G128,G127,392,1442,10705.506,422,C,NA,1,3-3-,10705.3293,7,-157.7472647,21.30204091,747.4060059
G129,G128,391,1442,10705.506,422,C,NA,1,3-3-,10705.3293,7,-157.7473763,21.30194238,733.4819946
G130,G129,390,1442,10705.506,422,C,NA,1,3-3-,10705.3293,7,-157.7476298,21.30175908,714.2119751
G131,G130,389,1442,10705.506,422,C,NA,1,3-3-,10705.3293,7,-157.747705,21.30167834,710.309021
G132,G131,388,1442,10705.506,422,C,NA,1,3-3-,10705.3293,7,-157.7477345,21.30161532,709.664978
G133,G132,387,1442,10705.506,422,C,NA,1,3-3-,10705.3293,7,-157.7477116,21.30147513,706.6119995
G134,G133,386,1442,10705.506,422,C,NA,1,3-3-,10705.3293,7,-157.7476933,21.30135756,704.2269897
G135,G134,385,1442,10705.506,422,C,NA,1,3-3-,10705.3293,7,-157.747764,21.3011187,694.0960083
G136,G135,384,1442,10705.506,422,C,NA,1,3-3-,10705.3293,7,-157.7478406,21.30090245,680.1389771
G137,G136,383,1442,10705.506,422,C,NA,1,3-3-,10705.3293,7,-157.7478518,21.30085737,678.3049927
G138,G137,382,1442,10705.506,422,C,NA,1,3-3-,10705.3293,7,-157.7479761,21.30055567,658.2940063
G139,G138,381,1442,10705.506,422,C,NA,1,3-3-,10705.3293,7,-157.748011,21.30041139,650.5679932
G140,G139,380,1442,10705.506,422,C,NA,1,3-3-,10705.3293,7,-157.748075,21.3002583,637.2600098
G141,G140,379,1442,10705.506,422,C,NA,1,3-3-,10705.3293,7,-157.7480874,21.30021323,633.1259766
G142,G141,378,1442,10705.506,422,C,NA,1,3-3-,10705.3293,7,-157.7480987,21.30016815,630.2109985
G143,G142,377,1442,10705.506,422,C,NA,1,3-3-,10705.3293,7,-157.7481698,21.30002866,617.2050171
G144,G143,376,1442,10705.506,422,C,NA,1,3-3-,10705.3293,7,-157.7483277,21.2995917,579.3770142
G145,G144,375,1442,10705.506,422,C,NA,1,3-3-,10705.3293,7,-157.7485036,21.2990284,560.7260132
G146,G145,374,1442,10705.506,422,C,NA,1,3-3-,10705.3293,7,-157.7485329,21.29897442,558.3359985
G147,G146,373,1442,10705.506,422,C,NA,1,3-3-,10705.3293,7,-157.7486686,21.29860506,547.0380249
G148,G147,372,1442,10705.506,422,C,NA,1,3-3-,10705.3293,7,-157.7486741,21.29853734,547.4719849
G149,G148,371,1442,10705.506,422,C,NA,1,3-3-,10705.3293,7,-157.7487389,21.29842039,540.7769775
G150,G149,370,1442,10705.506,422,C,NA,1,3-3-,10705.3293,7,-157.7487972,21.29835759,536.1929932
G151,G150,369,1442,10705.506,422,C,NA,1,3-3-,10705.3293,7,-157.7488618,21.29826322,529.4879761
G152,G151,368,1442,10705.506,422,C,NA,1,3-3-,10705.3293,7,-157.7489032,21.29822739,525.8549805
G153,G152,367,1442,10705.506,422,C,NA,1,3-3-,10705.3293,7,-157.7489624,21.29805168,519.940979
G154,G153,366,1442,10705.506,422,C,NA,1,3-3-,10705.3293,7,-157.7489739,21.29797498,518.5859985
G155,G154,365,1442,10705.506,422,C,NA,1,3-3-,10705.3293,7,-157.7490381,21.2977993,510.8399963
G156,G155,364,1442,10705.506,422,C,NA,1,3-3-,10705.3293,7,-157.7492437,21.29755693,483.644989
G157,G156,363,1442,10705.506,422,C,NA,1,3-3-,10705.3293,7,-157.7493671,21.29735459,465.8789978
G158,G157,362,1442,10705.506,422,C,NA,1,3-3-,10705.3293,7,-157.7494443,21.29721062,452.6679993
G159,G158,361,1442,10705.506,422,C,NA,1,3-3-,10705.3293,7,-157.7494668,21.29711594,445.1849976
G160,G159,360,1442,10705.506,422,C,NA,1,3-3-,10705.3293,7,-157.7495266,21.29702153,436.9240112
G161,G160,359,1442,10705.506,422,C,NA,1,3-3-,10705.3293,7,-157.7495672,21.29693602,428.7160034
G162,G161,358,1442,10705.506,422,C,NA,1,3-3-,10705.3293,7,-157.7496143,21.29677375,414.6080017
G163,G162,357,1442,10705.506,422,C,NA,1,3-3-,10705.3293,7,-157.7496607,21.29669731,409.2650146
G164,G163,356,1442,10705.506,422,C,NA,1,3-3-,10705.3293,7,-157.7496672,21.29663865,404.9710083
G165,G164,355,1442,10705.506,422,C,NA,1,3-3-,10705.3293,7,-157.7496906,21.29658462,401.1799927
G166,G165,354,1442,10705.506,422,C,NA,1,3-3-,10705.3293,7,-157.7496966,21.29630914,384.8829956
G167,G166,353,1442,10705.506,422,C,NA,1,3-3-,10705.3293,7,-157.7497079,21.29624147,383.1229858
G168,G167,352,1442,10705.506,422,C,NA,1,3-3-,10705.3293,7,-157.7498672,21.29593099,374.4309998
G169,G168,351,1442,10705.506,422,C,NA,1,3-3-,10705.3293,7,-157.750108,21.29567081,359.6600037
G170,G169,350,1442,10705.506,422,C,NA,1,3-3-,10705.3293,7,-157.7502196,21.29557678,351.3649902
G171,G170,349,1442,10705.506,422,C,NA,1,3-3-,10705.3293,7,-157.7502778,21.29551849,351.0429993
G172,G171,348,1442,10705.506,422,C,NA,1,3-3-,10705.3293,7,-157.7503132,21.29548262,348.6099854
G173,G172,347,1442,10705.506,422,C,NA,1,3-3-,10705.3293,7,-157.7504245,21.29543376,342.7829895
G174,G173,346,1442,10705.506,422,C,NA,1,3-3-,10705.3293,7,-157.7505653,21.29530382,331.3420105
G175,G174,345,1442,10705.506,422,C,NA,1,3-3-,10705.3293,7,-157.7506598,21.29525033,326.7659912
G176,G175,344,1442,10705.506,422,C,NA,1,3-3-,10705.3293,7,-157.750712,21.29520102,327.0899963
G177,G176,343,1442,10705.506,422,C,NA,1,3-3-,10705.3293,7,-157.7508827,21.29510293,322.2250061
G178,G177,342,1442,10705.506,422,C,NA,1,3-3-,10705.3293,7,-157.75133,21.29465005,283.4230042
G179,G178,341,1442,10705.506,422,C,NA,1,3-3-,10705.3293,7,-157.7514286,21.29451075,279.447998
G180,G179,340,1442,10705.506,422,C,NA,1,3-3-,10705.3293,7,-157.7515053,21.29441647,280.4930115
G181,G180,339,1442,10705.506,422,C,NA,1,3-3-,10705.3293,7,-157.7516169,21.29434052,276.6340027
G182,G181,338,1442,10705.506,422,C,NA,1,3-3-,10705.3293,7,-157.7517705,21.29426939,267.6839905
G183,G182,337,1442,10705.506,422,C,NA,1,3-3-,10705.3293,7,-157.7521699,21.2942046,245.3399963
G184,G183,336,1442,10705.506,422,C,NA,1,3-3-,10705.3293,7,-157.7523296,21.29413352,242.5370026
G185,G184,542,1564,1317.995,422,U,NA,1,3-3-,1317.983294,8,-157.7523296,21.29413352,242.5370026
G186,G185,541,1564,1317.995,422,U,NA,1,3-3-,1317.983294,8,-157.752528,21.29404465,237.7969971
G187,G186,540,1564,1317.995,422,U,NA,1,3-3-,1317.983294,8,-157.7525861,21.2939954,236.6119995
G188,G187,539,1564,1317.995,422,U,NA,1,3-3-,1317.983294,8,-157.7526751,21.29387862,234.2859955
G189,G188,538,1564,1317.995,422,U,NA,1,3-3-,1317.983294,8,-157.7527159,21.29376149,234.427002
G190,G189,537,1564,1317.995,422,U,NA,1,3-3-,1317.983294,8,-157.7527513,21.29369851,232.3999939
G191,G190,536,1564,1317.995,422,U,NA,1,3-3-,1317.983294,8,-157.7528219,21.29360418,227.3829956
G192,G191,535,1564,1317.995,422,U,NA,1,3-3-,1317.983294,8,-157.7528741,21.29356391,222.348999
G193,G192,534,1564,1317.995,422,U,NA,1,3-3-,1317.983294,8,-157.7529279,21.29348301,217.2740021
G194,G193,533,1564,1317.995,422,U,NA,1,3-3-,1317.983294,8,-157.7530336,21.29337539,208.201004
G195,G194,523,1564,1317.995,422,U,NA,1,3-3-,1317.983294,8,-157.7547256,21.29334728,142.8419952
G196,G195,524,1564,1317.995,422,U,NA,1,3-3-,1317.983294,8,-157.7546015,21.29334185,144.4539948
G197,G196,525,1564,1317.995,422,U,NA,1,3-3-,1317.983294,8,-157.7544908,21.29332296,145.1589966
G198,G197,522,1564,1317.995,422,U,NA,1,3-3-,1317.983294,8,-157.7548428,21.29329396,139.9369965
G199,G198,526,1564,1317.995,422,U,NA,1,3-3-,1317.983294,8,-157.7543791,21.29327244,146.5650024
G200,G199,527,1564,1317.995,422,U,NA,1,3-3-,1317.983294,8,-157.7542786,21.29319492,149.6710052
G201,G200,521,1564,1317.995,422,U,NA,1,3-3-,1317.983294,8,-157.755143,21.29313809,122.7269974
G202,G201,532,1564,1317.995,422,U,NA,1,3-3-,1317.983294,8,-157.7531803,21.29312805,195.1029968
G203,G202,528,1564,1317.995,422,U,NA,1,3-3-,1317.983294,8,-157.7539854,21.29308885,159.6150055
G204,G203,531,1564,1317.995,422,U,NA,1,3-3-,1317.983294,8,-157.7532627,21.29306543,192.5720062
G205,G204,530,1564,1317.995,422,U,NA,1,3-3-,1317.983294,8,-157.7534028,21.29301227,187.5200043
G206,G205,529,1564,1317.995,422,U,NA,1,3-3-,1317.983294,8,-157.753697,21.29300089,174.1660004
G207,G206,520,1564,1317.995,422,U,NA,1,3-3-,1317.983294,8,-157.7554071,21.29295485,116.7440033
H1,,725,1583,5466.487,463,U,NA,1,3-3-,5466.4888,10,-157.7554071,21.29295485,116.7440033
H2,H1,724,1583,5466.487,463,U,NA,1,3-3-,5466.4888,10,-157.755495,21.29267546,115.4300003
H3,H2,723,1583,5466.487,463,U,NA,1,3-3-,5466.4888,10,-157.7555188,21.29257626,115.7139969
H4,H3,722,1583,5466.487,463,U,NA,1,3-3-,5466.4888,10,-157.7556942,21.29219814,110.6529999
H5,H4,721,1583,5466.487,463,U,NA,1,3-3-,5466.4888,10,-157.7557417,21.29200879,107.4499969
H6,H5,720,1583,5466.487,463,U,NA,1,3-3-,5466.4888,10,-157.7557712,21.29192771,106.7799988
H7,H6,719,1583,5466.487,463,U,NA,1,3-3-,5466.4888,10,-157.7558528,21.29167536,101.7300034
H8,H7,718,1583,5466.487,463,U,NA,1,3-3-,5466.4888,10,-157.7559061,21.29151314,99.9442978
H9,H8,717,1583,5466.487,463,U,NA,1,3-3-,5466.4888,10,-157.7560175,21.29130619,96.8059998
H10,H9,716,1583,5466.487,463,U,NA,1,3-3-,5466.4888,10,-157.7560587,21.29126133,95.7538986
H11,H10,715,1583,5466.487,463,U,NA,1,3-3-,5466.4888,10,-157.7561525,21.29115362,95.0626984
H12,H11,714,1583,5466.487,463,U,NA,1,3-3-,5466.4888,10,-157.75627,21.29094219,94.202301
H13,H12,713,1583,5466.487,463,U,NA,1,3-3-,5466.4888,10,-157.7563164,21.29084769,92.7725983
H14,H13,712,1583,5466.487,463,U,NA,1,3-3-,5466.4888,10,-157.7563405,21.29071687,89.9231033
H15,H14,711,1583,5466.487,463,U,NA,1,3-3-,5466.4888,10,-157.7563581,21.29062215,89.185997
H16,H15,710,1583,5466.487,463,U,NA,1,3-3-,5466.4888,10,-157.7563819,21.29024291,86.5882034
H17,H16,709,1583,5466.487,463,U,NA,1,3-3-,5466.4888,10,-157.7563107,21.28996685,81.3595963
H18,H17,708,1583,5466.487,463,U,NA,1,3-3-,5466.4888,10,-157.7563051,21.28990357,80.3809967
H19,H18,707,1583,5466.487,463,U,NA,1,3-3-,5466.4888,10,-157.7562874,21.28985827,80.017601
H20,H19,706,1583,5466.487,463,U,NA,1,3-3-,5466.4888,10,-157.7562641,21.28976777,79.4494019
H21,H20,705,1583,5466.487,463,U,NA,1,3-3-,5466.4888,10,-157.7562464,21.28958696,78.030899
H22,H21,704,1583,5466.487,463,U,NA,1,3-3-,5466.4888,10,-157.7561988,21.28950982,76.2686005
H23,H22,703,1583,5466.487,463,U,NA,1,3-3-,5466.4888,10,-157.7561457,21.28938296,74.8432999
H24,H23,702,1583,5466.487,463,U,NA,1,3-3-,5466.4888,10,-157.7561222,21.28931051,74.0608978
H25,H24,701,1583,5466.487,463,U,NA,1,3-3-,5466.4888,10,-157.7561174,21.28917045,71.7101974
H26,H25,700,1583,5466.487,463,U,NA,1,3-3-,5466.4888,10,-157.756093,21.28905284,69.7413025
H27,H26,699,1583,5466.487,463,U,NA,1,3-3-,5466.4888,10,-157.7560643,21.28874547,63.1352005
H28,H27,698,1583,5466.487,463,U,NA,1,3-3-,5466.4888,10,-157.7560406,21.28870465,62.3807983
H29,H28,697,1583,5466.487,463,U,NA,1,3-3-,5466.4888,10,-157.7560166,21.28855089,60.0643005
H30,H29,696,1583,5466.487,463,U,NA,1,3-3-,5466.4888,10,-157.7559813,21.28843319,59.1567993
H31,H30,695,1583,5466.487,463,U,NA,1,3-3-,5466.4888,10,-157.7559693,21.28828857,58.7092018
H32,H31,694,1583,5466.487,463,U,NA,1,3-3-,5466.4888,10,-157.7559286,21.28811663,58.1869011
H33,H32,693,1583,5466.487,463,U,NA,1,3-3-,5466.4888,10,-157.7558817,21.2879627,55.5750008
H34,H33,692,1583,5466.487,463,U,NA,1,3-3-,5466.4888,10,-157.755875,21.28790393,55.9416008
H35,H34,691,1583,5466.487,463,U,NA,1,3-3-,5466.4888,10,-157.7558231,21.28777707,56.3773994
H36,H35,690,1583,5466.487,463,U,NA,1,3-3-,5466.4888,10,-157.7558103,21.28771375,56.2984009
H37,H36,689,1583,5466.487,463,U,NA,1,3-3-,5466.4888,10,-157.7557703,21.28760955,55.6735992
H38,H37,688,1583,5466.487,463,U,NA,1,3-3-,5466.4888,10,-157.7557166,21.28754141,55.0665016
H39,H38,687,1583,5466.487,463,U,NA,1,3-3-,5466.4888,10,-157.7556989,21.28749611,54.7571983
H40,H39,686,1583,5466.487,463,U,NA,1,3-3-,5466.4888,10,-157.7556344,21.28743691,53.1636009
H41,H40,685,1583,5466.487,463,U,NA,1,3-3-,5466.4888,10,-157.7556045,21.28740055,51.8115997
H42,H41,684,1583,5466.487,463,U,NA,1,3-3-,5466.4888,10,-157.7552813,21.28714521,43.2700996
H43,H42,683,1583,5466.487,463,U,NA,1,3-3-,5466.4888,10,-157.7546764,21.28657612,37.209301
H44,H43,682,1583,5466.487,463,U,NA,1,3-3-,5466.4888,10,-157.7546467,21.28653073,37.3569984
H45,H44,681,1583,5466.487,463,U,NA,1,3-3-,5466.4888,10,-157.754518,21.28636266,36.2220993
H46,H45,680,1583,5466.487,463,U,NA,1,3-3-,5466.4888,10,-157.7544351,21.28621299,37.4599991
H47,H46,679,1583,5466.487,463,U,NA,1,3-3-,5466.4888,10,-157.7543587,21.28610854,37.0741997
H48,H47,678,1583,5466.487,463,U,NA,1,3-3-,5466.4888,10,-157.7542944,21.28603127,35.7383003
H49,H48,677,1583,5466.487,463,U,NA,1,3-3-,5466.4888,10,-157.7541594,21.28575022,30.6706009
H50,H49,676,1583,5466.487,463,U,NA,1,3-3-,5466.4888,10,-157.7541297,21.28570031,29.9370995
H51,H50,675,1583,5466.487,463,U,NA,1,3-3-,5466.4888,10,-157.7540834,21.28561415,28.8064003
H52,H51,674,1583,5466.487,463,U,NA,1,3-3-,5466.4888,10,-157.7540412,21.28547834,27.1658001
H53,H52,673,1583,5466.487,463,U,NA,1,3-3-,5466.4888,10,-157.7539594,21.28531964,25.4148998
H54,H53,672,1583,5466.487,463,U,NA,1,3-3-,5466.4888,10,-157.7539121,21.28521992,24.3412991
H55,H54,671,1583,5466.487,463,U,NA,1,3-3-,5466.4888,10,-157.7538885,21.28516102,23.6718998
H56,H55,670,1583,5466.487,463,U,NA,1,3-3-,5466.4888,10,-157.7538599,21.28511112,23.0223999
H57,H56,669,1583,5466.487,463,U,NA,1,3-3-,5466.4888,10,-157.7538361,21.28506578,22.4645996
H58,H57,668,1583,5466.487,463,U,NA,1,3-3-,5466.4888,10,-157.7538128,21.28497527,21.5198002
H59,H58,667,1583,5466.487,463,U,NA,1,3-3-,5466.4888,10,-157.7537892,21.28491637,20.8792
H60,H59,666,1583,5466.487,463,U,NA,1,3-3-,5466.4888,10,-157.7537539,21.28483029,20.1573009
H61,H60,665,1583,5466.487,463,U,NA,1,3-3-,5466.4888,10,-157.7537182,21.28477582,19.9540997
H62,H61,664,1583,5466.487,463,U,NA,1,3-3-,5466.4888,10,-157.7536886,21.28470785,19.7980995
H63,H62,663,1583,5466.487,463,U,NA,1,3-3-,5466.4888,10,-157.7536364,21.28461712,19.5438995
H64,H63,662,1583,5466.487,463,U,NA,1,3-3-,5466.4888,10,-157.7536187,21.28456731,19.4636002
H65,H64,661,1583,5466.487,463,U,NA,1,3-3-,5466.4888,10,-157.7535655,21.28444045,19.3106003
H66,H65,660,1583,5466.487,463,U,NA,1,3-3-,5466.4888,10,-157.7535181,21.28435879,19.2073002
H67,H66,659,1583,5466.487,463,U,NA,1,3-3-,5466.4888,10,-157.7534473,21.28416404,19.4498005
H68,H67,658,1583,5466.487,463,U,NA,1,3-3-,5466.4888,10,-157.7534238,21.28410514,19.5370998
H69,H68,657,1583,5466.487,463,U,NA,1,3-3-,5466.4888,10,-157.7533181,21.2839282,19.8073997
H70,H69,656,1583,5466.487,463,U,NA,1,3-3-,5466.4888,10,-157.753266,21.28382393,19.7390003
H71,H70,655,1583,5466.487,463,U,NA,1,3-3-,5466.4888,10,-157.7532366,21.28374241,19.4438
H72,H71,654,1583,5466.487,463,U,NA,1,3-3-,5466.4888,10,-157.7532009,21.28369246,18.9556999
H73,H72,653,1583,5466.487,463,U,NA,1,3-3-,5466.4888,10,-157.7531773,21.28362001,18.6413994
H74,H73,652,1583,5466.487,463,U,NA,1,3-3-,5466.4888,10,-157.7531537,21.28355208,17.6431999
H75,H74,651,1583,5466.487,463,U,NA,1,3-3-,5466.4888,10,-157.7531421,21.2835023,16.8400002
H76,H75,650,1583,5466.487,463,U,NA,1,3-3-,5466.4888,10,-157.7530886,21.28341157,16.2950001
H77,H76,649,1583,5466.487,463,U,NA,1,3-3-,5466.4888,10,-157.7530427,21.28329832,15.3795004
H78,H77,648,1583,5466.487,463,U,NA,1,3-3-,5466.4888,10,-157.7530012,21.2832167,15.1327
H79,H78,647,1583,5466.487,463,U,NA,1,3-3-,5466.4888,10,-157.7529477,21.28313049,14.1463003
H80,H79,646,1583,5466.487,463,U,NA,1,3-3-,5466.4888,10,-157.752813,21.28281331,9.8718901
H81,H80,645,1583,5466.487,463,U,NA,1,3-3-,5466.4888,10,-157.7527954,21.28276348,9.6518803
H82,H81,644,1583,5466.487,463,U,NA,1,3-3-,5466.4888,10,-157.7526957,21.28259562,8.9247599
H83,H82,643,1583,5466.487,463,U,NA,1,3-3-,5466.4888,10,-157.7526779,21.28254129,8.7021999
H84,H83,642,1583,5466.487,463,U,NA,1,3-3-,5466.4888,10,-157.7525605,21.28232361,7.5124202
H85,H84,641,1583,5466.487,463,U,NA,1,3-3-,5466.4888,10,-157.7525538,21.28226484,7.12677
H86,H85,640,1583,5466.487,463,U,NA,1,3-3-,5466.4888,10,-157.7524484,21.2820608,5.5492501
H87,H86,639,1583,5466.487,463,U,NA,1,3-3-,5466.4888,10,-157.7524428,21.28201107,5.2600899
H88,H87,638,1583,5466.487,463,U,NA,1,3-3-,5466.4888,10,-157.7524021,21.28197463,5.0806198
H89,H88,637,1583,5466.487,463,U,NA,1,3-3-,5466.4888,10,-157.7523666,21.28189758,5.0690098
H90,H89,636,1583,5466.487,463,U,NA,1,3-3-,5466.4888,10,-157.7523192,21.28180238,4.9716401
H91,H90,635,1583,5466.487,463,U,NA,1,3-3-,5466.4888,10,-157.7522898,21.28172085,5.0614901
H92,H91,634,1583,5466.487,463,U,NA,1,3-3-,5466.4888,10,-157.7522599,21.28167094,5.5574598
H93,H92,633,1583,5466.487,463,U,NA,1,3-3-,5466.4888,10,-157.7522543,21.28162122,5.1831298
H94,H93,632,1583,5466.487,463,U,NA,1,3-3-,5466.4888,10,-157.7519903,21.28107723,5.2487102
H95,H94,631,1583,5466.487,463,U,NA,1,3-3-,5466.4888,10,-157.7519488,21.28100013,4.9011502
H96,H95,630,1583,5466.487,463,U,NA,1,3-3-,5466.4888,10,-157.7519373,21.28094133,4.1355801
H97,H96,629,1583,5466.487,463,U,NA,1,3-3-,5466.4888,10,-157.7518898,21.28085516,3.42873
H98,H97,628,1583,5466.487,463,U,NA,1,3-3-,5466.4888,10,-157.7518484,21.28075548,2.4718299
H99,H98,627,1583,5466.487,463,U,NA,1,3-3-,5466.4888,10,-157.751808,21.28069646,2.1217401
H100,H99,626,1583,5466.487,463,U,NA,1,3-3-,5466.4888,10,-157.7517904,21.28064213,1.77393
H101,H100,625,1583,5466.487,463,U,NA,1,3-3-,5466.4888,10,-157.7517428,21.28056951,1.52837
H102,H101,624,1583,5466.487,463,U,NA,1,3-3-,5466.4888,10,-157.7516955,21.28046075,1.2769001
H103,H102,623,1583,5466.487,463,U,NA,1,3-3-,5466.4888,10,-157.7516779,21.28041094,1.2434601
H104,H103,622,1583,5466.487,463,U,NA,1,3-3-,5466.4888,10,-157.7516663,21.28034762,1.2089601
H105,H104,621,1583,5466.487,463,U,NA,1,3-3-,5466.4888,10,-157.7516022,21.28024324,1.14881
H106,H105,620,1583,5466.487,463,U,NA,1,3-3-,5466.4888,10,-157.7515849,21.2801573,1.1467
H107,H106,619,1583,5466.487,463,U,NA,1,3-3-,5466.4888,10,-157.7515198,21.28001228,1.12839
H108,H107,618,1583,5466.487,463,U,NA,1,3-3-,5466.4888,10,-157.7514722,21.27993965,1.1037101
H109,H108,617,1583,5466.487,463,U,NA,1,3-3-,5466.4888,10,-157.7514311,21.27982191,1.09879
H110,H109,616,1583,5466.487,463,U,NA,1,3-3-,5466.4888,10,-157.7514086,21.27977657,1.0877
H111,H110,615,1583,5466.487,463,U,NA,1,3-3-,5466.4888,10,-157.7513612,21.27968588,1.06523
H112,H111,614,1583,5466.487,463,U,NA,1,3-3-,5466.4888,10,-157.7513495,21.2796361,1.0668499
H113,H112,613,1583,5466.487,463,U,NA,1,3-3-,5466.4888,10,-157.7513138,21.27958164,1.04327
H114,H113,612,1583,5466.487,463,U,NA,1,3-3-,5466.4888,10,-157.7512903,21.27951372,1.0305901
H115,H114,611,1583,5466.487,463,U,NA,1,3-3-,5466.4888,10,-157.7512489,21.27941404,1.00603
H116,H115,610,1583,5466.487,463,U,NA,1,3-3-,5466.4888,10,-157.7512254,21.2793461,0.98941
I1,,726,1584,960.631,675,U,NA,1,3-3-,960.6335124,11,-157.7512254,21.2793461,0.98941
I2,I1,727,1584,960.631,675,U,NA,1,3-3-,960.6335124,11,-157.7511434,21.27921451,0.920139
I3,I2,728,1584,960.631,675,U,NA,1,3-3-,960.6335124,11,-157.7508971,21.2787113,0.631559
I4,I3,729,1584,960.631,675,U,NA,1,3-3-,960.6335124,11,-157.7508733,21.27867048,0.599879
I5,I4,730,1584,960.631,675,U,NA,1,3-3-,960.6335124,11,-157.7508556,21.27862066,0.568792
I6,I5,731,1584,960.631,675,U,NA,1,3-3-,960.6335124,11,-157.7507619,21.27846188,0.440798
I7,I6,732,1584,960.631,675,U,NA,1,3-3-,960.6335124,11,-157.7507442,21.27841205,0.410435
I8,I7,733,1584,960.631,675,U,NA,1,3-3-,960.6335124,11,-157.750615,21.27816719,0.245651
I9,I8,734,1584,960.631,675,U,NA,1,3-3-,960.6335124,11,-157.7504678,21.27789959,0.114976
I10,I9,735,1584,960.631,675,U,NA,1,3-3-,960.6335124,11,-157.7504501,21.27784526,0.100434
I11,I10,736,1584,960.631,675,U,NA,1,3-3-,960.6335124,11,-157.7503967,21.27775001,0.0723063
I12,I11,737,1584,960.631,675,U,NA,1,3-3-,960.6335124,11,-157.7502558,21.27745988,0.0306317
I13,I12,738,1584,960.631,675,U,NA,1,3-3-,960.6335124,11,-157.7502322,21.27741454,0.0266707
I14,I13,739,1584,960.631,675,U,NA,1,3-3-,960.6335124,11,-157.7501905,21.27734196,0.0242848
I15,I14,740,1584,960.631,675,U,NA,1,3-3-,960.6335124,11,-157.7501682,21.2772921,0.023292
I16,I15,741,1584,960.631,675,U,NA,1,3-3-,960.6335124,11,-157.7500624,21.27711064,0.0191633
I17,I16,742,1584,960.631,675,U,NA,1,3-3-,960.6335124,11,-157.7500496,21.27706087,0.0164684
I18,I17,743,1584,960.631,675,U,NA,1,3-3-,960.6335124,11,-157.7499997,21.27697438,0.0151299
I19,I18,771,1585,955.08,678,U,NA,1,3-3-,955.0816521,12,-157.7512254,21.2793461,0.98941
I20,I19,770,1585,955.08,678,U,NA,1,3-3-,955.0816521,12,-157.7512133,21.27920147,0.980009
I21,I20,769,1585,955.08,678,U,NA,1,3-3-,955.0816521,12,-157.7511852,21.27911996,0.951177
I22,I21,768,1585,955.08,678,U,NA,1,3-3-,955.0816521,12,-157.7511616,21.27906107,0.922411
I23,I22,767,1585,955.08,678,U,NA,1,3-3-,955.0816521,12,-157.7511261,21.27897047,0.880288
I24,I23,766,1585,955.08,678,U,NA,1,3-3-,955.0816521,12,-157.7510907,21.27890245,0.835898
I25,I24,765,1585,955.08,678,U,NA,1,3-3-,955.0816521,12,-157.751061,21.27882996,0.795215
I26,I25,764,1585,955.08,678,U,NA,1,3-3-,955.0816521,12,-157.7510435,21.27878015,0.765528
I27,I26,763,1585,955.08,678,U,NA,1,3-3-,955.0816521,12,-157.751026,21.27871678,0.73206
I28,I27,762,1585,955.08,678,U,NA,1,3-3-,955.0816521,12,-157.7509903,21.27865327,0.684501
I29,I28,761,1585,955.08,678,U,NA,1,3-3-,955.0816521,12,-157.7509548,21.27857623,0.630449
I30,I29,760,1585,955.08,678,U,NA,1,3-3-,955.0816521,12,-157.7509146,21.27848107,0.562675
I31,I30,759,1585,955.08,678,U,NA,1,3-3-,955.0816521,12,-157.7507726,21.27817739,0.346379
I32,I31,758,1585,955.08,678,U,NA,1,3-3-,955.0816521,12,-157.750761,21.27812762,0.32067
I33,I32,757,1585,955.08,678,U,NA,1,3-3-,955.0816521,12,-157.7507374,21.27807324,0.287335
I34,I33,756,1585,955.08,678,U,NA,1,3-3-,955.0816521,12,-157.7506961,21.27796001,0.227236
I35,I34,755,1585,955.08,678,U,NA,1,3-3-,955.0816521,12,-157.7506496,21.27790998,0.190433
I36,I35,754,1585,955.08,678,U,NA,1,3-3-,955.0816521,12,-157.750626,21.2778556,0.165817
I37,I36,753,1585,955.08,678,U,NA,1,3-3-,955.0816521,12,-157.7505031,21.27758368,0.070896
I38,I37,752,1585,955.08,678,U,NA,1,3-3-,955.0816521,12,-157.7504795,21.27751123,0.056317
I39,I38,751,1585,955.08,678,U,NA,1,3-3-,955.0816521,12,-157.750444,21.27744321,0.043241
I40,I39,750,1585,955.08,678,U,NA,1,3-3-,955.0816521,12,-157.7504146,21.27734362,0.0295425
I41,I40,749,1585,955.08,678,U,NA,1,3-3-,955.0816521,12,-157.750385,21.27729823,0.0235102
I42,I41,748,1585,955.08,678,U,NA,1,3-3-,955.0816521,12,-157.750327,21.27717585,0.0129953
I43,I42,747,1585,955.08,678,U,NA,1,3-3-,955.0816521,12,-157.7502973,21.27712142,0.0097121
I44,I43,746,1585,955.08,678,U,NA,1,3-3-,955.0816521,12,-157.750256,21.27701723,0.004413
I45,I44,745,1585,955.08,678,U,NA,1,3-3-,955.0816521,12,-157.7502203,21.27696727,0.0038158
I46,I45,744,1585,955.08,678,U,NA,1,3-3-,955.0816521,12,-157.7502208,21.27691308,0.0038674