"Name","Nodes2","Nodes1","length","Roughness","InOffset","OutOffset","InitFlow","MaxFlow","TYPE","Elevation1","Elevation2"
3002,18959,2648,150.37243898366,1.18,0,0,0,0,"Reinforced Concrete Pipe",721.7406006,698.4336548
3003,10580,18959,80.3543956156529,1.18,0,0,0,0,"Reinforced Concrete Pipe",698.4336548,698.2453003
3004,29986,27272,246.744915631788,1.18,0,0,0,0,"Reinforced Concrete Pipe",596.0506592,542.5026245
3005,35589,33692,105.127211374591,1.18,0,0,0,0,"Reinforced Concrete Pipe",639.6027222,604.626709
3013,13293,32776,52.8200762649127,1.18,0,0,0,0,"Reinforced Concrete Pipe",216.0626526,203.1430817
3014,32776,25419,80.9208184752543,1.18,0,0,0,0,"Reinforced Concrete Pipe",234.1472778,216.0626526
3015,52082,41030,152.203675391561,1.18,0,0,0,0,"Reinforced Concrete Pipe",3.0715616,1.3035971
3084,23544,24472,26.0656954818624,1.18,0,0,0,0,"Reinforced Concrete Pipe",33.1007309,31.7177601
3085,51140,2638,75.7265666830153,1.18,0,0,0,0,"Reinforced Concrete Pipe",62.5857353,61.5422478
3086,24473,39236,128.285873826788,1.18,0,0,0,0,"Reinforced Concrete Pipe",36.1767693,31.8865757
3087,41073,24472,137.745397088431,1.18,0,0,0,0,"Reinforced Concrete Pipe",33.1007309,27.4679012
3088,32786,56640,208.629223520228,1.18,0,0,0,0,"Reinforced Concrete Pipe",697.0488892,690.3546753
3089,58483,45641,46.9670863349923,1.18,0,0,0,0,"Reinforced Concrete Pipe",667.6033325,663.6933594
3090,2650,35589,107.949154732475,1.18,0,0,0,0,"Reinforced Concrete Pipe",604.626709,560.6580811
3104,55705,2205,118.762198125423,1.18,0,0,0,0,"Reinforced Concrete Pipe",13.4279785,9.2979136
3105,48342,25353,133.319945297057,1.18,0,0,0,0,"Reinforced Concrete Pipe",10.2442293,8.1447077
3124,57628,46621,126.097229281662,1.18,0,0,0,0,"Reinforced Concrete Pipe",860.9306641,854.5317993
3125,3225,40222,41.8012991959457,1.18,0,0,0,0,"Reinforced Concrete Pipe",772.8182373,753.9577026
3163,44719,42912,110.85970675028,1.18,0,0,0,0,"Reinforced Concrete Pipe",502.1308289,471.811676
3164,14269,44719,34.7093107306125,1.18,0,0,0,0,"Reinforced Concrete Pipe",471.811676,462.5736389
3175,2646,2645,224.276605673166,1.18,0,0,0,0,"Reinforced Concrete Pipe",802.4629517,789.6818848
3176,45639,15190,16.7523432477511,1.18,0,0,0,0,"Reinforced Concrete Pipe",784.7086182,781.6346436
3177,51141,47476,54.7395881124184,1.18,0,0,0,0,"Reinforced Concrete Pipe",678.447876,657.939209
3178,2647,27272,32.7803104378173,1.18,0,0,0,0,"Reinforced Concrete Pipe",596.0506592,590.1793823
3200,55703,9558,16.707477109792,1.18,0,0,0,0,"Reinforced Concrete Pipe",31.6077595,31.1799641
3201,30879,2196,127.827979445354,1.18,0,0,0,0,"Reinforced Concrete Pipe",19.9512062,19.6924553
3202,30880,8634,298.255798524246,1.18,0,0,0,0,"Reinforced Concrete Pipe",28.4035301,27.1276054
3203,30880,52989,88.1045368442092,1.18,0,0,0,0,"Reinforced Concrete Pipe",28.4495354,27.1276054
3204,31846,18889,130.733428285016,1.18,0,0,0,0,"Reinforced Concrete Pipe",71.0958786,54.4198685
3205,20751,45579,71.0952465203016,1.18,0,0,0,0,"Reinforced Concrete Pipe",25.6015491,23.5913506
3206,45579,18890,25.8542528177404,1.18,0,0,0,0,"Reinforced Concrete Pipe",25.8631153,25.6015491
3207,45579,49223,230.127033925954,1.18,0,0,0,0,"Reinforced Concrete Pipe",33.6307831,25.6015491
3208,52075,49223,229.499166645139,1.18,0,0,0,0,"Reinforced Concrete Pipe",33.6307831,31.5056419
3209,43755,44656,147.003880781027,1.18,0,0,0,0,"Reinforced Concrete Pipe",15.4939823,14.9630136
3250,38313,29975,58.8167970648403,1.18,0,0,0,0,"Reinforced Concrete Pipe",177.7173157,176.7416229
3251,29077,41959,16.5198724234218,1.18,0,0,0,0,"Reinforced Concrete Pipe",109.6249313,108.6134033
3253,41914,2199,37.8672388284856,1.18,0,0,0,0,"Reinforced Concrete Pipe",32.8685837,31.8927727
3254,46468,57492,232.30895340455,1.18,0,0,0,0,"Reinforced Concrete Pipe",45.6091499,21.9254932
3324,2295,28162,143.572891115211,1.18,0,0,0,0,"Reinforced Concrete Pipe",531.7342529,527.348877
3325,20765,2295,171.56565262382,1.18,0,0,0,0,"Reinforced Concrete Pipe",527.348877,527.2501831
3327,45589,20765,54.8065887788435,1.18,0,0,0,0,"Reinforced Concrete Pipe",527.2501831,518.0449219
3363,38314,33681,26.7669737372294,1.18,0,0,0,0,"Reinforced Concrete Pipe",83.8812485,82.6796875
3375,54757,2206,106.420681925665,1.18,0,0,0,0,"Reinforced Concrete Pipe",16.0292988,14.7343559
3376,2206,20750,23.6456114788138,1.18,0,0,0,0,"Reinforced Concrete Pipe",16.1092014,16.0292988
3485,36507,29977,13.4006719314707,1.18,0,0,0,0,"Reinforced Concrete Pipe",79.7494049,78.5354691
3486,16125,14258,18.7451324814571,1.18,0,0,0,0,"Reinforced Concrete Pipe",61.1221046,60.527256
3510,39224,21693,32.2679522392422,1.18,0,0,0,0,"Reinforced Concrete Pipe",202.2307129,197.0371094
3511,33679,29973,12.2843575927506,1.18,0,0,0,0,"Reinforced Concrete Pipe",113.4195023,113.266983
3512,29073,34620,89.5180004550755,1.18,0,0,0,0,"Reinforced Concrete Pipe",258.3656006,244.8306732
3513,50231,50230,24.2840741784749,1.18,0,0,0,0,"Reinforced Concrete Pipe",248.6217651,244.983139
3514,34621,9611,145.592934234463,1.18,0,0,0,0,"Reinforced Concrete Pipe",127.6838531,101.5271149
3515,38314,50233,46.3123945351636,1.18,0,0,0,0,"Reinforced Concrete Pipe",88.0606842,82.6796875
3516,52129,26353,46.4241592052174,1.18,0,0,0,0,"Reinforced Concrete Pipe",91.588974,91.0291901
3517,57545,38313,251.955118251641,1.18,0,0,0,0,"Reinforced Concrete Pipe",176.7416229,130.663269
3518,56628,23529,34.0328551281522,1.18,0,0,0,0,"Reinforced Concrete Pipe",162.4220734,156.1085815
3519,56628,40134,18.9605201515,1.18,0,0,0,0,"Reinforced Concrete Pipe",158.2100677,156.1085815
3540,48404,30947,36.3866313466818,1.18,0,0,0,0,"Reinforced Concrete Pipe",51.9780273,51.5896225
3547,28162,41976,91.3662670724286,1.18,0,0,0,0,"Reinforced Concrete Pipe",539.0309448,531.7342529
3822,41060,48394,135.813936823609,1.18,0,0,0,0,"Reinforced Concrete Pipe",148.686554,144.8555603
3823,48395,34619,62.4410104054067,1.18,0,0,0,0,"Reinforced Concrete Pipe",233.9842224,206.4663849
3824,50229,48395,73.2772634583654,1.18,0,0,0,0,"Reinforced Concrete Pipe",206.4663849,182.2015991
3911,12438,50186,61.1966750143571,1.18,0,0,0,0,"Reinforced Concrete Pipe",2.2504237,1.8328592
4178,27266,12374,44.160299037495,1.18,0,0,0,0,"Reinforced Concrete Pipe",110.8703308,101.1817398
4179,35579,2571,244.541464749409,1.18,0,0,0,0,"Reinforced Concrete Pipe",94.6541672,87.411438
4325,42095,38329,98.1473637610751,1.18,0,0,0,0,"Reinforced Concrete Pipe",24.1424503,21.2965298
4326,10579,22618,41.6935846508382,1.18,0,0,0,0,"Reinforced Concrete Pipe",48.7670326,45.5481949
4327,38329,40145,102.622846583447,1.18,0,0,0,0,"Reinforced Concrete Pipe",28.5505676,24.1424503
4329,14268,33693,101.636729667657,1.18,0,0,0,0,"Reinforced Concrete Pipe",581.946167,542.9682617
4330,50249,32786,246.65519911221,1.18,0,0,0,0,"Reinforced Concrete Pipe",690.3546753,656.6956177
4331,22621,14270,155.528649889686,1.18,0,0,0,0,"Reinforced Concrete Pipe",592.8831787,577.5054932
4478,50235,50234,67.1629078746115,1.18,0,0,0,0,"Reinforced Concrete Pipe",84.1085968,79.7168732
4479,50235,38314,38.7114884619889,1.18,0,0,0,0,"Reinforced Concrete Pipe",82.6796875,79.7168732
4506,10570,2575,172.96590152648,1.18,0,0,0,0,"Reinforced Concrete Pipe",99.9930038,87.8403168
4507,2575,29976,84.2365926962367,1.18,0,0,0,0,"Reinforced Concrete Pipe",106.7259827,99.9930038
4508,29976,47469,59.1024118267202,1.18,0,0,0,0,"Reinforced Concrete Pipe",113.4318237,106.7259827
4521,11505,22612,52.9063144568515,1.18,0,0,0,0,"Reinforced Concrete Pipe",65.8772736,61.2662811
4522,11505,42904,38.5003425674422,1.18,0,0,0,0,"Reinforced Concrete Pipe",63.9243469,61.2662811
4523,52141,53063,48.6959375376092,1.18,0,0,0,0,"Reinforced Concrete Pipe",97.7081985,89.7439804
4524,13296,52141,188.947235661802,1.18,0,0,0,0,"Reinforced Concrete Pipe",89.7439804,81.3485947
4525,38326,56638,29.1769017183073,1.18,0,0,0,0,"Reinforced Concrete Pipe",62.4893799,61.0104713
4526,53064,52130,141.126202523126,1.18,0,0,0,0,"Reinforced Concrete Pipe",58.9171638,54.0661774
4527,30946,53916,194.783206743942,1.18,0,0,0,0,"Reinforced Concrete Pipe",77.2692032,60.003727
4632,17146,58563,90.1755086963505,1.18,0,0,0,0,"Reinforced Concrete Pipe",798.2046509,764.4620361
4633,34727,18110,113.419729982672,1.18,0,0,0,0,"Reinforced Concrete Pipe",713.0823364,697.7877808
4634,24552,43897,99.5044183755512,1.18,0,0,0,0,"Reinforced Concrete Pipe",763.7380981,737.9514771
4651,23530,54803,27.9183354108239,1.18,0,0,0,0,"Reinforced Concrete Pipe",67.2197876,67.1463623
4790,58563,18109,14.2552661886105,1.18,0,0,0,0,"Reinforced Concrete Pipe",800.6612549,798.2046509
4838,27329,10630,46.9159861487851,1.18,0,0,0,0,"Reinforced Concrete Pipe",456.8103333,451.6888733
4849,33750,33758,121.557836321366,1.18,0,0,0,0,"Reinforced Concrete Pipe",271.7280579,258.3948669
4951,32778,29079,36.251160436444,1.18,0,0,0,0,"Reinforced Concrete Pipe",95.7869263,89.8166351
4952,55758,8685,58.090659970741,1.18,0,0,0,0,"Reinforced Concrete Pipe",116.3416977,102.2869949
4953,29977,8684,21.4024648365207,1.18,0,0,0,0,"Reinforced Concrete Pipe",81.7212677,79.7494049
4954,53052,29977,62.3233652797583,1.18,0,0,0,0,"Reinforced Concrete Pipe",79.7494049,77.3473587
4955,29080,28152,49.5891317826445,1.18,0,0,0,0,"Reinforced Concrete Pipe",65.4779282,65.0449371
4956,45638,19880,144.865348738723,1.18,0,0,0,0,"Reinforced Concrete Pipe",44.5444107,37.8973389
4957,2635,54815,236.529504266694,1.18,0,0,0,0,"Reinforced Concrete Pipe",77.7288742,37.3546448
4958,25430,36514,162.743044998307,1.18,0,0,0,0,"Reinforced Concrete Pipe",34.1882439,33.9948387
4959,20806,35588,80.1127179180131,1.18,0,0,0,0,"Reinforced Concrete Pipe",33.4693832,32.5326805
4963,7715,41960,47.2628657879393,1.18,0,0,0,0,"Reinforced Concrete Pipe",146.217392,140.5265198
4964,58475,27267,26.6288634550323,1.18,0,0,0,0,"Reinforced Concrete Pipe",98.4137421,91.6914368
4965,22610,58475,33.5669560186843,1.18,0,0,0,0,"Reinforced Concrete Pipe",91.6914368,87.0460815
4966,23530,7716,65.0154104522204,1.18,0,0,0,0,"Reinforced Concrete Pipe",70.8142776,67.1463623
5074,2566,38312,214.304926367456,1.18,0,0,0,0,"Reinforced Concrete Pipe",134.9994507,121.4839096
5075,14256,2569,59.092413030442,1.18,0,0,0,0,"Reinforced Concrete Pipe",131.7811584,126.1673965
5076,50232,41954,81.3931732820789,1.18,0,0,0,0,"Reinforced Concrete Pipe",113.2524643,95.2240677
5205,9612,52128,41.5609485128274,1.18,0,0,0,0,"Reinforced Concrete Pipe",217.6502075,208.3097076
5206,49272,46514,63.5688175856349,1.18,0,0,0,0,"Reinforced Concrete Pipe",113.8648987,111.5610428
5207,35579,29074,63.4335728103587,1.18,0,0,0,0,"Reinforced Concrete Pipe",90.8323975,87.411438
5208,35579,2570,69.8958372951465,1.18,0,0,0,0,"Reinforced Concrete Pipe",90.4478683,87.411438
5209,51129,35579,33.9774601290723,1.18,0,0,0,0,"Reinforced Concrete Pipe",87.411438,86.748085
5210,26352,33680,49.2144846809542,1.18,0,0,0,0,"Reinforced Concrete Pipe",130.2662659,130.2548218
5211,26352,13294,18.4168212125765,1.18,0,0,0,0,"Reinforced Concrete Pipe",132.7226257,130.2548218
5459,21638,22555,76.3452824413577,1.18,0,0,0,0,"Reinforced Concrete Pipe",16.2106571,15.7710552
5460,22555,2201,63.7873116828034,1.18,0,0,0,0,"Reinforced Concrete Pipe",16.5515003,16.2106571
5461,7660,14200,29.4453090311573,1.18,0,0,0,0,"Reinforced Concrete Pipe",32.5167847,31.0664349
5462,14200,26301,20.0502264991118,1.18,0,0,0,0,"Reinforced Concrete Pipe",33.05653,32.5167847
5463,2202,44655,41.0606332533313,1.18,0,0,0,0,"Reinforced Concrete Pipe",57.7747421,55.283062
5464,43754,55704,104.559092959976,1.18,0,0,0,0,"Reinforced Concrete Pipe",99.2837601,64.3970108
5470,2648,45640,105.727876925886,1.18,0,0,0,0,"Reinforced Concrete Pipe",739.3460693,721.7406006
5601,22620,24474,131.182824234641,1.18,0,0,0,0,"Reinforced Concrete Pipe",593.9641724,590.7495728
5602,31903,20807,164.025141916192,1.18,0,0,0,0,"Reinforced Concrete Pipe",601.6674805,593.6755371
5616,2284,23482,335.530534761369,1.18,0,0,0,0,"Reinforced Concrete Pipe",3.489248,2.976712
5617,50186,2284,134.722698648712,1.18,0,0,0,0,"Reinforced Concrete Pipe",2.976712,2.2504237
5806,13306,23546,96.1827126852471,1.18,0,0,0,0,"Reinforced Concrete Pipe",531.7474365,497.4439697
5811,55718,2287,219.387286860542,1.18,0,0,0,0,"Reinforced Concrete Pipe",6.6570764,4.1164837
5831,36606,46619,110.773504046434,1.18,0,0,0,0,"Reinforced Concrete Pipe",822.1057129,811.5275269
5832,3112,23611,118.307850658851,1.18,0,0,0,0,"Reinforced Concrete Pipe",383.2931824,372.9949646
5833,43875,3112,36.6350401830395,1.18,0,0,0,0,"Reinforced Concrete Pipe",372.9949646,367.9499512
5834,47528,55820,51.5084838244123,1.18,0,0,0,0,"Reinforced Concrete Pipe",355.9624023,350.2828369
5835,27328,53122,43.0760254038935,1.18,0,0,0,0,"Reinforced Concrete Pipe",333.7410278,327.2479553
5836,53122,24527,65.8910793747023,1.18,0,0,0,0,"Reinforced Concrete Pipe",334.6311035,333.7410278
5837,3105,14326,183.32153075984,1.18,0,0,0,0,"Reinforced Concrete Pipe",317.0697937,296.3525391
5862,34711,16194,150.076779567911,1.18,0,0,0,0,"Reinforced Concrete Pipe",254.426178,212.5465088
5863,32855,34710,40.3646216723579,1.18,0,0,0,0,"Reinforced Concrete Pipe",211.0041046,203.3693542
5864,55838,58547,50.4368383552078,1.18,0,0,0,0,"Reinforced Concrete Pipe",80.1086349,58.2938766
5865,26436,48465,222.325541845839,1.18,0,0,0,0,"Reinforced Concrete Pipe",55.8440437,46.6498642
5881,35643,28215,159.15116559518,1.18,0,0,0,0,"Reinforced Concrete Pipe",665.5606689,633.2095947
5882,13349,35643,180.299910156921,1.18,0,0,0,0,"Reinforced Concrete Pipe",633.2095947,587.9934082
5883,19013,46591,153.807463488659,1.18,0,0,0,0,"Reinforced Concrete Pipe",563.3242798,554.0812378
5884,10630,31958,98.1622790594031,1.18,0,0,0,0,"Reinforced Concrete Pipe",473.7202454,456.8103333
6226,18902,51090,20.4055672749943,1.18,0,0,0,0,"Reinforced Concrete Pipe",4.33e-05,4.1e-06
6227,2289,2290,19.7333284727404,1.18,0,0,0,0,"Reinforced Concrete Pipe",0.0293928,0.0282077
6229,2292,16082,24.2102852072268,1.18,0,0,0,0,"Reinforced Concrete Pipe",0.0096536,0.0088155
6270,16091,57518,41.5508849204493,1.18,0,0,0,0,"Reinforced Concrete Pipe",95.8223267,81.0626755
6285,41136,11561,93.4910666840741,1.18,0,0,0,0,"Reinforced Concrete Pipe",651.1940918,640.3493652
6286,25491,55819,193.296358801538,1.18,0,0,0,0,"Reinforced Concrete Pipe",621.4909668,601.2405396
6327,16198,18100,134.815570583662,1.18,0,0,0,0,"Reinforced Concrete Pipe",705.5656128,685.2035522
6328,42998,44795,39.4122733899637,1.18,0,0,0,0,"Reinforced Concrete Pipe",913.359375,904.628418
6329,17145,26446,22.8372708155203,1.18,0,0,0,0,"Reinforced Concrete Pipe",839.7626953,836.2139893
6457,46478,17008,277.171624014722,1.18,0,0,0,0,"Reinforced Concrete Pipe",1.3438444,0.3444353
6458,48347,25370,159.197034433041,1.18,0,0,0,0,"Reinforced Concrete Pipe",0.8502189,0.5760419
6459,31010,2283,164.705986846229,1.18,0,0,0,0,"Reinforced Concrete Pipe",0.1329149,0.1077971
6460,2293,2290,346.216121246027,1.18,0,0,0,0,"Reinforced Concrete Pipe",0.0293928,0.012561
6461,30891,55719,153.232386696078,1.18,0,0,0,0,"Reinforced Concrete Pipe",0.0163294,0.0144752
6463,16083,2303,32.9550662216323,1.18,0,0,0,0,"Reinforced Concrete Pipe",144.0586853,143.9854126
6568,35544,2281,21.6149705728484,1.18,0,0,0,0,"Reinforced Concrete Pipe",0.1279438,0.1127853
6569,55717,30890,197.467180509429,1.18,0,0,0,0,"Reinforced Concrete Pipe",0.317159,0.10876
6570,23482,58433,145.549830004995,1.18,0,0,0,0,"Reinforced Concrete Pipe",3.8152633,3.489248
6596,19954,46590,225.049043754698,1.18,0,0,0,0,"Reinforced Concrete Pipe",496.9788513,461.4702759
6597,19954,43873,44.1178094973631,1.18,0,0,0,0,"Reinforced Concrete Pipe",466.520874,461.4702759
6605,28217,27331,147.784400536191,1.18,0,0,0,0,"Reinforced Concrete Pipe",251.9698334,221.2539673
6606,7795,9678,171.36790959457,1.18,0,0,0,0,"Reinforced Concrete Pipe",306.4185181,253.4189148
6607,53977,57622,132.237490118861,1.18,0,0,0,0,"Reinforced Concrete Pipe",900.9280396,900.4070435
6608,50322,57622,138.365031268457,1.18,0,0,0,0,"Reinforced Concrete Pipe",900.9280396,897.3491821
6609,15269,29155,145.261788438211,1.18,0,0,0,0,"Reinforced Concrete Pipe",882.9535522,868.673584
6610,19965,15269,69.5460437205626,1.18,0,0,0,0,"Reinforced Concrete Pipe",868.673584,860.7022705
6951,42866,20773,35.3850888873832,1.18,0,0,0,0,"Reinforced Concrete Pipe",115.8980331,113.0759659
6952,12348,42866,37.5266018490405,1.18,0,0,0,0,"Reinforced Concrete Pipe",113.0759659,108.5395355
6961,58433,35543,77.9133559291194,1.18,0,0,0,0,"Reinforced Concrete Pipe",5.956203,3.8152633
7162,30092,30093,231.467379956676,1.18,0,0,0,0,"Reinforced Concrete Pipe",260.022522,257.3472595
7163,30092,3488,140.45910100309,1.18,0,0,0,0,"Reinforced Concrete Pipe",262.4761353,257.3472595
7166,19981,38411,45.6285648198972,1.18,0,0,0,0,"Reinforced Concrete Pipe",235.8330536,226.3195953
7206,3226,15276,84.0119660060431,1.18,0,0,0,0,"Reinforced Concrete Pipe",812.4171143,779.3756104
7207,15276,18108,114.26659795641,1.18,0,0,0,0,"Reinforced Concrete Pipe",849.635376,812.4171143
7208,56722,20880,82.3737623748279,1.18,0,0,0,0,"Reinforced Concrete Pipe",860.8268433,856.072998
7297,27354,33771,80.1939395906014,1.18,0,0,0,0,"Reinforced Concrete Pipe",251.1054077,231.3226624
7298,21774,27354,70.3508857942739,1.18,0,0,0,0,"Reinforced Concrete Pipe",231.3226624,214.1907043
7299,49390,16236,42.6939928611213,1.18,0,0,0,0,"Reinforced Concrete Pipe",278.4798889,269.9034729
7300,32005,20910,112.774368087285,1.18,0,0,0,0,"Reinforced Concrete Pipe",266.6068115,259.1616211
7301,38430,32005,67.4685161163944,1.18,0,0,0,0,"Reinforced Concrete Pipe",259.1616211,242.7961121
7784,18110,3224,185.785628828313,1.18,0,0,0,0,"Reinforced Concrete Pipe",745.2802124,713.0823364
7785,52221,39313,221.974164485557,1.18,0,0,0,0,"Reinforced Concrete Pipe",849.6380615,827.4555664
7848,2856,54877,147.126468790256,1.18,0,0,0,0,"Reinforced Concrete Pipe",1022.1414185,987.1542358
7849,16195,24542,165.837320623468,1.18,0,0,0,0,"Reinforced Concrete Pipe",976.2180786,968.975647
8294,57649,32006,65.4601206879669,1.18,0,0,0,0,"Reinforced Concrete Pipe",339.0857239,318.8341675
8461,35529,2209,35.5112593396192,1.18,0,0,0,0,"Reinforced Concrete Pipe",304.4113464,298.3973694
8462,25354,21641,263.129084791197,1.18,0,0,0,0,"Reinforced Concrete Pipe",19.276865,15.5967054
8463,42844,30882,15.7629562706972,1.18,0,0,0,0,"Reinforced Concrete Pipe",10.8802395,9.4146948
8464,31849,19820,70.5703416936147,1.18,0,0,0,0,"Reinforced Concrete Pipe",15.2583523,12.3986101
8465,56574,31849,62.5968590764517,1.18,0,0,0,0,"Reinforced Concrete Pipe",12.3986101,8.3831978
8466,43756,49223,267.901183806305,1.18,0,0,0,0,"Reinforced Concrete Pipe",33.6307831,28.2939014
8467,2278,43765,20.880623481348,1.18,0,0,0,0,"Reinforced Concrete Pipe",0.7567412,0.7121029
8468,2279,36457,292.528849498117,1.18,0,0,0,0,"Reinforced Concrete Pipe",16.8549614,16.5097504
8469,30889,58432,139.696733680339,1.18,0,0,0,0,"Reinforced Concrete Pipe",1.1907909,0.9849374
8470,46477,35542,124.833970792144,1.18,0,0,0,0,"Reinforced Concrete Pipe",1.1667354,0.5752767
8520,3120,46595,148.714932999204,1.18,0,0,0,0,"Reinforced Concrete Pipe",212.2970734,207.7540131
8521,7802,7803,110.84052589421,1.18,0,0,0,0,"Reinforced Concrete Pipe",310.7921753,287.605896
8522,53132,7802,85.779790766354,1.18,0,0,0,0,"Reinforced Concrete Pipe",287.605896,260.665802
8523,14341,53132,51.9958457738979,1.18,0,0,0,0,"Reinforced Concrete Pipe",260.665802,250.253006
8524,25499,38395,80.7115643826484,1.18,0,0,0,0,"Reinforced Concrete Pipe",246.0398254,226.9234467
8635,15494,29339,194.470459826603,0.36,0,0,0,0,"Reinforced Concrete Pipe",921.6907959,903.8479004
10797,57775,48614,35.4133114072093,0.56,0,0,0,0,"Reinforced Concrete Pipe",689.4504395,681.3253784
10798,49508,57775,122.174191098615,0.26,0,0,0,0,"Reinforced Concrete Pipe",681.3253784,651.2522583
10825,4420,36751,34.2466316930965,0.05,0,0,0,0,"Reinforced Concrete Pipe",765.3079834,759.3232422
10826,24708,4419,162.686928311627,1.53,0,0,0,0,"Reinforced Concrete Pipe",759.7038574,741.1393433
10831,43119,24708,171.170478098154,1.19,0,0,0,0,"Reinforced Concrete Pipe",741.1393433,711.9093628
10832,36751,51375,99.8323244772608,1.54,0,0,0,0,"Reinforced Concrete Pipe",788.3551025,765.3079834
10833,51375,46771,245.770391908396,1.34,0,0,0,0,"Reinforced Concrete Pipe",806.2860718,788.3551025
10834,46771,11721,44.5841474880041,0.56,0,0,0,0,"Reinforced Concrete Pipe",811.3209839,806.2860718
10835,11720,29295,128.101046484054,1.08,0,0,0,0,"Reinforced Concrete Pipe",636.5115967,600.1574097
10836,55040,4395,64.6780553150792,1.5,0,0,0,0,"Reinforced Concrete Pipe",613.6834106,606.5489502
10837,4398,55040,131.083725644487,0.59,0,0,0,0,"Reinforced Concrete Pipe",606.5489502,571.7404175
10983,47745,51447,45.1097487916893,0.6,0,0,0,0,"Reinforced Concrete Pipe",947.7506714,946.5025024
10984,4779,4780,111.814761517774,0.32,0,0,0,0,"Reinforced Concrete Pipe",1004.9343262,992.7059937
10985,26629,55995,120.814302710658,1.07,0,0,0,0,"Reinforced Concrete Pipe",991.8498535,990.7360229
10986,55993,4778,243.233981861207,0.66,0,0,0,0,"Reinforced Concrete Pipe",888.3665161,876.1690063
10987,55993,28430,29.4750007153613,1.54,0,0,0,0,"Reinforced Concrete Pipe",882.0747681,876.1690063
10988,47744,9888,34.708099740071,0.75,0,0,0,0,"Reinforced Concrete Pipe",903.0385742,900.0042725
11113,4419,40419,37.5602013397438,3.5,0,0,0,0,"Reinforced Concrete Pipe",764.4273071,759.7038574
11114,22878,35869,204.919751080015,0.8,0,0,0,0,"Reinforced Concrete Pipe",833.7214355,803.828125
12496,15181,20265,139.891437751365,1.18,0,0,0,0,"Reinforced Concrete Pipe",216.6896362,185.0837097
16583,48968,16091,109.786790398243,1.18,0,0,0,0,"Reinforced Concrete Pipe",81.0626755,71.5506897
16585,24122,51752,70.6057599902327,1.18,0,0,0,0,"Box Culvert",212.3251495,207.2714081
16586,51752,17669,77.0300374668583,1.18,0,0,0,0,"Ditch",222.2819824,212.3251495
16595,55386,21640,52.1205127813017,1.18,0,0,0,0,"Reinforced Concrete Pipe",17.1068974,15.960681
16598,20750,12084,19.1086568583608,1.18,0,0,0,0,"Reinforced Concrete Pipe",16.3242016,16.1092014
16603,56639,17671,22.0495544295919,1.18,0,0,0,0,"Reinforced Concrete Pipe",18.4542446,18.3052235
16606,33679,3574,20.691559920503,1.18,0,0,0,0,"Reinforced Concrete Pipe",113.4929886,113.266983
17723,2205,54757,39.2368924594387,1.18,0,0,0,0,"Reinforced Concrete Pipe",14.7343559,13.4279785
18150,21388,52745,160.23794963632,1.18,0,0,0,0,"Reinforced Concrete Pipe",236.0903625,230.8972168
18151,12990,30602,23.4949078195788,1.18,0,0,0,0,"Reinforced Concrete Pipe",257.1261292,248.6948242
18153,52746,32898,68.7315002995202,1.18,0,0,0,0,"Reinforced Concrete Pipe",246.0229034,238.4891052
18154,35247,52746,9.23781826655265,1.18,0,0,0,0,"Reinforced Concrete Pipe",238.4891052,235.3521423
18155,20513,52745,67.3593585046103,1.18,0,0,0,0,"Reinforced Concrete Pipe",236.0903625,204.5458679
18156,21389,20513,32.7255240077596,1.18,0,0,0,0,"Reinforced Concrete Pipe",204.5458679,192.9473877
18445,29092,48406,59.9834545169585,1.18,0,0,0,0,"Reinforced Concrete Pipe",536.2732544,527.8835449
18454,39236,2639,41.3991742053235,1.18,0,0,0,0,"Reinforced Concrete Pipe",37.0065956,36.1767693
18461,2643,27271,51.6417325198943,1.18,0,0,0,0,"Reinforced Concrete Pipe",835.4747314,831.5874023
18462,52989,20748,43.4944328239022,1.18,0,0,0,0,"Reinforced Concrete Pipe",28.8653145,28.4495354
18463,52076,45579,15.0712885463123,1.18,0,0,0,0,"Reinforced Concrete Pipe",25.6015491,25.4242573
18464,2207,16063,103.242257069855,1.18,0,0,0,0,"Reinforced Concrete Pipe",15.0000029,14.415226
18482,26420,49343,65.1296837685348,1.18,0,0,0,0,"Reinforced Concrete Pipe",211.4637756,194.2908936
18483,46606,47515,224.964280463052,1.18,0,0,0,0,"Reinforced Concrete Pipe",1.179179,0.8631584
18642,41976,2660,85.3701716779574,1.18,0,0,0,0,"Reinforced Concrete Pipe",559.1740723,539.0309448
18703,21639,21638,39.1302057047883,1.18,0,0,0,0,"Reinforced Concrete Pipe",15.7710552,15.6187449
18750,53969,42046,33.626562987323,1.18,0,0,0,0,"Reinforced Concrete Pipe",508.4906006,500.0857849
18751,14340,38395,65.0066774413033,1.18,0,0,0,0,"Reinforced Concrete Pipe",246.0398254,232.3300476
18799,12342,2282,36.4075472570408,1.18,0,0,0,0,"Reinforced Concrete Pipe",0.4395573,0.4039878
18957,35544,8648,9.65418810937086,1.18,0,0,0,0,"Reinforced Concrete Pipe",0.1129027,0.1127853
19021,50356,3489,47.3167558257216,1.18,0,0,0,0,"Reinforced Concrete Pipe",301.5120544,292.370575
19051,2273,28120,239.200368405432,1.18,0,0,0,0,"Reinforced Concrete Pipe",2.4345052,2.1889219
19052,38272,47426,460.547065663926,1.18,0,0,0,0,"Reinforced Concrete Pipe",17.4547424,8.1147509
19053,2279,47426,92.2219285924899,1.18,0,0,0,0,"Reinforced Concrete Pipe",17.4547424,16.5097504
19180,35829,39462,20.7452629629183,0.77,0,0,0,0,"Reinforced Concrete Pipe",680.5715332,673.0294189
19790,59090,26932,471.348997258116,1.18,0,0,0,0,"Ditch",431.530365,376.8960266
19900,3114,34623,172.508865839766,1.18,0,0,0,0,"Reinforced Concrete Pipe",71.8729935,68.6376266
20172,2653,28161,51.5547818776603,1.18,0,0,0,0,"Reinforced Concrete Pipe",490.2447815,470.8085938
20180,48394,2562,46.6553731888663,1.18,0,0,0,0,"Reinforced Concrete Pipe",152.5184479,148.686554
20195,8771,9621,113.293938628285,1.18,0,0,0,0,"Reinforced Concrete Pipe",801.9814453,778.8259888
20197,2207,25354,139.102337010085,1.18,0,0,0,0,"Reinforced Concrete Pipe",15.5967054,14.415226
20206,48341,27219,24.3684862019769,1.18,0,0,0,0,"Reinforced Concrete Pipe",33.6623764,33.6306953
20209,8635,29034,145.537563143094,1.18,0,0,0,0,"Reinforced Concrete Pipe",26.1790485,25.1838055
20331,2577,14257,31.5457226971609,1.18,0,0,0,0,"Reinforced Concrete Pipe",146.4280243,141.3478241
20350,53052,25422,50.7471690446425,1.18,0,0,0,0,"Reinforced Concrete Pipe",82.0095825,77.3473587
20377,22620,14270,43.2366290066274,1.18,0,0,0,0,"Reinforced Concrete Pipe",592.8831787,590.7495728
20456,58562,17145,66.5524057565895,1.18,0,0,0,0,"Reinforced Concrete Pipe",836.2139893,834.8154297
20457,46619,58562,98.7272586059119,1.18,0,0,0,0,"Reinforced Concrete Pipe",834.8154297,822.1057129
20548,16210,45717,57.429282088156,1.18,0,0,0,0,"Reinforced Concrete Pipe",278.3959961,264.2226868
20549,36634,24582,56.0985518046901,1.18,0,0,0,0,"Reinforced Concrete Pipe",306.0715332,294.870636
20592,53147,57626,118.920596926495,1.18,0,0,0,0,"Reinforced Concrete Pipe",761.4237671,736.1903076
20657,2208,20751,131.547393635852,1.18,0,0,0,0,"Reinforced Concrete Pipe",23.5913506,21.4233913
20658,57504,14209,121.119684070334,1.18,0,0,0,0,"Reinforced Concrete Pipe",8.1119356,5.5831885
20659,2277,57504,19.9593728736291,1.18,0,0,0,0,"Reinforced Concrete Pipe",5.5831885,5.4449363
20894,21062,55995,87.6631739304235,1.07,0,0,0,0,"Reinforced Concrete Pipe",991.8498535,975.817627
21012,10643,31009,197.875691765884,1.18,0,0,0,0,"Reinforced Concrete Pipe",228.489563,215.6350861
21977,46479,58434,18.7297082332814,1.18,0,0,0,0,"Reinforced Concrete Pipe",0.5032769,0.4821131
21991,39312,3225,111.325686861303,1.18,0,0,0,0,"Reinforced Concrete Pipe",753.9577026,753.0999146
21996,20748,27219,274.361406822909,1.18,0,0,0,0,"Reinforced Concrete Pipe",33.6623764,28.8653145
21997,16063,20750,163.094861108021,1.18,0,0,0,0,"Reinforced Concrete Pipe",16.1092014,15.0000029
22001,46468,35528,33.4731498392944,1.18,0,0,0,0,"Reinforced Concrete Pipe",24.296217,21.9254932
22025,12375,41955,202.088316067466,1.18,0,0,0,0,"Reinforced Concrete Pipe",158.8606873,134.1651611
22112,9622,58483,103.866383573151,1.18,0,0,0,0,"Reinforced Concrete Pipe",663.6933594,657.4071655
22131,41960,56628,87.1825513554839,1.18,0,0,0,0,"Reinforced Concrete Pipe",156.1085815,146.217392
22137,52130,11505,55.4526451680945,1.18,0,0,0,0,"Reinforced Concrete Pipe",61.2662811,58.9171638
22161,2571,40133,219.348928930601,1.18,0,0,0,0,"Reinforced Concrete Pipe",109.2119598,94.6541672
22165,18111,24552,181.136895649604,1.18,0,0,0,0,"Reinforced Concrete Pipe",737.9514771,676.6349487
22183,23530,48396,77.0203968648277,1.18,0,0,0,0,"Reinforced Concrete Pipe",69.5510712,67.1463623
22223,22555,21640,245.298380537867,1.18,0,0,0,0,"Reinforced Concrete Pipe",17.1068974,16.2106571
22224,26301,44655,149.269477523539,1.18,0,0,0,0,"Reinforced Concrete Pipe",57.7747421,33.05653
22240,40145,2641,34.8859359118584,1.18,0,0,0,0,"Reinforced Concrete Pipe",29.361454,28.5505676
22242,14270,22619,47.7160969346864,1.18,0,0,0,0,"Reinforced Concrete Pipe",597.307373,592.8831787
22262,47528,19012,44.1972741798375,1.18,0,0,0,0,"Reinforced Concrete Pipe",360.6790161,350.2828369
22266,11564,13349,152.427502380184,1.18,0,0,0,0,"Reinforced Concrete Pipe",587.9934082,553.3300781
22292,2292,24540,85.916507174482,1.18,0,0,0,0,"Reinforced Concrete Pipe",0.0115622,0.0088155
22293,2293,20764,19.9433568118831,1.18,0,0,0,0,"Reinforced Concrete Pipe",0.0129318,0.012561
22317,22675,28217,65.1385833447416,1.18,0,0,0,0,"Reinforced Concrete Pipe",221.2539673,208.4059601
22379,20880,41152,33.4603007514111,1.18,0,0,0,0,"Reinforced Concrete Pipe",861.3709106,860.8268433
22510,30881,25354,7.5418649519051,1.18,0,0,0,0,"Reinforced Concrete Pipe",15.5967054,15.5603437
22511,55706,56574,36.9967853161067,1.18,0,0,0,0,"Reinforced Concrete Pipe",8.3831978,7.3314705
22512,43756,15135,24.2932332044545,1.18,0,0,0,0,"Reinforced Concrete Pipe",29.259943,28.2939014
22972,29081,14258,74.3702319517707,1.18,0,0,0,0,"Reinforced Concrete Pipe",61.1221046,60.014122
23383,31847,55386,130.161339220135,1.18,0,0,0,0,"Reinforced Concrete Pipe",15.960681,10.0299931
23702,9573,50187,43.6736688939675,1.18,0,0,0,0,"Reinforced Concrete Pipe",0.0954892,0.0753297
23714,13308,2656,85.9611711976507,1.18,0,0,0,0,"Reinforced Concrete Pipe",451.8923645,424.619812
23721,2645,41973,121.339831293983,1.18,0,0,0,0,"Reinforced Concrete Pipe",816.1044922,802.4629517
23758,2567,9612,168.022640833093,1.18,0,0,0,0,"Reinforced Concrete Pipe",208.3097076,185.7646484
23843,18111,44796,86.2856748328049,1.18,0,0,0,0,"Reinforced Concrete Pipe",689.2451782,676.6349487
23848,22611,2577,148.027215011198,1.18,0,0,0,0,"Reinforced Concrete Pipe",141.3478241,134.7756042
23953,49564,47744,216.216038024382,0.71,0,0,0,0,"Reinforced Concrete Pipe",900.0042725,880.376709
24012,40132,2566,33.0015608743859,1.18,0,0,0,0,"Reinforced Concrete Pipe",121.4839096,119.0630722
24067,23546,2651,125.79814068737,1.18,0,0,0,0,"Reinforced Concrete Pipe",555.2577515,531.7474365
24068,58434,2288,17.6668853671679,1.18,0,0,0,0,"Reinforced Concrete Pipe",0.5495918,0.5032769
24071,24527,42043,42.3298543520591,1.18,0,0,0,0,"Reinforced Concrete Pipe",339.8115845,334.6311035
24074,16194,18099,101.430856653996,1.18,0,0,0,0,"Reinforced Concrete Pipe",261.480072,254.426178
24131,55819,41136,121.583998823956,1.18,0,0,0,0,"Reinforced Concrete Pipe",640.3493652,621.4909668
24151,24540,55719,196.303378647586,1.18,0,0,0,0,"Reinforced Concrete Pipe",0.0163294,0.0115622
24206,41154,44799,38.8194248320494,1.18,0,0,0,0,"Reinforced Concrete Pipe",302.0938416,292.9224548
24232,31856,37398,84.9391743516312,1.18,0,0,0,0,"Reinforced Concrete Pipe",4.6170354,3.5564649
24488,27330,10643,262.632993201034,1.18,0,0,0,0,"Reinforced Concrete Pipe",215.6350861,205.716507
24581,40419,58765,85.4953189686005,2.3,0,0,0,0,"Reinforced Concrete Pipe",777.6991577,764.4273071
25561,34635,41073,126.395180462758,1.18,0,0,0,0,"Reinforced Concrete Pipe",27.4679012,20.4510155
25564,14269,16129,69.7418955463157,1.18,0,0,0,0,"Reinforced Concrete Pipe",468.4001465,462.5736389
25565,45640,52143,150.058309968199,1.18,0,0,0,0,"Reinforced Concrete Pipe",758.4085083,739.3460693
25576,27220,29034,15.4836919118849,1.18,0,0,0,0,"Reinforced Concrete Pipe",26.1790485,25.9183197
25594,29977,13296,123.77963577767,1.18,0,0,0,0,"Reinforced Concrete Pipe",81.3485947,79.7494049
25657,22618,53065,43.1908961660973,1.18,0,0,0,0,"Reinforced Concrete Pipe",55.2280083,48.7670326
25658,7725,22621,135.191843606303,1.18,0,0,0,0,"Reinforced Concrete Pipe",577.5054932,548.9844971
25695,44796,34727,106.128399899337,1.18,0,0,0,0,"Reinforced Concrete Pipe",697.7877808,689.2451782
25698,34623,46516,55.9304526109488,1.18,0,0,0,0,"Reinforced Concrete Pipe",73.940155,71.8729935
25721,2636,17062,37.0433604136466,1.18,0,0,0,0,"Reinforced Concrete Pipe",43.1550713,42.5089722
25722,36514,19881,26.0942001837241,1.18,0,0,0,0,"Reinforced Concrete Pipe",35.4588852,34.1882439
25760,46533,51140,375.301293216574,1.18,0,0,0,0,"Reinforced Concrete Pipe",61.5422478,49.6669579
25809,46534,40146,127.614175637849,1.18,0,0,0,0,"Reinforced Concrete Pipe",461.4848938,456.7550964
25810,18052,2658,70.7541615190878,1.18,0,0,0,0,"Reinforced Concrete Pipe",450.1134949,429.1638184
25830,2287,2286,58.9708594189029,1.18,0,0,0,0,"Reinforced Concrete Pipe",8.0050507,6.6570764
25842,45587,2276,65.9923722366123,1.18,0,0,0,0,"Reinforced Concrete Pipe",5.9986558,4.156508
25944,2282,48347,59.9247605575398,1.18,0,0,0,0,"Reinforced Concrete Pipe",0.5760419,0.4395573
26298,50471,11720,84.7099668229274,1.28,0,0,0,0,"Reinforced Concrete Pipe",600.1574097,577.0601196
27081,12375,7714,16.7014731784106,1.18,0,0,0,0,"Reinforced Concrete Pipe",134.7971497,134.1651611
27082,41958,29075,156.478288355485,1.18,0,0,0,0,"Reinforced Concrete Pipe",84.4850922,82.1331177
27083,41958,41957,29.565290762944,1.18,0,0,0,0,"Reinforced Concrete Pipe",82.2086792,82.1331177
27084,56628,15181,131.94026949268,1.18,0,0,0,0,"Reinforced Concrete Pipe",185.0837097,156.1085815
27362,2653,2649,198.474928060872,1.18,0,0,0,0,"Reinforced Concrete Pipe",516.3308716,470.8085938
27369,57557,50247,68.0489772378221,1.18,0,0,0,0,"Reinforced Concrete Pipe",24.847723,24.5589371
27372,39312,16205,34.8372703141624,1.18,0,0,0,0,"Reinforced Concrete Pipe",769.1530762,753.0999146
27430,50249,9622,25.7006608579084,1.18,0,0,0,0,"Reinforced Concrete Pipe",657.4071655,656.6956177
27447,30946,56638,161.724432174006,1.18,0,0,0,0,"Reinforced Concrete Pipe",62.4893799,60.003727
27469,43897,8771,53.2878182216559,1.18,0,0,0,0,"Reinforced Concrete Pipe",778.8259888,763.7380981
27471,14257,45628,22.5621544495714,1.18,0,0,0,0,"Reinforced Concrete Pipe",150.3070068,146.4280243
27485,50236,23530,41.7307564094836,1.18,0,0,0,0,"Reinforced Concrete Pipe",67.1463623,64.5583496
27493,56625,38312,26.5117755128051,1.18,0,0,0,0,"Reinforced Concrete Pipe",134.9994507,132.646637
27569,40144,23469,172.912685174701,1.18,0,0,0,0,"Reinforced Concrete Pipe",30.8845253,23.8917789
27582,2656,10582,44.6975119622095,1.18,0,0,0,0,"Reinforced Concrete Pipe",468.0727234,451.8923645
27586,34712,26436,47.1577742099292,1.18,0,0,0,0,"Reinforced Concrete Pipe",46.6498642,32.9617081
27587,17133,32855,345.373205830303,1.18,0,0,0,0,"Reinforced Concrete Pipe",203.3693542,179.9993591
27590,29144,28215,44.4649158676754,1.18,0,0,0,0,"Reinforced Concrete Pipe",665.5606689,659.2545166
27591,36588,46591,84.2563500912697,1.18,0,0,0,0,"Reinforced Concrete Pipe",563.3242798,555.6265869
27594,10643,25499,58.6491006976614,1.18,0,0,0,0,"Reinforced Concrete Pipe",226.9234467,215.6350861
27648,42998,45713,61.3861932439528,1.18,0,0,0,0,"Reinforced Concrete Pipe",904.9517822,904.628418
27664,54869,51204,44.0144128213415,1.18,0,0,0,0,"Reinforced Concrete Pipe",247.3498383,240.7904663
27665,26439,50322,39.799996885731,1.18,0,0,0,0,"Reinforced Concrete Pipe",897.3491821,892.3876953
27732,33771,16210,83.0174257758725,1.18,0,0,0,0,"Reinforced Concrete Pipe",264.2226868,251.1054077
27769,39313,48473,82.8163129754797,1.18,0,0,0,0,"Reinforced Concrete Pipe",852.4366455,849.6380615
27832,14209,43757,50.4665090457945,1.18,0,0,0,0,"Reinforced Concrete Pipe",8.7440567,8.1119356
27833,9572,55706,150.707566857471,1.18,0,0,0,0,"Reinforced Concrete Pipe",7.3314705,3.8982623
28092,37510,46771,180.097835057394,2,0,0,0,0,"Reinforced Concrete Pipe",806.2860718,781.6348267
28117,38588,22878,27.6717501405328,8,0,0,0,0,"Reinforced Concrete Pipe",803.828125,803.1293945
28249,43260,5391,61.327029431453,1.18,0,0,0,0,"Reinforced Concrete Pipe",236.161026,227.7596588
28968,25419,41953,32.7192631557196,1.18,0,0,0,0,"Reinforced Concrete Pipe",241.5112305,234.1472778
28975,24472,18142,17.2606915243158,1.18,0,0,0,0,"Reinforced Concrete Pipe",34.2846069,33.1007309
28977,2205,54757,39.2368924594387,1.18,0,0,0,0,"Reinforced Concrete Pipe",14.7343559,13.4279785
29053,13305,34635,140.169762092196,1.18,0,0,0,0,"Reinforced Concrete Pipe",20.4510155,18.9294376
29107,44024,12598,34.1590179876868,1.19,0,0,0,0,"Reinforced Concrete Pipe",686.2481079,679.7028198
29108,4397,50471,91.7355384259334,1.32,0,0,0,0,"Reinforced Concrete Pipe",577.0601196,551.6890259
29119,50234,10570,77.9818916079282,1.18,0,0,0,0,"Reinforced Concrete Pipe",87.8403168,84.1085968
29145,25420,53049,68.5027848408452,1.18,0,0,0,0,"Reinforced Concrete Pipe",232.8718109,230.7723541
29146,50230,22609,41.087262566144,1.18,0,0,0,0,"Reinforced Concrete Pipe",253.0704346,248.6217651
29148,30947,32784,63.6516316794835,1.18,0,0,0,0,"Reinforced Concrete Pipe",54.5465889,51.9780273
29206,12374,33680,104.631979803756,1.18,0,0,0,0,"Reinforced Concrete Pipe",130.2662659,110.8703308
29243,2634,35587,22.444487884552,1.18,0,0,0,0,"Reinforced Concrete Pipe",47.0920296,47.0878639
29279,18889,40250,102.750219673895,1.18,0,0,0,0,"Reinforced Concrete Pipe",85.7818985,71.0958786
29312,41930,58448,77.285858284601,1.18,0,0,0,0,"Reinforced Concrete Pipe",20.6236038,18.6710281
29337,2642,56639,64.4076492454014,1.18,0,0,0,0,"Reinforced Concrete Pipe",18.3052235,17.9725075
29353,24526,3105,66.517038092298,1.18,0,0,0,0,"Reinforced Concrete Pipe",296.3525391,290.460022
29434,2293,30891,81.6095491035004,1.18,0,0,0,0,"Reinforced Concrete Pipe",0.0144752,0.012561
29443,51204,55821,23.7624322681785,1.18,0,0,0,0,"Reinforced Concrete Pipe",248.6072388,247.3498383
29444,35652,30055,129.335841238102,1.18,0,0,0,0,"Reinforced Concrete Pipe",853.2748413,840.5250244
29507,32865,3226,64.5257550952329,1.18,0,0,0,0,"Reinforced Concrete Pipe",779.3756104,764.2375488
29513,16237,36634,152.737456604143,1.18,0,0,0,0,"Reinforced Concrete Pipe",294.870636,264.8981018
29547,27329,19954,195.471316579095,1.18,0,0,0,0,"Reinforced Concrete Pipe",461.4702759,451.6888733
29608,14343,32856,162.574456408012,1.18,0,0,0,0,"Reinforced Concrete Pipe",898.0378418,870.7515259
29681,31848,15136,155.465033304591,1.18,0,0,0,0,"Reinforced Concrete Pipe",25.5359173,20.4220219
29682,2210,43756,21.9908363725354,1.18,0,0,0,0,"Reinforced Concrete Pipe",28.2939014,27.0582581
29683,37398,38272,124.070939623127,1.18,0,0,0,0,"Reinforced Concrete Pipe",8.1147509,4.6170354
29872,11721,15452,47.8114296364035,1.18,0,0,0,0,"Reinforced Concrete Pipe",813.7745972,811.3209839
29889,55994,51448,142.305151045701,0.48,0,0,0,0,"Reinforced Concrete Pipe",934.4952393,907.1939697
29890,28430,15487,129.966877292129,0.29,0,0,0,0,"Reinforced Concrete Pipe",905.0354614,882.0747681
29902,22878,40420,136.67078865535,1.14,0,0,0,0,"Reinforced Concrete Pipe",828.7646484,803.828125
29903,47746,55993,143.18047775805,0.34,0,0,0,0,"Reinforced Concrete Pipe",876.1690063,846.6923218
30018,20265,43260,65.7132814545852,1.18,0,0,0,0,"Reinforced Concrete Pipe",227.7596588,216.6896362
30851,33692,16198,192.356213856083,1.18,0,0,0,0,"Reinforced Concrete Pipe",685.2035522,639.6027222
30871,52990,17004,34.7609756253775,1.18,0,0,0,0,"Reinforced Concrete Pipe",14.0991917,12.4406443
30876,13246,41914,57.4984385782192,1.18,0,0,0,0,"Reinforced Concrete Pipe",31.8927727,31.3100758
30885,29034,23657,19.8381122221218,1.18,0,0,0,0,"Reinforced Concrete Pipe",26.2721043,26.1790485
30901,12375,2572,29.3107649499047,1.18,0,0,0,0,"Reinforced Concrete Pipe",137.8949432,134.1651611
30974,58482,3228,140.069836345452,1.18,0,0,0,0,"Reinforced Concrete Pipe",644.7042236,621.043335
31046,29075,35579,53.7403684216819,1.18,0,0,0,0,"Reinforced Concrete Pipe",87.411438,84.4850922
31047,26352,57545,87.7206341041429,1.18,0,0,0,0,"Reinforced Concrete Pipe",130.663269,130.2548218
31075,39197,8661,138.130736129542,1.18,0,0,0,0,"Reinforced Concrete Pipe",26.8005962,19.2702866
31090,24438,12349,78.5030416155144,1.18,0,0,0,0,"Reinforced Concrete Pipe",23.9691124,18.6711884
31139,2290,49231,21.5679643496782,1.18,0,0,0,0,"Reinforced Concrete Pipe",0.0305413,0.0293928
31140,51090,2292,360.070341571568,1.18,0,0,0,0,"Reinforced Concrete Pipe",0.0088155,4.33e-05
31185,56701,34711,71.6883129358476,1.18,0,0,0,0,"Reinforced Concrete Pipe",212.5465088,190.9736481
31186,36589,53969,60.7060000359284,1.18,0,0,0,0,"Reinforced Concrete Pipe",500.0857849,485.5765076
31268,2197,46467,46.8437760454207,1.18,0,0,0,0,"Reinforced Concrete Pipe",17.482563,17.4432697
31292,56627,2573,61.4372648086205,1.18,0,0,0,0,"Reinforced Concrete Pipe",80.3247299,77.4191437
31296,8762,19965,52.9246079543947,1.18,0,0,0,0,"Reinforced Concrete Pipe",860.7022705,855.9273071
31330,44678,28129,50.8526936963896,1.18,0,0,0,0,"Reinforced Concrete Pipe",3.8566644,1.4796638
31353,31983,44800,175.222370596467,1.18,0,0,0,0,"Reinforced Concrete Pipe",227.3106537,196.437027
31354,52424,38430,71.6296314232702,1.18,0,0,0,0,"Ditch",242.7961121,241.6761322
31466,28257,54921,69.1075757214917,1.18,0,0,0,0,"Reinforced Concrete Pipe",326.6245117,305.8485718
31479,28120,10528,16.7745251311986,1.18,0,0,0,0,"Reinforced Concrete Pipe",2.5997546,2.4345052
31480,58431,52990,390.787655972489,1.18,0,0,0,0,"Reinforced Concrete Pipe",12.4406443,2.9894931
31481,35542,58431,171.654820263759,1.18,0,0,0,0,"Reinforced Concrete Pipe",2.9894931,1.1667354
31691,11720,4396,89.9473809043727,0.48,0,0,0,0,"Reinforced Concrete Pipe",634.2254028,600.1574097
31722,58764,47745,114.200304421434,0.83,0,0,0,0,"Reinforced Concrete Pipe",946.5025024,940.0446167
31723,8026,58764,95.2182900557537,0.58,0,0,0,0,"Reinforced Concrete Pipe",940.0446167,931.9408569
32360,30602,35529,166.593026874322,1.18,0,0,0,0,"Reinforced Concrete Pipe",298.3973694,257.1261292
32361,52746,14863,33.0229953302754,1.18,0,0,0,0,"Reinforced Concrete Pipe",248.1425629,238.4891052
32658,32785,21704,26.2753689127457,1.18,0,0,0,0,"Reinforced Concrete Pipe",24.8747826,23.9032536
32695,55718,26968,127.862203462399,1.18,0,0,0,0,"Reinforced Concrete Pipe",4.7064056,4.1164837
32704,34639,31903,165.341221591997,1.18,0,0,0,0,"Reinforced Concrete Pipe",593.6755371,559.4870605
32716,29976,41959,63.7781353262576,1.18,0,0,0,0,"Reinforced Concrete Pipe",109.6249313,106.7259827
32761,8661,54778,90.508441082858,1.18,0,0,0,0,"Reinforced Concrete Pipe",44.9963799,26.8005962
32771,30936,49272,32.1416456749504,1.18,0,0,0,0,"Reinforced Concrete Pipe",111.5610428,109.6775436
32955,15137,57506,55.6436065233594,1.18,0,0,0,0,"Reinforced Concrete Pipe",10.8406219,9.6941175
32984,55820,55837,155.855732257009,1.18,0,0,0,0,"Reinforced Concrete Pipe",374.1919556,355.9624023
32992,53969,3113,86.1493859292991,1.18,0,0,0,0,"Reinforced Concrete Pipe",507.9017334,500.0857849
33021,51090,43766,17.9695558930905,1.18,0,0,0,0,"Reinforced Concrete Pipe",0.0001322,4.33e-05
33049,2294,2293,18.8396128286201,1.18,0,0,0,0,"Reinforced Concrete Pipe",0.012561,0.0121327
33052,55822,27330,150.031583821695,1.18,0,0,0,0,"Reinforced Concrete Pipe",205.716507,178.3180237
33053,3121,28216,53.2204510229077,1.18,0,0,0,0,"Reinforced Concrete Pipe",178.579895,175.6661072
33054,2866,47537,172.228354459157,1.18,0,0,0,0,"Reinforced Concrete Pipe",845.2172241,831.9442139
33130,19033,32865,34.8694335620543,1.18,0,0,0,0,"Reinforced Concrete Pipe",764.2375488,762.4055786
33186,56721,27351,38.456149784941,1.18,0,0,0,0,"Reinforced Concrete Pipe",752.7106323,744.8052368
33187,39313,51228,25.5121371938454,1.18,0,0,0,0,"Reinforced Concrete Pipe",851.671936,849.6380615
33191,43769,25372,38.4041750454869,1.18,0,0,0,0,"Reinforced Concrete Pipe",168.3449249,166.1474457
33267,45587,18901,53.9297679737747,1.18,0,0,0,0,"Reinforced Concrete Pipe",4.460505,4.156508
33268,31856,2277,141.620595384268,1.18,0,0,0,0,"Reinforced Concrete Pipe",5.4449363,3.5564649
34460,15191,41075,148.850090902767,1.18,0,0,0,0,"Reinforced Concrete Pipe",724.3690796,695.3748169
34471,2645,31902,40.2368671403194,1.18,0,0,0,0,"Reinforced Concrete Pipe",802.9242554,802.4629517
34492,55758,15182,39.4396980279495,1.18,0,0,0,0,"Reinforced Concrete Pipe",109.0429459,102.2869949
34497,40143,48404,141.676207703879,1.18,0,0,0,0,"Reinforced Concrete Pipe",51.5896225,44.215416
34599,2634,53064,154.018603581871,1.18,0,0,0,0,"Reinforced Concrete Pipe",54.0661774,47.0878639
34648,3239,58565,119.866904061509,1.18,0,0,0,0,"Reinforced Concrete Pipe",278.0230713,270.9065247
34774,21638,46468,332.08197325546,1.18,0,0,0,0,"Reinforced Concrete Pipe",21.9254932,15.7710552
34799,2285,38274,21.5264484333629,1.18,0,0,0,0,"Reinforced Concrete Pipe",11.9768496,11.5558023
34818,43889,29154,213.091291661914,1.18,0,0,0,0,"Reinforced Concrete Pipe",754.1381226,748.4196167
34819,28215,36587,141.17662792868,1.18,0,0,0,0,"Reinforced Concrete Pipe",686.8335571,665.5606689
34874,7806,37510,96.1054984591165,0.64,0,0,0,0,"Reinforced Concrete Pipe",781.6348267,773.3483887
34895,55821,53970,291.031737165219,1.18,0,0,0,0,"Reinforced Concrete Pipe",282.7382202,248.6072388
34896,58542,26420,48.1382978597022,1.18,0,0,0,0,"Reinforced Concrete Pipe",194.2908936,189.8041077
34897,53133,31010,110.861734327901,1.18,0,0,0,0,"Reinforced Concrete Pipe",0.1077971,0.0599863
34898,30055,8762,37.8413849575626,1.18,0,0,0,0,"Reinforced Concrete Pipe",855.9273071,853.2748413
34899,39303,7807,256.364305494136,1.18,0,0,0,0,"Reinforced Concrete Pipe",809.5305786,767.4797974
34920,38273,18006,28.4849944255567,1.18,0,0,0,0,"Reinforced Concrete Pipe",18.5470276,18.2064075
34921,18006,3573,18.8115589977621,1.18,0,0,0,0,"Reinforced Concrete Pipe",18.9694881,18.5470276
34922,42854,30890,18.828733902726,1.18,0,0,0,0,"Reinforced Concrete Pipe",0.317159,0.3019565
34994,3489,28257,62.0956881406726,1.18,0,0,0,0,"Reinforced Concrete Pipe",305.8485718,301.5120544
34995,50356,47569,41.8992750502005,1.18,0,0,0,0,"Reinforced Concrete Pipe",299.9232483,292.370575
35013,38411,41154,209.929437112952,1.18,0,0,0,0,"Reinforced Concrete Pipe",292.9224548,235.8330536
35034,52996,8647,63.0053010859061,1.18,0,0,0,0,"Reinforced Concrete Pipe",306.9798584,295.340271
35035,47426,18006,52.7121223436041,1.18,0,0,0,0,"Reinforced Concrete Pipe",18.5470276,17.4547424
35251,43118,22842,173.457202531338,0.35,0,0,0,0,"Reinforced Concrete Pipe",777.1252441,748.4611206
35252,43119,53274,106.54880159548,1.18,0,0,0,0,"Reinforced Concrete Pipe",746.0700684,711.9093628
35270,26629,4779,40.1461440197109,0.71,0,0,0,0,"Reinforced Concrete Pipe",992.7059937,990.7360229
35288,58765,30257,101.044091747061,0.98,0,0,0,0,"Reinforced Concrete Pipe",794.5886841,777.6991577
35480,37743,53393,79.1308160389394,1.18,0,0,0,0,"Reinforced Concrete Pipe",253.866394,244.14534
35481,56998,20265,10.4954320795873,1.18,0,0,0,0,"Reinforced Concrete Pipe",216.6896362,215.8940887
35764,2207,20484,12.749881785269,1.18,0,0,0,0,"Reinforced Concrete Pipe",14.6532593,14.415226
35928,2634,27270,21.1502296186759,1.18,0,0,0,0,"Reinforced Concrete Pipe",47.0909157,47.0878639
35955,38395,14341,204.298543218645,1.18,0,0,0,0,"Reinforced Concrete Pipe",250.253006,246.0398254
35965,46478,43856,297.071055783806,1.18,0,0,0,0,"Reinforced Concrete Pipe",12.8449574,0.3444353
36030,24151,12990,43.5497154562464,1.18,0,0,0,0,"Reinforced Concrete Pipe",248.6948242,228.3876038
36263,29079,55758,65.4677435577473,1.18,0,0,0,0,"Reinforced Concrete Pipe",102.2869949,95.7869263
36264,25430,38327,46.7573278198018,1.18,0,0,0,0,"Reinforced Concrete Pipe",34.0387001,33.9948387
36265,53051,57546,160.081597113712,1.18,0,0,0,0,"Reinforced Concrete Pipe",69.7703094,67.8102036
36266,42903,22611,58.9710391198098,1.18,0,0,0,0,"Reinforced Concrete Pipe",134.7756042,129.8093567
36273,2569,21694,60.7649892170257,1.18,0,0,0,0,"Reinforced Concrete Pipe",145.1367493,131.7811584
36274,58419,23469,53.6469767438686,1.18,0,0,0,0,"Reinforced Concrete Pipe",30.8845253,30.5667133
36287,9558,48341,108.708454881095,1.18,0,0,0,0,"Reinforced Concrete Pipe",33.6306953,31.6077595
36288,49272,40132,92.6809467936271,1.18,0,0,0,0,"Reinforced Concrete Pipe",119.0630722,111.5610428
36432,41075,38330,51.8780306760662,1.18,0,0,0,0,"Reinforced Concrete Pipe",732.1434326,724.3690796
36436,37453,49270,78.2959135966103,1.18,0,0,0,0,"Reinforced Concrete Pipe",196.6741791,187.0571747
36437,25418,46513,47.6227247075083,1.18,0,0,0,0,"Reinforced Concrete Pipe",178.0987244,170.7404633
36445,32785,50247,90.0404225320817,1.18,0,0,0,0,"Reinforced Concrete Pipe",24.847723,23.9032536
36487,33679,2565,32.1919673119879,1.18,0,0,0,0,"Reinforced Concrete Pipe",114.1113129,113.266983
36488,46515,40132,17.9450466257819,1.18,0,0,0,0,"Reinforced Concrete Pipe",119.0630722,118.0354004
36553,40145,52142,41.6760928994596,1.18,0,0,0,0,"Reinforced Concrete Pipe",29.9298801,28.5505676
36582,10582,13306,69.7384434648892,1.18,0,0,0,0,"Reinforced Concrete Pipe",497.4439697,468.0727234
36584,11563,3099,119.007113750402,1.18,0,0,0,0,"Reinforced Concrete Pipe",450.6315002,432.3763733
36587,48465,58547,297.005980233173,1.18,0,0,0,0,"Reinforced Concrete Pipe",80.1086349,55.8440437
36636,43767,11459,42.3482176991575,1.18,0,0,0,0,"Reinforced Concrete Pipe",0.0029389,0.0004655
36647,18109,14352,85.0118941844321,1.18,0,0,0,0,"Reinforced Concrete Pipe",826.414917,800.6612549
36662,35545,2282,41.8397721022798,1.18,0,0,0,0,"Reinforced Concrete Pipe",0.4395573,0.3463514
36665,35652,47537,77.8906333664755,1.18,0,0,0,0,"Reinforced Concrete Pipe",845.2172241,840.5250244
36666,45704,41143,31.3819010313052,1.18,0,0,0,0,"Reinforced Concrete Pipe",718.8105469,716.3104858
36723,18108,57628,24.4026724572759,1.18,0,0,0,0,"Reinforced Concrete Pipe",854.5317993,849.635376
36733,24582,57648,113.502640814085,1.18,0,0,0,0,"Reinforced Concrete Pipe",325.1075134,306.0715332
36818,31957,3099,38.8870191834571,1.18,0,0,0,0,"Reinforced Concrete Pipe",450.6315002,446.8612671
36820,25527,50356,138.387974181643,1.18,0,0,0,0,"Reinforced Concrete Pipe",292.370575,273.944397
36858,25354,9560,31.1900174828237,1.18,0,0,0,0,"Reinforced Concrete Pipe",16.2561035,15.5967054
36859,36445,2208,31.2217514838401,1.18,0,0,0,0,"Reinforced Concrete Pipe",21.4233913,21.1510696
36860,32898,2274,136.600168601937,1.18,0,0,0,0,"Reinforced Concrete Pipe",265.2021179,246.0229034
37426,52745,40739,44.7611688593887,1.18,0,0,0,0,"Reinforced Concrete Pipe",256.8733826,236.0903625
37427,24151,21388,78.0615574892747,1.18,0,0,0,0,"Reinforced Concrete Pipe",230.8972168,228.3876038
37722,15180,14255,58.2256223831603,1.18,0,0,0,0,"Channel",144.4506531,139.2757416
37738,57505,13245,66.9752511828652,1.18,0,0,0,0,"Box Culvert",2.2062588,1.8830345
38032,2201,58420,196.126573035619,1.18,0,0,0,0,"Reinforced Concrete Pipe",17.4949436,16.5515003
38036,36504,3120,183.251036304153,1.18,0,0,0,0,"Reinforced Concrete Pipe",207.7540131,200.2094574
38037,24463,25418,93.3676426564995,1.18,0,0,0,0,"Reinforced Concrete Pipe",170.7404633,155.6935883
38058,2197,58420,85.3947893594889,1.18,0,0,0,0,"Reinforced Concrete Pipe",17.4949436,17.4432697
38060,2200,57492,30.3983054870384,1.18,0,0,0,0,"Reinforced Concrete Pipe",45.6091499,44.2918663
38079,14258,18948,21.8401221849289,1.18,0,0,0,0,"Reinforced Concrete Pipe",62.0136681,61.1221046
38082,2568,55756,21.7816207787566,1.18,0,0,0,0,"Reinforced Concrete Pipe",114.0651016,111.5675354
38083,29076,53050,77.6423933866731,1.18,0,0,0,0,"Reinforced Concrete Pipe",130.8731689,124.8468781
38100,30935,27265,142.253110503191,1.18,0,0,0,0,"Reinforced Concrete Pipe",158.7056122,136.7239838
38187,33691,2636,126.984197933569,1.18,0,0,0,0,"Reinforced Concrete Pipe",42.5089722,40.1500435
38188,2637,36514,68.5574142096052,1.18,0,0,0,0,"Reinforced Concrete Pipe",34.1882439,32.0927429
38190,42903,7715,78.7848756740242,1.18,0,0,0,0,"Reinforced Concrete Pipe",140.5265198,129.8093567
38191,32777,33682,135.246975914205,1.18,0,0,0,0,"Reinforced Concrete Pipe",76.8395004,73.7701797
38192,23530,32777,193.308027487065,1.18,0,0,0,0,"Reinforced Concrete Pipe",73.7701797,67.1463623
38243,29079,24464,24.4836203234693,1.18,0,0,0,0,"Reinforced Concrete Pipe",101.8680496,95.7869263
38267,2658,46534,30.670868150498,1.18,0,0,0,0,"Reinforced Concrete Pipe",456.7550964,450.1134949
38269,2287,15137,303.675968275764,1.18,0,0,0,0,"Reinforced Concrete Pipe",9.6941175,6.6570764
38285,11564,19013,89.4424019503762,1.18,0,0,0,0,"Reinforced Concrete Pipe",554.0812378,553.3300781
38286,25351,45703,167.133356323603,1.18,0,0,0,0,"Reinforced Concrete Pipe",448.8304749,433.6333923
38331,21641,2208,108.030784480736,1.18,0,0,0,0,"Reinforced Concrete Pipe",21.4233913,19.276865
38332,31856,2276,390.146263771012,1.18,0,0,0,0,"Reinforced Concrete Pipe",5.9986558,3.5564649
38333,26314,35542,38.1980955363576,1.18,0,0,0,0,"Reinforced Concrete Pipe",1.1667354,1.1609159
38411,20749,19819,127.841901353178,1.18,0,0,0,0,"Reinforced Concrete Pipe",22.8859844,19.7107716
38412,43755,16063,33.1686440687841,1.18,0,0,0,0,"Reinforced Concrete Pipe",15.0000029,14.9630136
38417,13305,32785,287.257696500645,1.18,0,0,0,0,"Reinforced Concrete Pipe",23.9032536,18.9294376
38438,21693,49271,83.5176332690452,1.18,0,0,0,0,"Reinforced Concrete Pipe",216.4857178,202.2307129
38439,49271,2563,75.4308929116589,1.18,0,0,0,0,"Reinforced Concrete Pipe",228.4911804,216.4857178
38440,38311,2567,18.1223613913771,1.18,0,0,0,0,"Reinforced Concrete Pipe",185.7646484,184.7689972
38446,13358,45713,141.366498610197,1.18,0,0,0,0,"Reinforced Concrete Pipe",904.9517822,872.371521
38520,3488,25527,74.3510966403584,1.18,0,0,0,0,"Reinforced Concrete Pipe",273.944397,262.4761353
38535,20883,22689,75.6851472096969,1.18,0,0,0,0,"Reinforced Concrete Pipe",210.2607422,194.867157
38575,14352,52221,23.2067567065912,1.18,0,0,0,0,"Reinforced Concrete Pipe",827.4555664,826.414917
38948,4396,49508,54.8775026987949,0.76,0,0,0,0,"Reinforced Concrete Pipe",651.2522583,634.2254028
39446,29944,48968,19.1432818957977,1.18,0,0,0,0,"Reinforced Concrete Pipe",71.5506897,70.6720047
39854,20880,46621,47.194139666753,1.18,0,0,0,0,"Reinforced Concrete Pipe",860.9306641,860.8268433
39855,3225,57627,67.7729296985142,1.18,0,0,0,0,"Reinforced Concrete Pipe",757.4523926,753.9577026
39862,2644,2643,61.8537494386386,1.18,0,0,0,0,"Reinforced Concrete Pipe",831.5874023,829.2397461
39863,41973,2644,134.497673106333,1.18,0,0,0,0,"Reinforced Concrete Pipe",829.2397461,816.1044922
39903,26447,18111,85.8185161918718,1.18,0,0,0,0,"Reinforced Concrete Pipe",676.6349487,668.241333
39970,40133,2568,73.7811100327836,1.18,0,0,0,0,"Reinforced Concrete Pipe",111.5675354,109.2119598
39988,2576,42903,63.6860580884781,1.18,0,0,0,0,"Reinforced Concrete Pipe",129.8093567,121.8642883
39992,57492,2198,113.413187394011,1.18,0,0,0,0,"Reinforced Concrete Pipe",52.0213699,45.6091499
39999,21694,42902,68.5580985062175,1.18,0,0,0,0,"Reinforced Concrete Pipe",164.4337006,145.1367493
40039,25422,41061,45.108257151606,1.18,0,0,0,0,"Reinforced Concrete Pipe",83.7158432,82.0095825
40045,52075,14200,78.046585806439,1.18,0,0,0,0,"Reinforced Concrete Pipe",32.5167847,31.5056419
40061,2642,13305,94.3105693462475,1.18,0,0,0,0,"Reinforced Concrete Pipe",18.9294376,17.9725075
40090,14328,11563,150.898699485944,1.18,0,0,0,0,"Reinforced Concrete Pipe",432.3763733,411.4061279
40091,53122,47528,246.833904867521,1.18,0,0,0,0,"Reinforced Concrete Pipe",350.2828369,333.7410278
40095,3113,17119,134.036293995651,1.18,0,0,0,0,"Reinforced Concrete Pipe",520.5958862,507.9017334
40135,10529,2292,19.3063085230098,1.18,0,0,0,0,"Reinforced Concrete Pipe",0.0088155,0.0081178
40139,29143,11561,52.8729778179151,1.18,0,0,0,0,"Reinforced Concrete Pipe",651.1940918,649.0368652
40156,27330,22675,46.740478219411,1.18,0,0,0,0,"Reinforced Concrete Pipe",208.4059601,205.716507
40246,2280,35543,18.1958800018688,1.18,0,0,0,0,"Reinforced Concrete Pipe",5.956203,5.597765
40346,43856,34678,59.7486455959061,1.18,0,0,0,0,"Reinforced Concrete Pipe",20.9405174,12.8449574
40572,35829,44023,47.0655044385342,2.92,0,0,0,0,"Reinforced Concrete Pipe",675.8563232,673.0294189
40707,53393,35938,79.213899470028,1.18,0,0,0,0,"Other",257.0715332,253.866394
41458,56638,46532,46.1129430689295,1.18,0,0,0,0,"Reinforced Concrete Pipe",63.7450066,62.4893799
41480,23650,30092,134.71635699608,1.18,0,0,0,0,"Reinforced Concrete Pipe",257.3472595,229.7220459
41490,22689,19981,72.1039217717247,1.18,0,0,0,0,"Reinforced Concrete Pipe",226.3195953,210.2607422
41491,30093,11608,63.2850405536786,1.18,0,0,0,0,"Reinforced Concrete Pipe",274.624939,260.022522
41645,50187,45745,208.6483930089,1.18,0,0,0,0,"Reinforced Concrete Pipe",0.1217723,0.0954892
41649,46513,7713,83.6020283470265,1.18,0,0,0,0,"Reinforced Concrete Pipe",186.3150635,178.0987244
41660,2651,2650,59.4910960390901,1.18,0,0,0,0,"Reinforced Concrete Pipe",560.6580811,555.2577515
41669,42912,32787,78.0294327353744,1.18,0,0,0,0,"Reinforced Concrete Pipe",523.0167847,502.1308289
41671,19819,8635,92.8721287229898,1.18,0,0,0,0,"Reinforced Concrete Pipe",25.1838055,22.8859844
41672,49223,9559,19.1221276223607,1.18,0,0,0,0,"Reinforced Concrete Pipe",34.6067429,33.6307831
41682,14254,30935,183.349898618157,1.18,0,0,0,0,"Reinforced Concrete Pipe",136.7239838,118.8993073
41765,2659,18052,110.215963647636,1.18,0,0,0,0,"Reinforced Concrete Pipe",429.1638184,381.7909241
41809,24542,2856,96.1335311968568,1.18,0,0,0,0,"Reinforced Concrete Pipe",987.1542358,976.2180786
41838,47569,10674,104.745863379441,1.18,0,0,0,0,"Reinforced Concrete Pipe",332.3922119,299.9232483
41839,57649,50357,103.29478392993,1.18,0,0,0,0,"Reinforced Concrete Pipe",335.9147949,318.8341675
41849,3227,17146,105.611469525502,1.18,0,0,0,0,"Reinforced Concrete Pipe",764.4620361,727.1589966
41870,33682,50235,142.719110912846,1.18,0,0,0,0,"Reinforced Concrete Pipe",79.7168732,76.8395004
41871,47469,2576,59.8028114790689,1.18,0,0,0,0,"Reinforced Concrete Pipe",121.8642883,113.4318237
41903,34622,33680,35.8193409990149,1.18,0,0,0,0,"Reinforced Concrete Pipe",130.2662659,125.4810486
41904,41956,57545,37.9139041891634,1.18,0,0,0,0,"Reinforced Concrete Pipe",130.663269,125.1242294
41962,18089,57616,180.207699267695,1.18,0,0,0,0,"Reinforced Concrete Pipe",106.050499,99.1749878
42019,55717,35545,236.694669290526,1.18,0,0,0,0,"Reinforced Concrete Pipe",0.3463514,0.10876
42022,49343,54869,100.734878528919,1.18,0,0,0,0,"Reinforced Concrete Pipe",240.7904663,211.4637756
42104,39460,14490,54.1894056632719,0.32,0,0,0,0,"Reinforced Concrete Pipe",677.6151123,669.2803955
42124,9888,15494,29.165064587448,0.56,0,0,0,0,"Reinforced Concrete Pipe",903.8479004,903.0385742
42140,30257,22878,64.26515077119,2.8,0,0,0,0,"Reinforced Concrete Pipe",803.828125,794.5886841
42141,40420,47746,131.425798325555,1.02,0,0,0,0,"Reinforced Concrete Pipe",846.6923218,828.7646484
42157,2273,9572,227.642894014119,1.18,0,0,0,0,"Reinforced Concrete Pipe",3.8982623,2.1889219
42158,28120,58431,84.0075664313324,1.18,0,0,0,0,"Reinforced Concrete Pipe",2.9894931,2.4345052
42524,36949,13245,338.948799990614,1.18,0,0,0,0,"Ditch",2.2062588,0.9420994
42767,58547,17133,290.737970671988,1.18,0,0,0,0,"Reinforced Concrete Pipe",179.9993591,80.1086349
43344,33683,29081,147.734903456929,1.18,0,0,0,0,"Reinforced Concrete Pipe",60.014122,54.2602501
43358,41955,21695,18.4361012804616,1.18,0,0,0,0,"Reinforced Concrete Pipe",159.4002686,158.8606873
43372,13295,29080,136.609717845742,1.18,0,0,0,0,"Reinforced Concrete Pipe",65.0449371,60.9311256
43480,46513,37453,78.8328748551781,1.18,0,0,0,0,"Reinforced Concrete Pipe",187.0571747,178.0987244
43485,2649,29092,86.0490288303618,1.18,0,0,0,0,"Reinforced Concrete Pipe",527.8835449,516.3308716
43487,25353,51082,31.3563323026777,1.18,0,0,0,0,"Reinforced Concrete Pipe",11.742383,10.2442293
43496,27272,58482,257.413789883129,1.18,0,0,0,0,"Reinforced Concrete Pipe",621.043335,596.0506592
43530,14258,3114,236.002779861228,1.18,0,0,0,0,"Reinforced Concrete Pipe",68.6376266,61.1221046
43531,29073,50230,105.102786422412,1.18,0,0,0,0,"Reinforced Concrete Pipe",248.6217651,244.8306732
43586,29924,50374,69.2320095481424,1.18,0,0,0,0,"Reinforced Concrete Pipe",34.9013634,33.6751251
43694,20806,41072,118.525719338125,1.18,0,0,0,0,"Reinforced Concrete Pipe",39.5388641,32.5326805
43725,8649,57506,28.4703809908382,1.18,0,0,0,0,"Reinforced Concrete Pipe",10.8406219,10.720212
43735,50374,53917,211.726437987879,1.18,0,0,0,0,"Reinforced Concrete Pipe",41.0476837,34.9013634
43744,41974,50249,71.1167124573016,1.18,0,0,0,0,"Reinforced Concrete Pipe",656.6956177,647.3435669
43745,13307,2653,156.765562689407,1.18,0,0,0,0,"Reinforced Concrete Pipe",470.8085938,451.418396
43751,50333,36606,57.0173671020284,1.18,0,0,0,0,"Reinforced Concrete Pipe",811.5275269,802.2675171
43752,8759,16194,58.7034654129817,1.18,0,0,0,0,"Reinforced Concrete Pipe",254.426178,250.4686584
43804,45713,50323,151.186097217672,1.18,0,0,0,0,"Reinforced Concrete Pipe",935.5540771,904.9517822
43819,51204,7795,34.0500860638316,1.18,0,0,0,0,"Reinforced Concrete Pipe",253.4189148,247.3498383
43866,32865,49364,114.864289156309,1.18,0,0,0,0,"Reinforced Concrete Pipe",781.3830566,764.2375488
44002,35541,36457,36.0745470739004,1.18,0,0,0,0,"Reinforced Concrete Pipe",16.8549614,16.3726654
44003,20762,2278,13.3841593847615,1.18,0,0,0,0,"Reinforced Concrete Pipe",0.7121029,0.6844776
44852,2655,41974,192.64000449366,1.18,0,0,0,0,"Reinforced Concrete Pipe",647.3435669,618.3102417
44853,13307,2656,81.1563787713517,1.18,0,0,0,0,"Reinforced Concrete Pipe",451.8923645,451.418396
44861,17133,56701,40.5855056831164,1.18,0,0,0,0,"Reinforced Concrete Pipe",190.9736481,179.9993591
45122,52082,18007,19.879370294021,1.18,0,0,0,0,"Reinforced Concrete Pipe",1.3653494,1.3035971
45142,41074,43810,60.2710701163678,1.18,0,0,0,0,"Reinforced Concrete Pipe",752.6558838,733.2901001
45147,2198,31846,22.5726179909946,1.18,0,0,0,0,"Reinforced Concrete Pipe",54.4198685,52.0213699
45152,13246,9558,197.348141542585,1.18,0,0,0,0,"Reinforced Concrete Pipe",31.6077595,31.3100758
45184,55757,41958,148.582194611958,1.18,0,0,0,0,"Reinforced Concrete Pipe",82.1331177,77.2473526
45215,27265,50229,154.159185809246,1.18,0,0,0,0,"Reinforced Concrete Pipe",182.2015991,158.7056122
45283,11505,53052,186.956315501489,1.18,0,0,0,0,"Reinforced Concrete Pipe",77.3473587,61.2662811
45304,18110,3227,47.63037648125,1.18,0,0,0,0,"Reinforced Concrete Pipe",727.1589966,713.0823364
45325,41976,13309,40.174828903476,1.18,0,0,0,0,"Reinforced Concrete Pipe",543.8872681,539.0309448
45339,2642,2196,291.659869169571,1.18,0,0,0,0,"Reinforced Concrete Pipe",19.9512062,17.9725075
45409,48348,38274,55.4702476759684,1.18,0,0,0,0,"Reinforced Concrete Pipe",11.9768496,10.8944349
45453,51090,58434,349.94042297763,1.18,0,0,0,0,"Reinforced Concrete Pipe",0.5032769,4.33e-05
45484,11574,7807,33.4841735397341,1.18,0,0,0,0,"Reinforced Concrete Pipe",809.5305786,809.5209961
45678,2274,52996,179.510454257752,1.18,0,0,0,0,"Reinforced Concrete Pipe",295.340271,265.2021179
45679,37398,7670,29.4885190227343,1.18,0,0,0,0,"Reinforced Concrete Pipe",4.8143954,4.6170354
45680,30889,55716,27.4251532109626,1.18,0,0,0,0,"Reinforced Concrete Pipe",0.9950101,0.9849374
45681,31857,38272,16.8430744759762,1.18,0,0,0,0,"Reinforced Concrete Pipe",8.1147509,8.0308094
46029,43117,43118,42.3641126994563,0.44,0,0,0,0,"Reinforced Concrete Pipe",748.4611206,744.1802368
46052,4399,4397,46.1934362163995,4.6,0,0,0,0,"Reinforced Concrete Pipe",551.6890259,543.8127441
46086,54172,38588,28.4750756722891,0.6,0,0,0,0,"Reinforced Concrete Pipe",803.1293945,799.6851807
46141,50629,48465,13.205997160501,1.18,0,0,0,0,"Reinforced Concrete Pipe",55.8440437,51.6342926
46775,54779,37412,58.1298330662798,1.18,0,0,0,0,"Reinforced Concrete Pipe",30.8733177,24.4583473
46797,29155,50322,202.14862111997,1.18,0,0,0,0,"Reinforced Concrete Pipe",897.3491821,882.9535522
46798,7807,2866,153.083912659581,1.18,0,0,0,0,"Reinforced Concrete Pipe",831.9442139,809.5305786
46906,52129,25421,30.8401619173055,1.18,0,0,0,0,"Reinforced Concrete Pipe",93.3003845,91.0291901
46907,56626,41958,37.8641386791972,1.18,0,0,0,0,"Reinforced Concrete Pipe",82.1331177,81.8362656
47004,15191,56640,52.7601728130663,1.18,0,0,0,0,"Reinforced Concrete Pipe",697.0488892,695.3748169
47011,16128,32785,15.9282214469698,1.18,0,0,0,0,"Reinforced Concrete Pipe",23.9032536,23.3153248
47012,2203,2204,42.2289310426067,1.18,0,0,0,0,"Reinforced Concrete Pipe",24.4328098,23.8040943
47013,27351,32865,137.708814143641,1.18,0,0,0,0,"Reinforced Concrete Pipe",764.2375488,752.7106323
47017,23657,33629,14.2410881738438,1.18,0,0,0,0,"Reinforced Concrete Pipe",26.3449001,26.2721043
47018,20751,2204,115.288208499873,1.18,0,0,0,0,"Reinforced Concrete Pipe",24.4328098,23.5913506
47021,41959,29076,114.349644848535,1.18,0,0,0,0,"Reinforced Concrete Pipe",124.8468781,109.6249313
47022,2199,51081,45.3788015370226,1.18,0,0,0,0,"Reinforced Concrete Pipe",34.8034897,32.8685837
47023,40144,57557,89.3400280621894,1.18,0,0,0,0,"Reinforced Concrete Pipe",24.5589371,23.8917789
47128,53917,10579,80.9929849666124,1.18,0,0,0,0,"Reinforced Concrete Pipe",45.5481949,41.0476837
47138,2574,50234,28.5093210613377,1.18,0,0,0,0,"Reinforced Concrete Pipe",84.1085968,83.1861725
47143,20805,53916,28.7545085084067,1.18,0,0,0,0,"Reinforced Concrete Pipe",77.2692032,72.7244492
47160,36506,50236,141.615476713664,1.18,0,0,0,0,"Reinforced Concrete Pipe",64.5583496,59.8880119
47179,8661,38280,42.4476140837266,1.18,0,0,0,0,"Reinforced Concrete Pipe",27.9254971,26.8005962
47271,33693,2654,84.8003836156112,1.18,0,0,0,0,"Reinforced Concrete Pipe",610.5212402,581.946167
47272,13307,10581,43.0835844872051,1.18,0,0,0,0,"Reinforced Concrete Pipe",468.586731,451.418396
47277,19012,3112,130.399086106796,1.18,0,0,0,0,"Reinforced Concrete Pipe",372.9949646,360.6790161
47280,31958,36589,55.9034683444736,1.18,0,0,0,0,"Reinforced Concrete Pipe",485.5765076,473.7202454
47318,2290,52082,320.438533868632,1.18,0,0,0,0,"Reinforced Concrete Pipe",1.3035971,0.0293928
47390,2275,28120,10.9877230922872,1.18,0,0,0,0,"Reinforced Concrete Pipe",2.4345052,2.32129
47391,16081,45587,147.343826804395,1.18,0,0,0,0,"Reinforced Concrete Pipe",4.156508,2.6440954
47397,20862,25491,165.072804424223,1.18,0,0,0,0,"Reinforced Concrete Pipe",601.2405396,587.8134155
47614,39460,43117,378.19014645763,0.51,0,0,0,0,"Reinforced Concrete Pipe",744.1802368,669.2803955
47626,29295,36749,187.205892544234,0.95,0,0,0,0,"Reinforced Concrete Pipe",638.767334,636.5115967
47736,4778,55994,98.4544124305708,0.54,0,0,0,0,"Reinforced Concrete Pipe",907.1939697,888.3665161
48295,20484,59089,20.5121658769009,1.18,0,0,0,0,"Reinforced Concrete Pipe",14.9474173,14.6532593
48686,20763,7671,52.3796584636233,1.18,0,0,0,0,"Reinforced Concrete Pipe",0.4639034,0.3871979
48789,34635,2640,41.2698311752622,1.18,0,0,0,0,"Reinforced Concrete Pipe",21.2179279,20.4510155
48804,9558,32732,15.4892932947436,1.18,0,0,0,0,"Reinforced Concrete Pipe",32.0245934,31.6077595
48810,52998,28121,58.0561631900584,1.18,0,0,0,0,"Reinforced Concrete Pipe",337.1638489,311.9201355
48818,44655,11448,191.376901265965,1.18,0,0,0,0,"Reinforced Concrete Pipe",67.445816,57.7747421
48827,33679,2564,167.066632720491,1.18,0,0,0,0,"Reinforced Concrete Pipe",136.9475403,113.266983
48872,45715,26447,39.1773614681555,1.18,0,0,0,0,"Reinforced Concrete Pipe",668.241333,664.1831055
48901,38329,10578,52.1377048332104,1.18,0,0,0,0,"Reinforced Concrete Pipe",25.4608631,24.1424503
49049,2654,2655,27.0969859206042,1.18,0,0,0,0,"Ditch",618.3102417,610.5212402
49055,45703,27329,162.195761437795,1.18,0,0,0,0,"Reinforced Concrete Pipe",451.6888733,448.8304749
49109,16092,54779,108.760618027863,1.18,0,0,0,0,"Reinforced Concrete Pipe",24.4583473,16.5397778
49174,58565,45717,110.81712581496,1.18,0,0,0,0,"Reinforced Concrete Pipe",278.3959961,278.0230713
49175,20910,9714,126.95870250783,1.18,0,0,0,0,"Reinforced Concrete Pipe",270.8108521,266.6068115
49219,53147,3224,58.8130171227798,1.18,0,0,0,0,"Reinforced Concrete Pipe",745.2802124,736.1903076
49220,3224,27351,80.8460001192351,1.18,0,0,0,0,"Reinforced Concrete Pipe",752.7106323,745.2802124
49223,34528,50190,54.8609259006032,1.18,0,0,0,0,"Ditch",190.0241241,188.4838715
49288,55706,30882,103.357401803682,1.18,0,0,0,0,"Reinforced Concrete Pipe",10.8802395,7.3314705
49485,49508,39460,122.716579813304,1.36,0,0,0,0,"Reinforced Concrete Pipe",669.2803955,651.2522583
50375,55717,35544,98.0688270369974,1.18,0,0,0,0,"Reinforced Concrete Pipe",0.1127853,0.10876
50552,19826,52082,18.4660011798192,1.18,0,0,0,0,"Reinforced Concrete Pipe",1.3035971,1.2481469
50563,20807,34638,30.1350241597339,1.18,0,0,0,0,"Reinforced Concrete Pipe",604.152832,601.6674805
50591,2563,36505,32.2469185208453,1.18,0,0,0,0,"Reinforced Concrete Pipe",233.2546997,228.4911804
50592,2563,53049,28.0965728278206,1.18,0,0,0,0,"Reinforced Concrete Pipe",232.8718109,228.4911804
50621,12438,50186,61.1966750143571,1.18,0,0,0,0,"Reinforced Concrete Pipe",2.2504237,1.8328592
50668,52130,29978,72.0421167537136,1.18,0,0,0,0,"Reinforced Concrete Pipe",59.8378029,58.9171638
50669,53063,54804,27.1880170039343,1.18,0,0,0,0,"Reinforced Concrete Pipe",100.9925461,97.7081985
50699,50234,39225,20.0008645166817,1.18,0,0,0,0,"Reinforced Concrete Pipe",85.9568863,84.1085968
50700,25430,12383,33.7803886450169,1.18,0,0,0,0,"Reinforced Concrete Pipe",36.0664902,33.9948387
50701,29984,46533,47.5869034381805,1.18,0,0,0,0,"Reinforced Concrete Pipe",49.6669579,48.5369492
50754,18947,34623,51.070310792046,1.18,0,0,0,0,"Reinforced Concrete Pipe",71.8729935,71.3566971
50794,23546,34637,44.0585373339241,1.18,0,0,0,0,"Reinforced Concrete Pipe",542.6431885,531.7474365
50799,46620,50333,28.709487691905,1.18,0,0,0,0,"Reinforced Concrete Pipe",802.2675171,798.1789551
50802,17119,36588,224.906952954178,1.18,0,0,0,0,"Reinforced Concrete Pipe",555.6265869,520.5958862
50803,57492,19014,17.3080802145605,1.18,0,0,0,0,"Reinforced Concrete Pipe",46.1262131,45.6091499
50804,23612,25351,194.567421802268,1.18,0,0,0,0,"Reinforced Concrete Pipe",433.6333923,400.0383301
50882,27344,15269,38.643079690747,1.18,0,0,0,0,"Reinforced Concrete Pipe",868.673584,865.3488159
50917,16090,55727,36.5111390350181,1.18,0,0,0,0,"Reinforced Concrete Pipe",222.0006409,215.6772461
50935,18107,36606,144.709878232572,1.18,0,0,0,0,"Reinforced Concrete Pipe",811.5275269,788.2008667
50936,49364,18107,59.2782316260128,1.18,0,0,0,0,"Reinforced Concrete Pipe",788.2008667,781.3830566
51036,28257,57649,168.951894242443,1.18,0,0,0,0,"Reinforced Concrete Pipe",318.8341675,305.8485718
51046,36457,17007,36.2207319106186,1.18,0,0,0,0,"Reinforced Concrete Pipe",17.3976631,16.8549614
51065,34678,15136,222.811189611535,1.18,0,0,0,0,"Reinforced Concrete Pipe",25.5359173,20.9405174
52050,18100,41143,108.040585536011,1.18,0,0,0,0,"Reinforced Concrete Pipe",718.8105469,705.5656128
52051,58562,13358,221.205256208892,1.18,0,0,0,0,"Reinforced Concrete Pipe",872.371521,834.8154297
52283,24472,36514,105.676655478014,1.18,0,0,0,0,"Reinforced Concrete Pipe",34.1882439,33.1007309
52284,2649,14268,114.559166690288,1.18,0,0,0,0,"Reinforced Concrete Pipe",542.9682617,516.3308716
52288,57627,57626,89.3758479981689,1.18,0,0,0,0,"Reinforced Concrete Pipe",761.4237671,757.4523926
52298,43810,45639,108.207171581233,1.18,0,0,0,0,"Reinforced Concrete Pipe",781.6346436,752.6558838
52309,39190,45589,120.538032433086,1.18,0,0,0,0,"Reinforced Concrete Pipe",518.0449219,489.1820068
52310,58435,10530,42.1928897219768,1.18,0,0,0,0,"Reinforced Concrete Pipe",388.921051,376.5270081
52311,28121,58435,103.931502755127,1.18,0,0,0,0,"Reinforced Concrete Pipe",376.5270081,337.1638489
52313,38314,52129,179.649503837479,1.18,0,0,0,0,"Reinforced Concrete Pipe",91.0291901,82.6796875
52424,19867,27266,40.5473040008269,1.18,0,0,0,0,"Reinforced Concrete Pipe",101.1817398,92.9785919
52425,33680,29974,49.3506771420404,1.18,0,0,0,0,"Reinforced Concrete Pipe",133.6206055,130.2662659
52451,41954,14256,91.6844231188946,1.18,0,0,0,0,"Reinforced Concrete Pipe",126.1673965,113.2524643
52454,54778,1948,144.539101408705,1.18,0,0,0,0,"Reinforced Concrete Pipe",104.193573,44.9963799
52497,58475,29079,311.363585989854,1.18,0,0,0,0,"Reinforced Concrete Pipe",95.7869263,91.6914368
52498,25422,46517,32.5096947959103,1.18,0,0,0,0,"Reinforced Concrete Pipe",84.4333954,82.0095825
52503,52075,45578,19.8298783921723,1.18,0,0,0,0,"Reinforced Concrete Pipe",32.906559,31.5056419
52526,38274,24423,23.195742509252,1.18,0,0,0,0,"Reinforced Concrete Pipe",12.6153908,11.9768496
52539,58434,17009,124.397804374412,1.18,0,0,0,0,"Reinforced Concrete Pipe",1.4203856,0.5032769
52563,17008,57505,62.621750998702,1.18,0,0,0,0,"Box Culvert",1.8830345,1.3438444
52569,27331,33750,37.4832767805738,1.18,0,0,0,0,"Reinforced Concrete Pipe",258.3948669,251.9698334
52634,9714,16236,111.081570927875,1.18,0,0,0,0,"Reinforced Concrete Pipe",278.4798889,270.8108521
52744,45588,2279,30.0751158152494,1.18,0,0,0,0,"Reinforced Concrete Pipe",16.5097504,16.1445694
52745,46477,2278,204.590591161366,1.18,0,0,0,0,"Reinforced Concrete Pipe",0.7121029,0.5752767
52997,55994,45015,123.167744468917,0.56,0,0,0,0,"Reinforced Concrete Pipe",923.1119995,907.1939697
53014,55993,49564,173.195805457139,0.71,0,0,0,0,"Reinforced Concrete Pipe",880.376709,876.1690063
53175,39461,43119,115.942950634084,1.16,0,0,0,0,"Reinforced Concrete Pipe",711.9093628,694.0355835
53178,12598,39461,50.7846298533246,1.16,0,0,0,0,"Reinforced Concrete Pipe",694.0355835,686.2481079
53584,24151,35247,108.229250450015,1.18,0,0,0,0,"Reinforced Concrete Pipe",235.3521423,228.3876038
54029,29986,50248,41.1855550971699,1.18,0,0,0,0,"Reinforced Concrete Pipe",547.6879883,542.5026245
54030,15191,10580,46.557549470027,1.18,0,0,0,0,"Reinforced Concrete Pipe",698.2453003,695.3748169
54033,49270,36504,42.1235375307238,1.18,0,0,0,0,"Reinforced Concrete Pipe",200.2094574,196.6741791
54034,37453,2561,40.7714969200079,1.18,0,0,0,0,"Reinforced Concrete Pipe",191.7983093,187.0571747
54035,37453,29972,27.2538656826264,1.18,0,0,0,0,"Reinforced Concrete Pipe",189.1633759,187.0571747
54046,34636,58482,28.5802904941561,1.18,0,0,0,0,"Reinforced Concrete Pipe",621.043335,616.7255249
54049,22556,52990,15.0208210752631,1.18,0,0,0,0,"Reinforced Concrete Pipe",12.4406443,11.7839832
54051,48341,29924,27.0839823003319,1.18,0,0,0,0,"Reinforced Concrete Pipe",33.6751251,33.6306953
54082,9611,18047,60.0860316355178,1.18,0,0,0,0,"Reinforced Concrete Pipe",135.7492218,127.6838531
54083,29076,12375,55.4683346222971,1.18,0,0,0,0,"Reinforced Concrete Pipe",134.1651611,124.8468781
54084,32866,3228,39.0041984226289,1.18,0,0,0,0,"Reinforced Concrete Pipe",644.7042236,640.6547852
54085,53916,48405,85.8766388067296,1.18,0,0,0,0,"Reinforced Concrete Pipe",92.8074799,77.2692032
54086,19880,2634,67.8483331032541,1.18,0,0,0,0,"Reinforced Concrete Pipe",47.0878639,44.5444107
54146,3228,26447,155.715548325791,1.18,0,0,0,0,"Reinforced Concrete Pipe",668.241333,644.7042236
54149,53916,36513,71.7564083492297,1.18,0,0,0,0,"Reinforced Concrete Pipe",85.9638748,77.2692032
54165,41955,2567,231.704314605712,1.18,0,0,0,0,"Reinforced Concrete Pipe",185.7646484,158.8606873
54199,2569,56624,174.942514514651,1.18,0,0,0,0,"Reinforced Concrete Pipe",144.2296295,131.7811584
54201,23545,8634,275.899298760492,1.18,0,0,0,0,"Reinforced Concrete Pipe",28.4035301,19.9040298
54233,8693,20806,149.554300676113,1.18,0,0,0,0,"Reinforced Concrete Pipe",32.5326805,30.0730896
54276,41974,44718,40.2036971679563,1.18,0,0,0,0,"Reinforced Concrete Pipe",648.0991821,647.3435669
54282,25500,55837,42.7529245819878,1.18,0,0,0,0,"Reinforced Concrete Pipe",374.1919556,364.9925842
54327,2291,43767,75.9172336189979,1.18,0,0,0,0,"Reinforced Concrete Pipe",0.0004655,0
54342,48348,19825,57.8978156459135,1.18,0,0,0,0,"Reinforced Concrete Pipe",11.3517017,10.8944349
54347,53970,16177,52.1044383382496,1.18,0,0,0,0,"Reinforced Concrete Pipe",295.0262756,282.7382202
54364,30890,46477,107.60575338154,1.18,0,0,0,0,"Reinforced Concrete Pipe",0.5752767,0.317159
54365,35543,56585,17.7638663523691,1.18,0,0,0,0,"Reinforced Concrete Pipe",6.3002644,5.956203
54472,44799,50337,139.796289757211,1.18,0,0,0,0,"Reinforced Concrete Pipe",337.7781372,302.0938416
54503,30882,16064,23.3306857848118,1.18,0,0,0,0,"Reinforced Concrete Pipe",12.7523317,10.8802395
55352,15752,2303,8.46800946305141,1.18,0,0,0,0,"Reinforced Concrete Pipe",144.0586853,143.6044769
55799,29092,29986,110.608519136538,1.18,0,0,0,0,"Reinforced Concrete Pipe",542.5026245,527.8835449
55810,40146,14269,51.3900552256562,1.18,0,0,0,0,"Reinforced Concrete Pipe",462.5736389,461.4848938
55813,15190,2646,23.6583557746457,1.18,0,0,0,0,"Reinforced Concrete Pipe",789.6818848,784.7086182
55814,47476,41074,160.621269160834,1.18,0,0,0,0,"Reinforced Concrete Pipe",733.2901001,678.447876
55851,53049,29073,97.2556181712867,1.18,0,0,0,0,"Reinforced Concrete Pipe",244.8306732,232.8718109
55931,38328,53917,203.106926401358,1.18,0,0,0,0,"Reinforced Concrete Pipe",41.0476837,40.4835701
55935,3228,51141,42.2618603903906,1.18,0,0,0,0,"Reinforced Concrete Pipe",657.939209,644.7042236
55945,57547,46532,138.895789192879,1.18,0,0,0,0,"Reinforced Concrete Pipe",63.7450066,61.4546928
55966,13309,34639,119.403373003141,1.18,0,0,0,0,"Reinforced Concrete Pipe",559.4870605,543.8872681
55993,12383,2635,22.3453050945759,1.18,0,0,0,0,"Reinforced Concrete Pipe",37.3546448,36.0664902
55994,57546,58475,168.607901000807,1.18,0,0,0,0,"Reinforced Concrete Pipe",91.6914368,69.7703094
56004,30936,2568,137.100529000617,1.18,0,0,0,0,"Reinforced Concrete Pipe",111.5675354,109.6775436
56005,10569,2568,29.5304138875511,1.18,0,0,0,0,"Reinforced Concrete Pipe",111.5675354,108.1344604
56045,44655,43754,27.5454145786903,1.18,0,0,0,0,"Reinforced Concrete Pipe",64.3970108,57.7747421
56077,57518,17022,155.151735424218,1.18,0,0,0,0,"Reinforced Concrete Pipe",104.2105865,95.8223267
56087,23611,14328,154.280919516631,1.18,0,0,0,0,"Reinforced Concrete Pipe",411.4061279,383.2931824
56088,14326,24527,193.529892528841,1.18,0,0,0,0,"Reinforced Concrete Pipe",334.6311035,317.0697937
56092,55837,23612,123.548171901468,1.18,0,0,0,0,"Reinforced Concrete Pipe",400.0383301,374.1919556
56140,29154,7806,176.279279241549,1.18,0,0,0,0,"Reinforced Concrete Pipe",773.3483887,754.1381226
56153,28216,58542,90.6949040276463,1.18,0,0,0,0,"Reinforced Concrete Pipe",189.8041077,178.579895
56154,41143,39303,250.991197551503,1.18,0,0,0,0,"Reinforced Concrete Pipe",767.4797974,718.8105469
56346,58421,44656,13.4920487332735,1.18,0,0,0,0,"Reinforced Concrete Pipe",15.4939823,15.3823195
56583,35829,44024,114.292954661046,2.76,0,0,0,0,"Reinforced Concrete Pipe",679.7028198,673.0294189
56584,29295,44023,207.384303116494,1.48,0,0,0,0,"Reinforced Concrete Pipe",675.8563232,636.5115967
56601,4780,13571,145.163324067158,0.41,0,0,0,0,"Reinforced Concrete Pipe",1025.8808594,1004.9343262
56699,5391,37743,62.1479077168249,1.18,0,0,0,0,"Reinforced Concrete Pipe",244.14534,236.161026
57140,54468,15180,171.320077921467,1.18,0,0,0,0,"Channel",139.2757416,119.3403015
57156,55837,59090,20.2778948325583,1.18,0,0,0,0,"Reinforced Concrete Pipe",376.8960266,374.1919556
57157,25351,11147,50.993602051665,1.18,0,0,0,0,"Reinforced Concrete Pipe",444.0655823,433.6333923
59578,61448,61449,76.4219139518337,1.18,0,0,0,0,"Reinforced Concrete Pipe",4.9156857,4.4244776
209505,190507,47469,23.8356085564617,1.18,0,0,0,0,"Reinforced Concrete Pipe",113.4318237,113.1702957
209506,47469,190508,18.6719634366,1.18,0,0,0,0,"Reinforced Concrete Pipe",114.9874573,113.4318237
209507,7715,190506,13.0834483007539,1.18,0,0,0,0,"Reinforced Concrete Pipe",140.8053894,140.5265198
