"link","x","y"
"C5460",-157.75173813,21.283367976
"C5460",-157.751706671,21.283298914
"C5460",-157.751661665,21.28320852
"C1602",-157.749847999,21.321192767
"C1602",-157.749924532,21.3210827
"C1602",-157.749953799,21.321066101
"C1602",-157.749971397,21.320999967
"C1602",-157.750124198,21.320812767
"C1602",-157.750165332,21.320730101
"C1602",-157.750412132,21.3205043
"C1602",-157.750582532,21.320283967
"C1602",-157.750717598,21.320063767
"C1602",-157.750776332,21.3199371
"C1602",-157.750793998,21.3199205
"C1602",-157.750811599,21.319870967
"C1602",-157.750870333,21.3197553
"C1602",-157.750882132,21.319727767
"C1602",-157.750946732,21.319601101
"C1602",-157.750958532,21.3195901
"C1602",-157.750976132,21.319523967
"C1602",-157.751005398,21.319452367
"C1602",-157.751034798,21.3194029
"C1602",-157.751052399,21.319336767
"C1602",-157.751099398,21.319232167
"C1602",-157.751116998,21.3191935
"C1602",-157.751128732,21.3190999
"C1602",-157.751146398,21.319050367
"C1602",-157.751175732,21.3189623
"C1602",-157.751252132,21.318852167
"C1602",-157.751404932,21.3187089
"C1602",-157.751492998,21.3186483
"C1602",-157.751528198,21.318620767
"C1602",-157.751680999,21.3185437
"C1602",-157.751786799,21.318460967
"C1602",-157.752133532,21.3182737
"C1602",-157.752274531,21.3181305
"C1602",-157.752409732,21.3179983
"C1602",-157.752503732,21.317871567
"C1602",-157.752550599,21.3176899
"C1602",-157.752579999,21.3175687
"C1602",-157.752591732,21.317552167
"C1602",-157.752626997,21.317447567
"C1602",-157.752656331,21.317337367
"C1602",-157.752667998,21.317304367
"C1602",-157.752703132,21.316549901
"C1602",-157.752703132,21.3164343
"C1602",-157.752703132,21.3163187
"C1602",-157.752732532,21.3161921
"C1602",-157.752732399,21.316015767
"C1602",-157.752808731,21.315657767
"C1602",-157.752896732,21.3152503
"C1602",-157.752931999,21.315112567
"C1602",-157.752961332,21.3149805
"C1602",-157.753125732,21.3145123
"C1602",-157.753125732,21.314170967
"C1602",-157.753143331,21.314099367
"C1602",-157.753160932,21.314077367
"C1602",-157.753190332,21.313989167
"C1602",-157.753342999,21.313625767
"C1602",-157.753478132,21.3133669
"C1602",-157.753542732,21.313240167
"C1602",-157.753554399,21.3132127
"C1602",-157.753572132,21.313190702
"C1602",-157.753630732,21.312964767
"C1602",-157.753695331,21.3127281
"C1602",-157.753724731,21.3126839
"C1602",-157.753754132,21.3125849
"C1602",-157.753783398,21.312480167
"C1602",-157.753800998,21.312447167
"C1602",-157.753812798,21.312430567
"C1602",-157.753830398,21.312364567
"C1602",-157.753830398,21.312336967
"C1602",-157.753877399,21.312292967
"C1602",-157.753889199,21.312259901
"C1602",-157.753918531,21.312199367
"C1602",-157.754135932,21.3119845
"C1602",-157.754300398,21.311918367
"C1602",-157.754517932,21.3118743
"C1602",-157.754564799,21.311830167
"C1602",-157.754623598,21.311802701
"C47736",-157.747069975,21.293551143
"C47736",-157.7472713,21.293364524
"C4838",-157.746454285,21.285542283
"C4838",-157.746393481,21.285427849
"C56088",-157.745974575,21.2834465
"C56088",-157.745491923,21.283170424
"C41838",-157.754472743,21.298880054
"C41838",-157.754755193,21.298808654
"C3515",-157.754252928,21.289208321
"C3515",-157.754166484,21.289305146
"C31448",-157.744959066,21.287602571
"C31448",-157.744559304,21.287513463
"C10825",-157.747789589,21.291227518
"C10825",-157.747770024,21.291318027
"C36733",-157.754987323,21.300657226
"C36733",-157.755313529,21.300695924
"C20186",-157.744851048,21.289044426
"C20186",-157.744707719,21.2884143
"C21996",-157.756352373,21.284301504
"C21996",-157.756172282,21.284192245
"C21996",-157.755800367,21.283966674
"C21996",-157.755703534,21.283908808
"C21996",-157.755670504,21.283900909
"C20658",-157.754182385,21.28128979
"C20658",-157.754139216,21.281196623
"C20658",-157.754075195,21.281060174
"C20658",-157.754039338,21.280986202
"C3105",-157.752210666,21.2826008893
"C3105",-157.752455525,21.2824984
"C3105",-157.752642153,21.282420487
"C22448",-157.746145592,21.292677336
"C22448",-157.746586688,21.292599155
"C32992",-157.74701284,21.286085616
"C32992",-157.746765744,21.286039001
"C26520",-157.74463262,21.29276378
"C26520",-157.7445307,21.292461594
"C4953",-157.753128508,21.287992233
"C4953",-157.753168237,21.287947127
"C29904",-157.746396966,21.29473667
"C29904",-157.746540804,21.293977243
"C29904",-157.746923652,21.293986982
"C29904",-157.747180324,21.293919465
"C29206",-157.757081697,21.290228488
"C29206",-157.756781409,21.290197339
"C209505",-157.752939148,21.289033982
"C209505",-157.752952815,21.289097987
"C6685",-157.745552517,21.290819121
"C6685",-157.74553152,21.290734874
"C3208",-157.756934771,21.282680927
"C3208",-157.756915421,21.282614463
"C3208",-157.756862444,21.282457516
"C3208",-157.756835442,21.28235534
"C3208",-157.75679603,21.28220981
"C3208",-157.756757336,21.282074712
"C38520",-157.755270026,21.298823082
"C38520",-157.755485613,21.298812477
"C50591",-157.752728474,21.292720227
"C50591",-157.752812618,21.292681768
"C4966",-157.755541537,21.288620429
"C4966",-157.755480842,21.288688108
"C4966",-157.755417213,21.288755225
"C38332",-157.753820412,21.280610177
"C38332",-157.753611009,21.280689636
"C38332",-157.753151408,21.280873251
"C38332",-157.752763089,21.28102301
"C11113",-157.747927367,21.291212755
"C11113",-157.747901752,21.29131195
"C10837",-157.749477181,21.287956816
"C10837",-157.749343489,21.287633986
"C6228",-157.759067767,21.274633472
"C6228",-157.758790829,21.274731287
"C6228",-157.758596138,21.274801225
"C31186",-157.746765744,21.286039001
"C31186",-157.746687913,21.285894812
"C50802",-157.747506666,21.286883335
"C50802",-157.747332599,21.286297062
"C6461",-157.757143209,21.274030784
"C6461",-157.756702881,21.274118344
"C23110",-157.745728337,21.29168057
"C23110",-157.745733164,21.291604192
"C3201",-157.753029223,21.284127041
"C3201",-157.753361641,21.283992726
"C46906",-157.754366685,21.289688112
"C46906",-157.754279265,21.289709491
"C54201",-157.754519159,21.284101063
"C54201",-157.753577998,21.284466323
"C19051",-157.748550311,21.2815083585
"C19051",-157.749782397,21.281162516
"C19051",-157.750151141,21.281080741
"C19051",-157.750259487,21.281057503
"C27587",-157.745325171,21.281711934
"C27587",-157.74547899,21.281640034
"C27587",-157.745545743,21.281613915
"C27587",-157.745629704,21.281591856
"C27587",-157.745711499,21.281577862
"C27587",-157.745810492,21.281573977
"C27587",-157.745877198,21.281576094
"C27587",-157.746334187,21.281633362
"C5464",-157.757815428,21.282758126
"C5464",-157.757677694,21.282791068
"C5464",-157.757536278,21.282830091
"C5881",-157.746862984,21.288893539
"C5881",-157.74714367,21.288556424
"C34897",-157.748521396,21.278474991
"C34897",-157.748225077,21.278348899
"C34897",-157.748003374,21.277511628
"C47280",-157.746687913,21.285894812
"C47280",-157.746605176,21.285766623
"C6457",-157.747428675,21.279242399
"C6457",-157.74744109,21.279281388
"C6457",-157.747521755,21.279641686
"C41672",-157.756812424,21.282064748
"C41672",-157.756757336,21.282074712
"C34492",-157.757541852,21.287933061
"C34492",-157.757445929,21.287990774
"C54454",-157.744244176,21.28396851
"C54454",-157.744256391,21.283441384
"C29283",-157.74359337,21.290416846
"C29283",-157.743465807,21.290307327
"C57157",-157.747218225,21.285115704
"C57157",-157.747230707,21.284979529
"C27594",-157.756377396,21.297300751
"C27594",-157.756213718,21.297261052
"C47318",-157.757749778,21.276000044
"C47318",-157.757684754,21.275800796
"C47318",-157.757621956,21.275588862
"C47318",-157.757516777,21.275251243
"C47318",-157.757489764,21.275156788
"C40091",-157.746765339,21.283879631
"C40091",-157.746142777,21.283535827
"C4527",-157.756837873,21.287123916
"C4527",-157.757333964,21.286862124
"C10987",-157.747840376,21.292961193
"C10987",-157.747784235,21.292901901
"C36287",-157.757267182,21.283567431
"C36287",-157.756518963,21.284137693
"C36287",-157.75644793,21.284242048
"C36287",-157.756362857,21.2843040735
"C4325",-157.754180097,21.284652969
"C4325",-157.753750992,21.284844998
"C22262",-157.746748183,21.283996158
"C22262",-157.746765339,21.283879631
"C43372",-157.755898808,21.288033143
"C43372",-157.756495809,21.28793855
"C12496",-157.75210626,21.290034933
"C12496",-157.752182834,21.289668692
"C3540",-157.755794732,21.28670959
"C3540",-157.755712383,21.286773131
"C50592",-157.752812618,21.292681768
"C50592",-157.752746237,21.292637624
"C29107",-157.747963565,21.289998098
"C29107",-157.747964549,21.289906306
"C34774",-157.750496621,21.283476006
"C34774",-157.750715894,21.283425082
"C34774",-157.751055267,21.283349131
"C34774",-157.75139905,21.28327095
"C34774",-157.751445321,21.283263814
"C32232",-157.757361269,21.296281599
"C32232",-157.757324874,21.296011833
"C35270",-157.746789925,21.294867465
"C35270",-157.746905345,21.294889582
"C24581",-157.747870837,21.291541403
"C24581",-157.747901752,21.29131195
"C4506",-157.75385797,21.289143454
"C4506",-157.753354688,21.289086191
"C37247",-157.745246436,21.291759676
"C37247",-157.745522796,21.291626052
"C45215",-157.756687912,21.293683789
"C45215",-157.756259623,21.293562189
"C56323",-157.743820737,21.287418628
"C56323",-157.74417627,21.287387937
"C20180",-157.754663126,21.294688895
"C20180",-157.754797185,21.294664252
"C8524",-157.75660667,21.297279164
"C8524",-157.756377396,21.297300751
"C40039",-157.753306514,21.288251266
"C40039",-157.753293501,21.288128442
"C40090",-157.74572356,21.284882009
"C40090",-157.745758176,21.284474121
"C52749",-157.745436954,21.286790766
"C52749",-157.745361687,21.28658986
"C45453",-157.756629455,21.276348054
"C45453",-157.756609425,21.27625021
"C45453",-157.756534331,21.275924379
"C45453",-157.756452979,21.275610733
"C45453",-157.756408149,21.275412352
"C22292",-157.756176609,21.274450354
"C22292",-157.756136116,21.274218155
"C45339",-157.752236589,21.284430722
"C45339",-157.753029223,21.284127041
"C6606",-157.753856383,21.296928766
"C6606",-157.754268454,21.296701385
"C54033",-157.754453885,21.295764769
"C54033",-157.754567266,21.295810036
"C21540",-157.757848159,21.282553307
"C21540",-157.7576634,21.282367489
"C21540",-157.757594754,21.282236293
"C21540",-157.757487299,21.28215143
"C21540",-157.757306566,21.282309333
"C49288",-157.748743924,21.281724391
"C49288",-157.748671742,21.281639802
"C49288",-157.748554491,21.2815034
"C4478",-157.754281003,21.289105925
"C4478",-157.754086725,21.289136006
"C53735",-157.744503095,21.280511236
"C53735",-157.744566043,21.280428667
"C10988",-157.748823544,21.292839699
"C10988",-157.748844113,21.292746991
"C20657",-157.755897164,21.282267213
"C20657",-157.75585741,21.282106798
"C20657",-157.755575781,21.2817308542
"C41662",-157.744783686,21.289455585
"C41662",-157.744795451,21.289075576
"C23848",-157.752471376,21.288820349
"C23848",-157.752180722,21.288519338
"C4963",-157.752388119,21.288986582
"C4963",-157.75230717,21.289090577
"C51020",-157.745830913,21.287713222
"C51020",-157.7454814,21.287473222
"C36288",-157.754421301,21.291068245
"C36288",-157.754659758,21.291189121
"C11116",-157.746137586,21.293119756
"C11116",-157.74657012,21.293005548
"C11116",-157.74665595,21.293081988
"C11116",-157.746817995,21.293239775
"C11116",-157.747419152,21.292696023
"C51036",-157.754709468,21.299570279
"C51036",-157.754762667,21.299111717
"C36587",-157.745729855,21.280746014
"C36587",-157.745640182,21.280727849
"C27081",-157.753046684,21.28971864
"C27081",-157.753015534,21.289683344
"C31353",-157.756535614,21.298033233
"C31353",-157.755932816,21.298193614
"C3207",-157.756757336,21.282074712
"C3207",-157.756581406,21.282115254
"C3207",-157.756249021,21.28218671
"C3207",-157.75610027,21.282221979
"C29279",-157.749331663,21.284351654
"C29279",-157.749352771,21.284244538
"C29279",-157.749385729,21.284077801
"C27485",-157.755660904,21.288595226
"C27485",-157.755541537,21.288620429
"C27591",-157.747371286,21.287075339
"C27591",-157.747506666,21.286883335
"C52497",-157.757225476,21.28897962
"C52497",-157.757330041,21.288132746
"C6459",-157.748624234,21.278915668
"C6459",-157.748521396,21.278474991
"C3824",-157.756882423,21.293738529
"C3824",-157.756687912,21.293683789
"C8294",-157.754528374,21.299546155
"C8294",-157.754709468,21.299570279
"C50699",-157.754085531,21.289190524
"C50699",-157.754086725,21.289136006
"C13545",-157.746249404,21.292284624
"C13545",-157.745969481,21.292386307
"C13545",-157.74564421,21.292295145
"C13545",-157.745364489,21.292132159
"C11114",-157.748384932,21.291914611
"C11114",-157.747793588,21.29198197
"C35013",-157.754706122,21.298079695
"C35013",-157.755283127,21.297949501
"C42141",-157.747499073,21.292625161
"C42141",-157.747737198,21.292346132
"C1783",-157.755861398,21.303591767
"C1783",-157.755919998,21.303244767
"C1783",-157.756284197,21.302523301
"C1783",-157.756360532,21.3020827
"C1783",-157.755907799,21.3014111
"C1783",-157.756165798,21.299599167
"C1783",-157.755983332,21.298393301
"C1783",-157.755506931,21.296510101
"C1783",-157.755159599,21.2944781
"C1783",-157.755188799,21.293822767
"C1783",-157.755400132,21.2929417
"C5873",-157.745910876,21.289677375
"C5873",-157.74562576,21.289365911
"C41809",-157.74612593,21.294394343
"C41809",-157.746142676,21.294134684
"C41809",-157.746141334,21.294133226
"C4526",-157.753928814,21.287170109
"C4526",-157.753688169,21.28748453
"C35252",-157.747558838,21.290368012
"C35252",-157.747849128,21.290311412
"C6596",-157.745404554,21.286089914
"C6596",-157.745888329,21.285681192
"C40572",-157.748173908,21.289662287
"C40572",-157.748265735,21.289566233
"C22243",-157.754549933,21.275864618
"C22243",-157.755407698,21.278532726
"C40139",-157.746299597,21.288362976
"C40139",-157.746169509,21.288284036
"C41649",-157.7548046,21.295726595
"C41649",-157.754900048,21.295516871
"C6458",-157.750603804,21.2793202053
"C6458",-157.75108903,21.279024994
"C24",-157.749678599,21.325443967
"C24",-157.749860732,21.3253615
"C24",-157.750136932,21.325174167
"C24",-157.750166332,21.325135567
"C24",-157.750272132,21.3250695
"C24",-157.750536532,21.324931767
"C24",-157.750671732,21.324849101
"C24",-157.750842132,21.3246949
"C24",-157.750871531,21.3245737
"C24",-157.750947799,21.3245021
"C24",-157.750994799,21.324364367
"C24",-157.751006531,21.324336967
"C24",-157.751006531,21.324314901
"C24",-157.751082932,21.324210167
"C24",-157.751112332,21.324155167
"C24",-157.751141732,21.324144167
"C24",-157.751217999,21.324089101
"C24",-157.751253331,21.3240505
"C24",-157.751494199,21.3238743
"C24",-157.751558932,21.323808167
"C24",-157.751799732,21.323378567
"C24",-157.751864332,21.3232079
"C24",-157.751876132,21.323158301
"C24",-157.751905532,21.3231253
"C24",-157.751905532,21.323103167
"C24",-157.751970132,21.323031567
"C24",-157.752075798,21.322888367
"C24",-157.752122932,21.322866367
"C24",-157.752134599,21.3228389
"C24",-157.752228599,21.3227177
"C24",-157.752334332,21.322541367
"C24",-157.752428333,21.3224313
"C24",-157.752469532,21.322376167
"C24",-157.752534132,21.322271501
"C24",-157.752639798,21.322133767
"C24",-157.752669199,21.3220953
"C24",-157.752745598,21.3219301
"C24",-157.752774999,21.321874967
"C24",-157.752839599,21.3217593
"C24",-157.752868999,21.321682167
"C24",-157.752945332,21.321566567
"C24",-157.753039332,21.321489501
"C24",-157.753250799,21.3213187
"C24",-157.753374332,21.321258101
"C24",-157.753450732,21.321197501
"C24",-157.753832532,21.320619167
"C24",-157.753985332,21.320442967
"C24",-157.754361332,21.320228101
"C24",-157.754549331,21.3200795
"C24",-157.754760932,21.319892101
"C24",-157.754931332,21.319732367
"C24",-157.754972399,21.319671767
"C24",-157.755019398,21.319583701
"C24",-157.755019398,21.3195341
"C24",-157.755189799,21.319247767
"C24",-157.755189732,21.319154167
"C24",-157.755266132,21.3190605
"C24",-157.755266133,21.319016367
"C24",-157.755495199,21.318553767
"C24",-157.755524532,21.3184217
"C24",-157.755571532,21.318294967
"C24",-157.755753598,21.3180251
"C24",-157.755829998,21.3178929
"C24",-157.755829932,21.317771767
"C24",-157.755841599,21.3175845
"C24",-157.755876798,21.3174909
"C24",-157.755953198,21.317358767
"C24",-157.756164732,21.317160367
"C24",-157.756182399,21.317099767
"C24",-157.756211732,21.316962167
"C24",-157.756193998,21.3167585
"C24",-157.756146932,21.316626301
"C24",-157.756029399,21.316477567
"C24",-157.755994198,21.316416967
"C24",-157.756040998,21.3158609
"C24",-157.756058599,21.315734167
"C24",-157.756040932,21.3156131
"C24",-157.755982132,21.315475367
"C24",-157.755552932,21.3147265
"C24",-157.755494132,21.3145063
"C24",-157.755476399,21.314462301
"C24",-157.755429398,21.3143687
"C24",-157.755429398,21.314247567
"C24",-157.755505731,21.313911567
"C24",-157.755523331,21.313839967
"C24",-157.755540932,21.313702301
"C24",-157.755587932,21.3135591
"C24",-157.755628932,21.313311301
"C24",-157.755628799,21.312832167
"C24",-157.755616999,21.3126395
"C24",-157.755599332,21.3125679
"C24",-157.755540532,21.3124963
"C24",-157.755417131,21.3124413
"C24",-157.755246731,21.3124083
"C24",-157.755082199,21.3123863
"C24",-157.755052731,21.312369767
"C24",-157.755017532,21.312347767
"C24",-157.754988131,21.312331167
"C24",-157.754929332,21.312287167
"C24",-157.754823599,21.3121661
"C24",-157.754717732,21.312088967
"C24",-157.754670732,21.3120339
"C24",-157.754641332,21.3119459
"C24",-157.754623598,21.311802701
"C29682",-157.756595138,21.281357069
"C29682",-157.756555564,21.281309588
"C27369",-157.751136658,21.284945688
"C27369",-157.75094694,21.28488682
"C41682",-157.755865471,21.293447218
"C41682",-157.75531715,21.293287659
"C36553",-157.75454508,21.284631225
"C36553",-157.754460038,21.284549201
"C20331",-157.752180722,21.288519338
"C20331",-157.752089653,21.288527505
"C56004",-157.754705048,21.291112064
"C56004",-157.754594097,21.2905442138
"C51799",-157.757324874,21.296011833
"C51799",-157.757321461,21.29598654
"C25760",-157.756492802,21.286421836
"C25760",-157.757380115,21.285812462
"C18454",-157.754786629,21.285537944
"C18454",-157.754667712,21.285514156
"C22183",-157.75559921,21.288824248
"C22183",-157.755541537,21.288620429
"C22972",-157.75536528,21.287744605
"C22972",-157.755189945,21.287866119
"C8520",-157.753937788,21.294997209
"C8520",-157.754137912,21.295358985
"C10983",-157.747625662,21.294142588
"C10983",-157.747758097,21.294146851
"C3250",-157.757869712,21.289283739
"C3250",-157.757826132,21.289439558
"C3205",-157.75610027,21.282221979
"C3205",-157.755897164,21.282267213
"C55851",-157.752746237,21.292637624
"C55851",-157.752553061,21.292444121
"C24074",-157.74599581,21.282401953
"C24074",-157.746279813,21.282319943
"C29513",-157.755436044,21.300597824
"C29513",-157.756013649,21.300667711
"C8523",-157.75691633,21.296740338
"C8523",-157.756766623,21.296740121
"C33052",-157.756027737,21.296563665
"C33052",-157.755536497,21.296626976
"C3823",-157.757039779,21.293783888
"C3823",-157.756882423,21.293738529
"C26298",-157.748368889,21.28867811
"C26298",-157.748407314,21.288457848
"C4954",-157.753342919,21.287997968
"C4954",-157.753168237,21.287947127
"C33053",-157.755325859,21.296641557
"C33053",-157.755531595,21.296607596
"C79",-157.743471331,21.320461567
"C79",-157.743436132,21.3202303
"C79",-157.743424332,21.320109101
"C79",-157.743424198,21.319718101
"C79",-157.743424199,21.319657567
"C79",-157.743471132,21.319563967
"C79",-157.743512398,21.3195253
"C79",-157.743529999,21.3194813
"C79",-157.743547598,21.319426167
"C79",-157.743623999,21.319343567
"C79",-157.743712132,21.319189367
"C79",-157.743741399,21.319046301
"C79",-157.743806132,21.3188701
"C79",-157.743817799,21.3186773
"C79",-157.743835399,21.318567101
"C79",-157.743852998,21.3184955
"C79",-157.743882332,21.3184185
"C79",-157.743929398,21.318291767
"C79",-157.743929332,21.3181321
"C79",-157.743911732,21.318093567
"C79",-157.743929332,21.3179063
"C79",-157.743893932,21.317531767
"C79",-157.743882198,21.317504367
"C79",-157.743864532,21.317383167
"C79",-157.743852799,21.3173777
"C79",-157.743835199,21.317311567
"C79",-157.743817532,21.317262101
"C79",-157.743805798,21.317217967
"C79",-157.743788132,21.317201501
"C79",-157.743788132,21.317173901
"C79",-157.743776399,21.3171629
"C79",-157.743746999,21.317091301
"C79",-157.743670532,21.316865501
"C79",-157.743652932,21.316562701
"C79",-157.743652798,21.3164305
"C79",-157.743711532,21.3162873
"C79",-157.743711532,21.316237767
"C79",-157.743729132,21.3162213
"C79",-157.743823198,21.3159789
"C79",-157.743852598,21.315901767
"C79",-157.743864332,21.3158743
"C79",-157.743864332,21.315802701
"C79",-157.743881798,21.315714567
"C79",-157.743893531,21.315400767
"C79",-157.743911199,21.3153897
"C79",-157.743911199,21.315345567
"C79",-157.744046332,21.315158367
"C79",-157.744110999,21.3150813
"C79",-157.7443988,21.314756367
"C79",-157.744398799,21.314734301
"C79",-157.744463532,21.314668167
"C79",-157.744504599,21.3145251
"C79",-157.744504599,21.3143819
"C79",-157.744504532,21.3140459
"C79",-157.744492733,21.313985367
"C79",-157.744492732,21.313858767
"C79",-157.744521999,21.3137541
"C79",-157.744615998,21.313550367
"C79",-157.744674798,21.313473167
"C79",-157.744845199,21.313346567
"C79",-157.744933331,21.313274967
"C79",-157.744950999,21.3132639
"C79",-157.744950932,21.313247367
"C79",-157.745039132,21.3131813
"C79",-157.745086132,21.3131207
"C79",-157.745103732,21.3130601
"C79",-157.7453916,21.312498367
"C79",-157.745438598,21.312382767
"C79",-157.745467932,21.3123001
"C79",-157.745514932,21.312294567
"C79",-157.745544332,21.312189967
"C79",-157.745561931,21.312118367
"C79",-157.745591332,21.3120523
"C79",-157.745620599,21.3119257
"C79",-157.745649931,21.311749367
"C79",-157.745667532,21.311160167
"C79",-157.745679332,21.3110115
"C79",-157.745679199,21.3106371
"C79",-157.745696732,21.310378167
"C79",-157.745714331,21.310240567
"C79",-157.745755398,21.310031301
"C79",-157.745755398,21.3098991
"C79",-157.745831732,21.3097779
"C79",-157.745867132,21.309750501
"C79",-157.745925731,21.309596167
"C79",-157.745972732,21.3094751
"C79",-157.745972732,21.309194167
"C79",-157.745972599,21.309133567
"C79",-157.745943332,21.3090841
"C79",-157.745896199,21.3089189
"C79",-157.745878599,21.308902367
"C79",-157.745878531,21.308885767
"C79",-157.745866799,21.3088693
"C79",-157.745831532,21.308715167
"C79",-157.745819799,21.308704167
"C79",-157.745819799,21.308643567
"C79",-157.745790398,21.308571967
"C79",-157.745790332,21.308500367
"C79",-157.745772732,21.3084509
"C79",-157.745743333,21.3083077
"C79",-157.745743199,21.307960767
"C79",-157.745760799,21.3078671
"C79",-157.745790198,21.307685367
"C79",-157.745819531,21.307432101
"C79",-157.745837132,21.307371501
"C79",-157.745848932,21.307294367
"C79",-157.745866532,21.307239367
"C79",-157.745913532,21.3072173
"C79",-157.745925198,21.307145767
"C79",-157.746136732,21.306815167
"C79",-157.746183798,21.306771167
"C79",-157.746213131,21.306705167
"C79",-157.746289532,21.3064573
"C79",-157.746277598,21.306176367
"C79",-157.746289398,21.306115901
"C79",-157.746324599,21.3060663
"C79",-157.746383333,21.305829501
"C79",-157.746442132,21.305763367
"C79",-157.746518532,21.305691767
"C79",-157.746671199,21.305581567
"C79",-157.746706532,21.305526567
"C79",-157.746765198,21.3053613
"C79",-157.746735799,21.305179567
"C79",-157.746671132,21.305052967
"C79",-157.746535932,21.3048823
"C79",-157.746477132,21.304694967
"C79",-157.746477132,21.3045849
"C79",-157.746459532,21.304507767
"C79",-157.746488799,21.304342567
"C79",-157.746518133,21.304116767
"C79",-157.746535732,21.3040233
"C79",-157.746565131,21.3037975
"C79",-157.746658998,21.303610167
"C79",-157.746688399,21.3033955
"C79",-157.746735333,21.3032413
"C79",-157.746782399,21.303026367
"C79",-157.746811732,21.3029439
"C79",-157.746823399,21.3028117
"C79",-157.746840999,21.3027401
"C79",-157.746858598,21.3027291
"C79",-157.746870398,21.302668501
"C79",-157.746934997,21.302508767
"C79",-157.747023132,21.302354567
"C79",-157.747087732,21.3022885
"C79",-157.747117132,21.302167367
"C79",-157.747269799,21.3020297
"C79",-157.747375599,21.301930501
"C79",-157.747622399,21.3017487
"C79",-157.747698799,21.3016661
"C79",-157.747728132,21.3016055
"C79",-157.747710398,21.301462367
"C79",-157.747698731,21.301346767
"C79",-157.747757399,21.301109967
"C79",-157.747833799,21.3008897
"C79",-157.747845398,21.300845567
"C79",-157.747968799,21.3005427
"C79",-157.747998132,21.3003995
"C79",-157.748080398,21.300245301
"C79",-157.748074532,21.3002013
"C79",-157.748092198,21.300157101
"C79",-157.748168532,21.300019501
"C79",-157.748303532,21.2995899
"C79",-157.748321198,21.299578967
"C79",-157.748503198,21.299017167
"C79",-157.748532598,21.2989621
"C79",-157.748673532,21.2985931
"C79",-157.748673532,21.2985271
"C79",-157.748732332,21.298411367
"C79",-157.748796798,21.2983453
"C79",-157.748855599,21.298279167
"C79",-157.748855532,21.298251567
"C79",-157.748902598,21.2982187
"C79",-157.748908532,21.298191101
"C79",-157.749419599,21.297634767
"C79",-157.749842532,21.2970015
"C79",-157.7499952,21.2967371
"C79",-157.750071531,21.2963957
"C79",-157.750136132,21.296015567
"C79",-157.750276998,21.2957237
"C79",-157.750511999,21.295575101
"C79",-157.750923198,21.2953767
"C79",-157.751334532,21.294908501
"C79",-157.751651732,21.2945229
"C79",-157.751839732,21.294445767
"C79",-157.752280399,21.2943467
"C79",-157.752609399,21.294219901
"C79",-157.752779732,21.2940547
"C79",-157.753026532,21.2936361
"C79",-157.753226132,21.293173501
"C79",-157.753361198,21.293019167
"C79",-157.753402398,21.293002701
"C79",-157.753690331,21.2929917
"C79",-157.753984132,21.2930797
"C79",-157.754271999,21.293184167
"C79",-157.754377798,21.293261301
"C79",-157.754483598,21.293310767
"C79",-157.754595199,21.2933329
"C79",-157.754712799,21.293338367
"C79",-157.754836132,21.293283301
"C79",-157.755141732,21.293128967
"C79",-157.755370798,21.292958167
"C79",-157.755400132,21.2929417
"C5874",-157.745923998,21.289374238
"C5874",-157.74562576,21.289365911
"C50375",-157.749526282,21.279558448
"C50375",-157.749669891,21.279522683
"C50375",-157.749805778,21.279493079
"C25657",-157.757496583,21.28464556
"C25657",-157.757615967,21.284609537
"C41810",-157.746816528,21.292216133
"C41810",-157.746634404,21.291840643
"C3087",-157.752413471,21.285687228
"C3087",-157.752284831,21.285329959
"C26829",-157.748734676,21.282679121
"C26829",-157.748503508,21.283217281
"C26829",-157.748475375,21.283310014
"C26829",-157.748460258,21.283342262
"C26829",-157.748449388,21.283406786
"C26829",-157.748419166,21.283463213
"C26829",-157.748382473,21.283527698
"C26829",-157.748350082,21.283594206
"C26829",-157.748332788,21.283640568
"C26829",-157.748306885,21.283686918
"C26829",-157.748296058,21.283727239
"C26829",-157.748285192,21.283789746
"C26829",-157.748263522,21.283878456
"C26829",-157.748256918,21.283965171
"C26829",-157.748248194,21.284033732
"C26829",-157.748248067,21.284108356
"C26829",-157.748252237,21.28418702
"C26829",-157.748275795,21.284253612
"C26829",-157.748299359,21.28431617
"C26829",-157.748350888,21.284384821
"C26829",-157.748396006,21.284427242
"C26829",-157.748503441,21.284522196
"C29547",-157.745888329,21.285681192
"C29547",-157.746393481,21.285427849
"C49174",-157.756667606,21.299251006
"C49174",-157.756714712,21.298950774
"C42019",-157.749805778,21.279493079
"C42019",-157.75002321,21.279439982
"C42019",-157.750341645,21.279365377
"C42019",-157.750480473,21.279335734
"C34818",-157.746839041,21.289792956
"C34818",-157.74621312,21.289799883
"C39999",-157.757474153,21.290702512
"C39999",-157.757281413,21.290688552
"C25722",-157.752509572,21.285962357
"C25722",-157.752439031,21.285990149
"C602",-157.751653998,21.280254767
"C602",-157.751036798,21.278911301
"C602",-157.750343132,21.2774631
"C602",-157.750142709,21.276932039
"C3516",-157.754436632,21.289797233
"C3516",-157.754366685,21.289688112
"C6597",-157.745955363,21.285783658
"C6597",-157.745888329,21.285681192
"C27082",-157.755955155,21.290057134
"C27082",-157.755860386,21.289637934
"C47391",-157.752612751,21.280908994
"C47391",-157.752424259,21.280997603
"C47391",-157.752063746,21.281151689
"C54199",-157.757054853,21.291147051
"C54199",-157.757108138,21.290671848
"C41243",-157.757954819,21.283124235
"C41243",-157.757815428,21.282758126
"C16615",-157.754496973,21.299009691
"C16615",-157.754472743,21.298880054
"C33361",-157.745648638,21.293185021
"C33361",-157.745814508,21.292888908
"C3363",-157.754252928,21.289208321
"C3363",-157.754315639,21.289252437
"C41490",-157.755393932,21.297884143
"C41490",-157.755592113,21.297829834
"C32658",-157.751392667,21.284883483
"C32658",-157.751413846,21.284952616
"C3116",-157.74424471,21.28956929
"C3116",-157.744222653,21.289475551
"C27670",-157.745458101,21.290397902
"C27670",-157.745521537,21.290393045
"C10798",-157.748713694,21.289129407
"C10798",-157.748742285,21.288806273
"C24488",-157.756213718,21.297261052
"C24488",-157.756027737,21.296563665
"C28092",-157.747119434,21.290487337
"C28092",-157.746865288,21.29091458
"C42524",-157.747222499,21.278945219
"C42524",-157.746986246,21.278011041
"C8521",-157.757163537,21.297192288
"C8521",-157.757075119,21.296907176
"C20350",-157.753293501,21.288128442
"C20350",-157.753342919,21.287997968
"C32771",-157.754659758,21.291189121
"C32771",-157.754705048,21.291112064
"C43819",-157.754268454,21.296701385
"C43819",-157.754357409,21.296662056
"C55994",-157.756735368,21.28894826
"C55994",-157.757225476,21.28897962
"C34896",-157.754937543,21.296649756
"C34896",-157.755068455,21.296698177
"C42022",-157.754474287,21.296710457
"C42022",-157.754755044,21.296675794
"C54086",-157.754398371,21.286749954
"C54086",-157.754248002,21.286871741
"C19053",-157.755723711,21.280365297
"C19053",-157.755718042,21.28024141
"C19053",-157.755709443,21.28011315
"C39140",-157.74500281,21.292085059
"C39140",-157.745364489,21.292132159
"C18464",-157.754428571,21.282022023
"C18464",-157.754144319,21.282120781
"C24071",-157.745875698,21.283515372
"C24071",-157.745974575,21.2834465
"C38083",-157.753151329,21.289716537
"C38083",-157.753034508,21.289534674
"C36273",-157.757281413,21.290688552
"C36273",-157.757108138,21.290671848
"C8466",-157.756757336,21.282074712
"C8466",-157.756721257,21.28191097
"C8466",-157.756648362,21.281587851
"C8466",-157.756595138,21.281357069
"C31480",-157.750965041,21.281985611
"C31480",-157.750873203,21.281798214
"C31480",-157.750777357,21.281592701
"C31480",-157.750648945,21.281322555
"C31480",-157.750500417,21.281007451
"C32231",-157.751957348,21.28832912
"C32231",-157.752065816,21.287810944
"C32231",-157.752085474,21.287637521
"C43530",-157.755189945,21.287866119
"C43530",-157.754640024,21.288259296
"C36585",-157.744256391,21.283441384
"C36585",-157.744189193,21.283075723
"C36263",-157.757330041,21.288132746
"C36263",-157.757445929,21.287990774
"C11115",-157.747737198,21.292346132
"C11115",-157.747419152,21.292696023
"C53718",-157.755937811,21.286650612
"C53718",-157.756492802,21.286421836
"C18800",-157.756702881,21.274118344
"C18800",-157.756666809,21.273952387
"C18800",-157.756590296,21.273613515
"C22224",-157.757459941,21.282812775
"C22224",-157.757409993,21.282822144
"C22224",-157.757175277,21.282888668
"C22224",-157.757043416,21.282921532
"C6284",-157.745853903,21.288606399
"C6284",-157.746169509,21.288284036
"C55355",-157.750225444,21.285521093
"C55355",-157.750260276,21.285552439
"C55355",-157.750587313,21.28584674
"C55355",-157.751165825,21.286330461
"C55355",-157.751281393,21.286444753
"C55355",-157.751392625,21.286529051
"C55355",-157.751522173,21.286607067
"C55355",-157.75165407,21.28667654
"C55355",-157.751754283,21.286709394
"C55355",-157.75185223,21.286740092
"C55355",-157.751932169,21.286760008
"C25561",-157.752284831,21.285329959
"C25561",-157.752430256,21.285012092
"C24151",-157.756702881,21.274118344
"C24151",-157.756623204,21.274124745
"C24151",-157.756136116,21.274218155
"C52634",-157.756280273,21.300948499
"C52634",-157.756327379,21.300648268
"C39449",-157.749276781,21.284663988
"C39449",-157.749282752,21.28463
"C56153",-157.755068455,21.296698177
"C56153",-157.755325859,21.296641557
"C27589",-157.744530198,21.284429844
"C27589",-157.744244176,21.28396851
"C28968",-157.752595382,21.293044999
"C28968",-157.752683917,21.293016461
"C55357",-157.757321461,21.29598654
"C55357",-157.757055096,21.29401218
"C55357",-157.757048826,21.293899226
"C55357",-157.757055411,21.293820577
"C55357",-157.757039779,21.293783888
"C5207",-157.755903156,21.290195843
"C5207",-157.755740363,21.290279932
"C54453",-157.744189193,21.283075723
"C54453",-157.744144514,21.282763077
"C19900",-157.754640024,21.288259296
"C19900",-157.754145654,21.288363415
"C16712",-157.754528374,21.299546155
"C16712",-157.754525704,21.299523863
"C3376",-157.753697084,21.282281221
"C3376",-157.753629678,21.282265517
"C27839",-157.745086743,21.285254766
"C27839",-157.745649725,21.285196566
"C20629",-157.743340491,21.288901558
"C20629",-157.743308508,21.288125838
"C3512",-157.752553061,21.292444121
"C3512",-157.75231309,21.29235079
"C3517",-157.757826132,21.289439558
"C3517",-157.757336982,21.289941829
"C19021",-157.754774602,21.298942475
"C19021",-157.754867975,21.298849792
"C23383",-157.752364805,21.2830595456
"C23383",-157.752846301,21.282864668
"C34599",-157.754248002,21.286871741
"C34599",-157.753928814,21.287170109
"C54474",-157.745891743,21.28786949
"C54474",-157.745830913,21.287713222
"C57139",-157.757698483,21.290120548
"C57139",-157.757508204,21.29067088
"C57139",-157.757474153,21.290702512
"C54041",-157.744222653,21.289475551
"C54041",-157.744783686,21.289455585
"C52313",-157.754366685,21.289688112
"C52313",-157.754252928,21.289208321
"C5211",-157.757209284,21.290119032
"C5211",-157.757156056,21.290112911
"C54352",-157.745430873,21.29086352
"C54352",-157.74553152,21.290734874
"C52709",-157.7454814,21.287473222
"C52709",-157.744959066,21.287602571
"C44700",-157.748503441,21.284522196
"C44700",-157.748595861,21.284588891
"C44700",-157.74866465,21.284631348
"C44700",-157.74873774,21.284675828
"C44700",-157.748849558,21.2847244
"C44700",-157.74895065,21.284752787
"C44700",-157.749017322,21.284775071
"C44700",-157.749068961,21.284779182
"C44700",-157.749127066,21.284777252
"C44700",-157.749204555,21.284765266
"C44700",-157.749251952,21.284733066
"C44700",-157.749270865,21.28469765
"C209506",-157.752939148,21.289033982
"C209506",-157.752901734,21.288996831
"C31185",-157.746312472,21.281926522
"C31185",-157.74631926,21.28173944
"C52563",-157.7473173,21.279105919
"C52563",-157.747378109,21.279185113
"C52563",-157.747428675,21.279242399
"C5462",-157.757043416,21.282921532
"C5462",-157.756998316,21.282886239
"C10836",-157.749611157,21.288080899
"C10836",-157.749477181,21.287956816
"C48792",-157.744707719,21.2884143
"C48792",-157.744746807,21.288294626
"C54042",-157.744795451,21.289075576
"C54042",-157.744851048,21.289044426
"C4651",-157.755541537,21.288620429
"C4651",-157.755484718,21.288565288
"C3510",-157.753516296,21.292998349
"C3510",-157.753258921,21.292787426
"C47021",-157.753085322,21.289227997
"C47021",-157.753034508,21.289534674
"C56045",-157.757536278,21.282830091
"C56045",-157.757459941,21.282812775
"C42158",-157.750259487,21.281057503
"C42158",-157.750500417,21.281007451
"C33238",-157.744459344,21.286127843
"C33238",-157.744568635,21.286084703
"C16601",-157.749282752,21.28463
"C16601",-157.749331663,21.284351654
"C41244",-157.749270865,21.28469765
"C41244",-157.749276781,21.284663988
"C27084",-157.752256113,21.289322927
"C27084",-157.752182834,21.289668692
"C54347",-157.753577247,21.295990093
"C54347",-157.75370813,21.296056052
"C5616",-157.753461578,21.278489969
"C5616",-157.753475084,21.27853666
"C5616",-157.753513585,21.278786885
"C5616",-157.753588125,21.279220144
"C5616",-157.753616833,21.27939721
"C31723",-157.747990168,21.294372033
"C31723",-157.74819273,21.294193541
"C56092",-157.747423873,21.284486627
"C56092",-157.747410942,21.284416139
"C56092",-157.747389536,21.284349551
"C56092",-157.74736382,21.284286989
"C56092",-157.747327334,21.284230461
"C56092",-157.747272082,21.284187592
"C46029",-157.749189165,21.290018563
"C46029",-157.749104199,21.289934598
"C47397",-157.74643571,21.287374972
"C47397",-157.7460076,21.287165656
"C8086",-157.744681174,21.282558633
"C8086",-157.744786699,21.282546061
"C29890",-157.74809983,21.293214655
"C29890",-157.747840376,21.292961193
"C57156",-157.747226208,21.284222243
"C57156",-157.747272082,21.284187592
"C31466",-157.754570175,21.299091611
"C31466",-157.754762667,21.299111717
"C36662",-157.750480473,21.279335734
"C36662",-157.750579268,21.279314804
"C36662",-157.750601296,21.279314558
"C42124",-157.748878435,21.292900989
"C42124",-157.748823544,21.292839699
"C56583",-157.747964549,21.289906306
"C56583",-157.748173908,21.289662287
"C7849",-157.746141334,21.294133226
"C7849",-157.745824553,21.293788736
"C46052",-157.748302326,21.28823718
"C46052",-157.748243671,21.288125173
"C36587",-157.746490144,21.280900023
"C18483",-157.751829137,21.278714174
"C18483",-157.750993418,21.278820734
"C44862",-157.74621312,21.289799883
"C44862",-157.745910876,21.289677375
"C6570",-157.753616833,21.27939721
"C6570",-157.753616443,21.279410974
"C6570",-157.75373064,21.279621801
"C6570",-157.753800538,21.279757097
"C3252",-157.745788196,21.280487912
"C3252",-157.745650467,21.280493755
"C3252",-157.745510944,21.280438736
"C3252",-157.745413775,21.280368756
"C3252",-157.74533883,21.280271428
"C3252",-157.745113028,21.280188396
"C3252",-157.745048883,21.279950307
"C3252",-157.7450608,21.279887232
"C29608",-157.746586688,21.292599155
"C29608",-157.746816528,21.292216133
"C29683",-157.754401155,21.280434589
"C29683",-157.754232211,21.280470085
"C29683",-157.754046003,21.280510716
"C36445",-157.751392667,21.284883483
"C36445",-157.751136658,21.284945688
"C45184",-157.755860386,21.289637934
"C45184",-157.756188756,21.289557263
"C43973",-157.743251043,21.289234594
"C43973",-157.743340491,21.288901558
"C37737",-157.745032808,21.282914069
"C37737",-157.744988383,21.282875633
"C37737",-157.744928239,21.282813019
"C37737",-157.74487457,21.282738314
"C37737",-157.744831664,21.282661608
"C37737",-157.744805942,21.282603079
"C37737",-157.744786699,21.282546061
"C28316",-157.745300624,21.2928495994
"C28316",-157.74463262,21.29276378
"C38190",-157.752606324,21.288920729
"C38190",-157.752388119,21.288986582
"C36820",-157.754867975,21.298849792
"C36820",-157.755270026,21.298823082
"C7163",-157.755485613,21.298812477
"C7163",-157.755566556,21.299189337
"C50804",-157.747230707,21.284979529
"C50804",-157.747293891,21.284912113
"C50804",-157.74734135,21.284843611
"C50804",-157.747378053,21.284773076
"C50804",-157.747403997,21.284702525
"C50804",-157.74742353,21.284605744
"C50804",-157.747423873,21.284486627
"C8464",-157.748145217,21.281671568
"C8464",-157.748551692,21.2815054583
"C30018",-157.752067413,21.290208557
"C30018",-157.75210626,21.290034933
"C53175",-157.747816098,21.289999262
"C53175",-157.747849128,21.290311412
"C38191",-157.755068882,21.288913455
"C38191",-157.754693077,21.289033665
"C29434",-157.757211878,21.274244879
"C29434",-157.757143209,21.274030784
"C35955",-157.756766623,21.296740121
"C35955",-157.75660667,21.297279164
"C42104",-157.74916755,21.289040124
"C42104",-157.749077491,21.288919905
"C54364",-157.750169788,21.28025641
"C54364",-157.75009623,21.280115107
"C54364",-157.750065144,21.280044969
"C54364",-157.75003954,21.279987938
"C36280",-157.743653476,21.289981806
"C36280",-157.743927998,21.289631275
"C31691",-157.748598736,21.288756134
"C31691",-157.748368889,21.28867811
"C38439",-157.753026238,21.292726045
"C38439",-157.752812618,21.292681768
"C6460",-157.757489764,21.275156788
"C6460",-157.757453605,21.275043717
"C6460",-157.757368515,21.274768671
"C6460",-157.757273574,21.274457371
"C6460",-157.757211878,21.274244879
"C36436",-157.754567266,21.295810036
"C36436",-157.754725407,21.295656559
"C209507",-157.752394547,21.289021894
"C209507",-157.752388119,21.288986582
"C13546",-157.746276608,21.291244293
"C13546",-157.74633005,21.291062161
"C29053",-157.752430256,21.285012092
"C29053",-157.752210091,21.284687754
"C47277",-157.746493367,21.28426067
"C47277",-157.746748183,21.283996158
"C54165",-157.752883599,21.290855682
"C54165",-157.75293495,21.290227371
"C38535",-157.755592113,21.297829834
"C38535",-157.755826403,21.297772966
"C18750",-157.74677768,21.286127453
"C18750",-157.746765744,21.286039001
"C5076",-157.756712266,21.290713275
"C5076",-157.756343984,21.29062388
"C16606",-157.755642179,21.292557001
"C16606",-157.75554746,21.292522355
"C41839",-157.754691528,21.299848712
"C41839",-157.754709468,21.299570279
"C38440",-157.752883599,21.290855682
"C38440",-157.752916947,21.290894272
"C38058",-157.75179797,21.284027812
"C38058",-157.751855704,21.283972646
"C38058",-157.751931088,21.283901849
"C38058",-157.751971547,21.283858961
"C3204",-157.749385729,21.284077801
"C3204",-157.749431259,21.283858048
"C3204",-157.749456076,21.283728872
"C4479",-157.754252928,21.289208321
"C4479",-157.754281003,21.289105925
"C53720",-157.75758361,21.292136738
"C53720",-157.757613554,21.29204452
"C53720",-157.757635219,21.291955809
"C53720",-157.757654925,21.291750117
"C53720",-157.757646687,21.291524215
"C53720",-157.757627517,21.291403175
"C53720",-157.757606025,21.291302713
"C43592",-157.743687895,21.290359726
"C43592",-157.743465807,21.290307327
"C10833",-157.747499894,21.291232077
"C10833",-157.746865288,21.29091458
"C10797",-157.748737145,21.289221219
"C10797",-157.748713694,21.289129407
"C26521",-157.7445307,21.292461594
"C26521",-157.74457832,21.292223318
"C5865",-157.745640182,21.280727849
"C5865",-157.745003401,21.280594229
"C6961",-157.753800538,21.279757097
"C6961",-157.754022012,21.279703377
"C29645",-157.744808885,21.285612618
"C29645",-157.745086743,21.285254766
"C38100",-157.756259623,21.293562189
"C38100",-157.755865471,21.293447218
"C31046",-157.755903156,21.290195843
"C31046",-157.755955155,21.290057134
"C3519",-157.752278061,21.289370295
"C3519",-157.752256113,21.289322927
"C10834",-157.746865288,21.29091458
"C10834",-157.746788713,21.291012669
"C20549",-157.755313529,21.300695924
"C20549",-157.755436044,21.300597824
"C3375",-157.753629678,21.282265517
"C3375",-157.753602874,21.282266359
"C3375",-157.753406334,21.282337429
"C3375",-157.753335429,21.282364101
"C33268",-157.753984666,21.280966422
"C33268",-157.75395614,21.280899536
"C33268",-157.753878216,21.280732399
"C33268",-157.753820412,21.280610177
"C43694",-157.753788901,21.28586351
"C43694",-157.753962831,21.286144024
"C10984",-157.746492173,21.294992555
"C10984",-157.746789925,21.294867465
"C22137",-157.753688169,21.28748453
"C22137",-157.753529501,21.287518512
"C36266",-157.752606324,21.288920729
"C36266",-157.752471376,21.288820349
"C19783",-157.75439635,21.298692895
"C19783",-157.754430636,21.298781688
"C19783",-157.754472743,21.298880054
"C53716",-157.752085474,21.287637521
"C53716",-157.752081393,21.287504402
"C53716",-157.752094352,21.287476185
"C53716",-157.752115896,21.287462099
"C53716",-157.752204528,21.287459257
"C34895",-157.75370813,21.296056052
"C34895",-157.754356824,21.296664458
"C4957",-157.751932169,21.286760008
"C4957",-157.752661841,21.2863879765
"C25594",-157.753168237,21.287947127
"C25594",-157.752847975,21.287786513
"C34994",-157.754762667,21.299111717
"C34994",-157.754774602,21.298942475
"C6721",-157.744566043,21.280428667
"C6721",-157.744491943,21.280346787
"C6721",-157.744449021,21.280280165
"C6721",-157.744107122,21.279255192
"C41871",-157.752939148,21.289033982
"C41871",-157.75276773,21.289006264
"C3117",-157.744746807,21.288294626
"C3117",-157.74464175,21.288018556
"C47128",-157.757197702,21.284657299
"C47128",-157.757412641,21.284562873
"C4964",-157.757301107,21.288982999
"C4964",-157.757225476,21.28897962
"C25778",-157.753267666,21.277988832
"C25778",-157.753042443,21.278015443
"C25778",-157.752408021,21.276786144
"C49424",-157.746046858,21.295301115
"C49424",-157.746874724,21.295373299
"C29903",-157.747784235,21.292901901
"C29903",-157.747499073,21.292625161
"C6286",-157.746611282,21.287875248
"C6286",-157.74643571,21.287374972
"C4524",-157.752847975,21.287786513
"C4524",-157.752424834,21.287452337
"C3086",-157.754667712,21.285514156
"C3086",-157.754149741,21.285715818
"C38037",-157.755036306,21.295494983
"C38037",-157.755327207,21.295458662
"C39466",-157.744786699,21.282546061
"C39466",-157.744778156,21.282494126
"C39466",-157.744771819,21.282425543
"C39466",-157.744771944,21.282352936
"C39466",-157.744780659,21.282290426
"C39466",-157.744793682,21.282225906
"C39466",-157.744824027,21.282146202
"C52283",-157.752509572,21.285962357
"C52283",-157.752413471,21.285687228
"C53715",-157.748734676,21.282679121
"C53715",-157.748741182,21.282648878
"C53715",-157.748732647,21.282606511
"C53715",-157.748709061,21.282556053
"C53715",-157.748694029,21.28253788
"C53715",-157.748666093,21.282515652
"C53715",-157.748625254,21.282487355
"C53715",-157.748599463,21.282469164
"C53715",-157.748382548,21.282218749
"C53715",-157.748352479,21.282184417
"C53715",-157.748318091,21.282160163
"C53715",-157.74826648,21.282139917
"C53715",-157.748227767,21.282127758
"C53715",-157.748195509,21.282115609
"C53715",-157.748154678,21.282083278
"C53715",-157.748070899,21.281998444
"C53715",-157.748051577,21.281972195
"C53715",-157.748030116,21.281937876
"C53715",-157.747982875,21.281879317
"C53715",-157.747951067,21.281801849
"C24814",-157.746090101,21.291754739
"C24814",-157.745733164,21.291604192
"C49055",-157.746393481,21.285427849
"C49055",-157.74680683,21.285206883
"C43344",-157.755675688,21.287469277
"C43344",-157.75536528,21.287744605
"C6569",-157.75003954,21.279987938
"C6569",-157.749917364,21.27972322
"C6569",-157.749842738,21.279564838
"C6569",-157.749805778,21.279493079
"C52997",-157.746711109,21.293556749
"C52997",-157.747069975,21.293551143
"C55945",-157.755789182,21.287700743
"C55945",-157.756313097,21.28741244
"C20548",-157.756714712,21.298950774
"C20548",-157.756580853,21.298863219
"C41870",-157.754693077,21.289033665
"C41870",-157.754281003,21.289105925
"C52539",-157.756706373,21.276681027
"C52539",-157.756673197,21.276538711
"C52539",-157.756647671,21.276433784
"C52539",-157.756629455,21.276348054
"C38192",-157.755541537,21.288620429
"C38192",-157.755068882,21.288913455
"C56087",-157.745758176,21.284474121
"C56087",-157.746201965,21.28443506
"C5834",-157.746895485,21.283949935
"C5834",-157.746765339,21.283879631
"C23758",-157.752923595,21.291310052
"C23758",-157.752883599,21.290855682
"C3911",-157.753267666,21.277988832
"C3911",-157.753277847,21.278012212
"C3911",-157.753340081,21.278113146
"C3911",-157.753357171,21.278134156
"C29148",-157.755794732,21.28670959
"C29148",-157.75592082,21.286838128
"C50669",-157.752283835,21.287458794
"C50669",-157.752204528,21.287459257
"C35251",-157.74915253,21.290485726
"C35251",-157.749189165,21.290018563
"C3514",-157.755877124,21.291584017
"C3514",-157.756332282,21.291806581
"C32716",-157.75311021,21.289055097
"C32716",-157.753085322,21.289227997
"C3822",-157.754797185,21.294664252
"C3822",-157.755183469,21.294617746
"C25106",-157.754568672,21.299897217
"C25106",-157.754528374,21.299546155
"C4952",-157.75760972,21.287967829
"C4952",-157.757445929,21.287990774
"C32984",-157.747272082,21.284187592
"C32984",-157.747217742,21.284139538
"C32984",-157.747127475,21.284072846
"C32984",-157.746895485,21.283949935
"C18490",-157.74553152,21.290734874
"C18490",-157.745458101,21.290397902
"C54233",-157.754149741,21.285715818
"C54233",-157.753788901,21.28586351
"C10986",-157.7472713,21.293364524
"C10986",-157.747784235,21.292901901
"C24232",-157.754046003,21.280510716
"C24232",-157.753992727,21.280535544
"C24232",-157.753893536,21.280572474
"C24232",-157.753820412,21.280610177
"C31292",-157.756180552,21.289528421
"C31292",-157.756550353,21.289373784
"C31140",-157.756408149,21.275412352
"C31140",-157.756362224,21.275210142
"C31140",-157.756253191,21.274762403
"C31140",-157.756192276,21.274522339
"C31140",-157.756176609,21.274450354
"C36437",-157.754900048,21.295516871
"C36437",-157.75491364,21.295512482
"C36437",-157.755036306,21.295494983
"C43672",-157.744668977,21.292416364
"C43672",-157.74457832,21.292223318
"C47160",-157.755984887,21.288541539
"C47160",-157.755660904,21.288595226
"C23953",-157.748844113,21.292746991
"C23953",-157.748218997,21.292655608
"C52424",-157.756659824,21.290230239
"C52424",-157.756379278,21.290247796
"C19052",-157.755709443,21.28011315
"C19052",-157.755526532,21.280157616
"C19052",-157.755010488,21.280286203
"C19052",-157.754479018,21.280416099
"C19052",-157.754401155,21.280434589
"C19016",-157.743614955,21.287574489
"C19016",-157.743820737,21.287418628
"C16600",-157.757815844,21.282575446
"C16600",-157.757815428,21.282758126
"C54281",-157.744222121,21.284884135
"C54281",-157.744122478,21.284830927
"C5074",-157.75381904,21.290693117
"C5074",-157.754335086,21.291027405
"C4523",-157.752424834,21.287452337
"C4523",-157.752283835,21.287458794
"C8470",-157.750308767,21.280572726
"C8470",-157.750217329,21.280367714
"C8470",-157.750169788,21.28025641
"C7671",-157.745103375,21.285353218
"C7671",-157.745086743,21.285254766
"C13544",-157.745522796,21.291626052
"C13544",-157.74546187,21.291279687
"C5836",-157.746142777,21.283535827
"C5836",-157.745974575,21.2834465
"C47398",-157.7460076,21.287165656
"C47398",-157.745655111,21.286952518
"C35480",-157.752028417,21.290756095
"C35480",-157.752030302,21.290541077
"C18550",-157.745364489,21.292132159
"C18550",-157.745522796,21.291626052
"C52451",-157.756971758,21.290770818
"C52451",-157.756712266,21.290713275
"C31722",-157.747758097,21.294146851
"C31722",-157.747990168,21.294372033
"C51021",-157.74417627,21.287387937
"C51021",-157.744559304,21.287513463
"C38243",-157.757399423,21.288138868
"C38243",-157.757330041,21.288132746
"C4327",-157.754460038,21.284549201
"C4327",-157.754180097,21.284652969
"C40045",-157.756998316,21.282886239
"C40045",-157.756969462,21.282794555
"C40045",-157.756934771,21.282680927
"C5210",-157.757081697,21.290228488
"C5210",-157.757156056,21.290112911
"C10985",-157.746905345,21.294889582
"C10985",-157.747296176,21.2950011425
"C56699",-157.752030302,21.290541077
"C56699",-157.752036836,21.290372433
"C27447",-157.756315,21.2874115968
"C27447",-157.756837873,21.287123916
"C5875",-157.745685423,21.288869927
"C5875",-157.745853903,21.288606399
"C49227",-157.746634404,21.291840643
"C49227",-157.746664271,21.291340405
"C41645",-157.754527343,21.275815019
"C41645",-157.754777535,21.275749517
"C41645",-157.755064013,21.275679675
"C41645",-157.755281438,21.275628764
"C47018",-157.755897164,21.282267213
"C47018",-157.755944959,21.282450134
"C47018",-157.755975593,21.282574295
"C29889",-157.747180324,21.293919465
"C29889",-157.747069975,21.293551143
"C5459",-157.751445321,21.283263814
"C5459",-157.751552577,21.283235068
"C5459",-157.751661665,21.28320852
"C2600",-157.754623598,21.311802701
"C2600",-157.754652932,21.311615367
"C2600",-157.754729332,21.311450167
"C2600",-157.754793799,21.3112409
"C2600",-157.754776198,21.310778367
"C2600",-157.754729132,21.3107233
"C2600",-157.754729132,21.3106407
"C2600",-157.754681999,21.310431501
"C2600",-157.754640799,21.310095567
"C2600",-157.754652599,21.310023967
"C2600",-157.754652531,21.309952367
"C2600",-157.754681932,21.309880767
"C2600",-157.754699532,21.3098257
"C2600",-157.754717131,21.3097817
"C2600",-157.754728932,21.309698967
"C2600",-157.754728798,21.3094127
"C2600",-157.754716998,21.309368701
"C2600",-157.754669999,21.3092971
"C2600",-157.754640598,21.309137367
"C2600",-157.754622932,21.309120901
"C2600",-157.754622999,21.3090989
"C2600",-157.754593532,21.3090493
"C2600",-157.754575799,21.309005167
"C2600",-157.754564132,21.308977701
"C2600",-157.754564132,21.3088785
"C2600",-157.754528798,21.3088401
"C2600",-157.754546332,21.308415967
"C2600",-157.754593199,21.308074567
"C2600",-157.754610798,21.307777167
"C2600",-157.754593132,21.307584501
"C2600",-157.754610732,21.3074853
"C2600",-157.754610599,21.306896167
"C2600",-157.754622332,21.306802501
"C2600",-157.754669332,21.3066483
"C2600",-157.754763198,21.306499567
"C2600",-157.754880732,21.306356367
"C2600",-157.754915999,21.306306767
"C2600",-157.755221532,21.306113967
"C2600",-157.755291999,21.306031367
"C2600",-157.755368399,21.305899167
"C2600",-157.755444732,21.3057285
"C2600",-157.755462332,21.305585301
"C2600",-157.755479932,21.305469701
"C2600",-157.755462332,21.305387101
"C2600",-157.755444598,21.305365101
"C2600",-157.755432932,21.3053265
"C2600",-157.755415199,21.305309967
"C2600",-157.755385798,21.3051723
"C2600",-157.755373998,21.304968567
"C2600",-157.755385798,21.304935501
"C2600",-157.755403333,21.304797767
"C2600",-157.755415132,21.3047593
"C2600",-157.755509132,21.304627101
"C2600",-157.755585532,21.3045059
"C2600",-157.755767532,21.3043297
"C2600",-157.75586153,21.304158967
"C2600",-157.755890932,21.304087367
"C2600",-157.755902599,21.303905567
"C2600",-157.755861398,21.303591767
"C27569",-157.750772852,21.28470373
"C27569",-157.750454418,21.284335293
"C22025",-157.753015534,21.289683344
"C22025",-157.75293495,21.290227371
"C48827",-157.756124977,21.292608852
"C48827",-157.755642179,21.292557001
"C29108",-157.748407314,21.288457848
"C29108",-157.748302326,21.28823718
"C48298",-157.755794732,21.28670959
"C48298",-157.755937811,21.286650612
"C52745",-157.749605081,21.2804344548
"C52745",-157.749728333,21.280350012
"C52745",-157.75000011,21.280291363
"C52745",-157.750169788,21.28025641
"C24207",-157.743308508,21.288125838
"C24207",-157.74328136,21.287766593
"C4956",-157.754659819,21.286550731
"C4956",-157.754398371,21.286749954
"C8468",-157.755724589,21.281166258
"C8468",-157.755726131,21.280900178
"C8468",-157.755726358,21.280540454
"C8468",-157.755723711,21.280365297
"C52970",-157.745824553,21.293788736
"C52970",-157.745735809,21.293612414
"C10831",-157.747893813,21.290771322
"C10831",-157.747849128,21.290311412
"C17723",-157.753250497,21.282436668
"C17723",-157.753277746,21.282427678
"C17723",-157.753327306,21.282387413
"C17723",-157.753335429,21.282364101
"C36584",-157.745649725,21.285196566
"C36584",-157.74572356,21.284882009
"C38286",-157.74680683,21.285206883
"C38286",-157.747230707,21.284979529
"C38417",-157.752210091,21.284687754
"C38417",-157.751392667,21.284883483
"C18482",-157.754755044,21.296675794
"C18482",-157.754937543,21.296649756
"C5205",-157.752860653,21.29140416
"C5205",-157.752923595,21.291310052
"C53178",-157.747816098,21.289999262
"C53178",-157.747963565,21.289998098
"C36590",-157.744122478,21.284830927
"C36590",-157.744530198,21.284429844
"C469",-157.746533732,21.323032567
"C469",-157.746568999,21.322905967
"C469",-157.746598398,21.3226637
"C469",-157.746568999,21.322536967
"C469",-157.746504332,21.322437967
"C469",-157.746427799,21.322300301
"C469",-157.746386732,21.322272767
"C469",-157.746339732,21.322212167
"C469",-157.746322132,21.3221847
"C469",-157.746292598,21.322157167
"C469",-157.746263198,21.322085567
"C469",-157.746227998,21.322035967
"C469",-157.746216132,21.3213697
"C469",-157.746216132,21.321292567
"C469",-157.746139598,21.321149367
"C469",-157.746121999,21.321127367
"C469",-157.746063198,21.3210283
"C469",-157.745986798,21.3209237
"C469",-157.745892732,21.320769501
"C469",-157.745892732,21.320725367
"C469",-157.745880998,21.320714367
"C469",-157.745851532,21.320461167
"C469",-157.745892732,21.3203455
"C469",-157.745939598,21.320279367
"C469",-157.745957332,21.320218901
"C469",-157.745957199,21.320097567
"C469",-157.746004332,21.3199545
"C469",-157.746092332,21.319822301
"C469",-157.746597732,21.319337568
"C469",-157.746750398,21.319089767
"C469",-157.746762198,21.3190403
"C469",-157.746797532,21.319018167
"C469",-157.746809198,21.318968567
"C469",-157.746826798,21.3189521
"C469",-157.746838598,21.3189025
"C469",-157.746873799,21.3188805
"C469",-157.746914932,21.3187263
"C469",-157.746950132,21.318434367
"C469",-157.747008799,21.318241701
"C469",-157.747026398,21.3178067
"C469",-157.747055799,21.317641367
"C469",-157.747102732,21.3174763
"C469",-157.747114532,21.3174487
"C469",-157.747343398,21.316517967
"C469",-157.747343398,21.316319767
"C469",-157.747378732,21.316148967
"C469",-157.747437332,21.3160609
"C469",-157.747525532,21.3159507
"C469",-157.747590199,21.315868167
"C469",-157.747619532,21.315708367
"C469",-157.747637131,21.315559767
"C469",-157.747619532,21.3154937
"C469",-157.747543132,21.315383501
"C469",-157.747454931,21.315256967
"C469",-157.747419599,21.3151523
"C469",-157.747407799,21.315003701
"C469",-157.747419531,21.3148825
"C469",-157.747466532,21.314733767
"C469",-157.747495798,21.3145631
"C469",-157.747560532,21.314331767
"C469",-157.747572199,21.3143097
"C469",-157.747677932,21.313880167
"C469",-157.747677932,21.313830701
"C469",-157.747742532,21.313659967
"C469",-157.747754199,21.313621367
"C469",-157.747801198,21.313461567
"C469",-157.747830598,21.313356967
"C469",-157.747924531,21.313048567
"C469",-157.747942199,21.313032101
"C469",-157.747942132,21.312982567
"C469",-157.748018533,21.312855767
"C469",-157.748018531,21.312778767
"C469",-157.748047932,21.3127677
"C469",-157.748059599,21.3126521
"C469",-157.748094797,21.3126301
"C469",-157.748106598,21.312563967
"C469",-157.748171131,21.312360167
"C469",-157.748229932,21.312227967
"C469",-157.748276932,21.3121565
"C469",-157.748335732,21.3120353
"C469",-157.748517799,21.3117819
"C469",-157.748552998,21.311710367
"C469",-157.748764531,21.311374367
"C469",-157.748946731,21.311159567
"C469",-157.749040598,21.3109833
"C469",-157.749099332,21.310900767
"C469",-157.749146399,21.310867701
"C469",-157.749281532,21.3107795
"C469",-157.749681132,21.310619767
"C469",-157.749816199,21.310531567
"C469",-157.749951398,21.3104545
"C469",-157.750139399,21.310289301
"C469",-157.750274533,21.3101295
"C469",-157.750397931,21.309953301
"C469",-157.750521199,21.309771501
"C469",-157.751161532,21.3088683
"C469",-157.751496398,21.3083617
"C469",-157.751508132,21.308306567
"C469",-157.751696198,21.3080697
"C469",-157.751772532,21.307921101
"C469",-157.751848932,21.307772301
"C469",-157.751860599,21.307645567
"C469",-157.751878198,21.3075685
"C469",-157.751889932,21.307458367
"C469",-157.751936798,21.3070839
"C469",-157.751954532,21.306995767
"C469",-157.751966131,21.306869167
"C469",-157.752001398,21.306764501
"C469",-157.752107133,21.3066489
"C469",-157.752230532,21.306544167
"C469",-157.752336332,21.3065057
"C469",-157.752365599,21.3064671
"C469",-157.752412732,21.3064451
"C469",-157.752594799,21.306224767
"C469",-157.752671132,21.306103501
"C469",-157.752671132,21.3060595
"C469",-157.752718198,21.305998901
"C469",-157.752759199,21.305789567
"C469",-157.752794532,21.305718101
"C469",-157.752835598,21.305635501
"C469",-157.753023598,21.3054593
"C469",-157.753264532,21.305288367
"C469",-157.753399599,21.3052169
"C469",-157.753769798,21.305134101
"C469",-157.753904932,21.305067967
"C469",-157.754345598,21.3048531
"C469",-157.754574732,21.3047099
"C469",-157.754991799,21.304313367
"C469",-157.755450132,21.303971767
"C469",-157.755796732,21.303619301
"C469",-157.755861398,21.303591767
"C3254",-157.749837338,21.283627675
"C3254",-157.750112436,21.283563459
"C3254",-157.750419491,21.283493935
"C3254",-157.750496621,21.283476006
"C32989",-157.74562576,21.289365911
"C32989",-157.745685423,21.288869927
"C22266",-157.74739448,21.288139565
"C22266",-157.747340147,21.287736309
"C47023",-157.75094694,21.28488682
"C47023",-157.750772852,21.28470373
"C42140",-157.74783458,21.291812076
"C42140",-157.747793588,21.29198197
"C6684",-157.745049971,21.291061092
"C6684",-157.745430873,21.29086352
"C27471",-157.752089653,21.288527505
"C27471",-157.752025017,21.288536248
"C41491",-157.755367341,21.299866084
"C41491",-157.755542201,21.29982266
"C37738",-157.7473173,21.279105919
"C37738",-157.747222499,21.278945219
"C33198",-157.745735809,21.293612414
"C33198",-157.745648638,21.293185021
"C51046",-157.755781726,21.281249918
"C51046",-157.755724589,21.281166258
"C29681",-157.747774544,21.2807844446
"C29681",-157.747951067,21.281801849
"C6457",-157.747497579,21.279525341
"C6457",-157.747553657,21.279795207
"C6457",-157.747594819,21.279985348
"C38285",-157.747340147,21.287736309
"C38285",-157.747315554,21.287492492
"C19790",-157.746217615,21.285094031
"C19790",-157.746166333,21.284882182
"C19790",-157.74647003,21.28472129
"C19790",-157.746741551,21.284499843
"C19790",-157.747176655,21.284256455
"C19790",-157.747226208,21.284222243
"C4508",-157.75311021,21.289055097
"C4508",-157.752939148,21.289033982
"C5882",-157.74714367,21.288556424
"C5882",-157.74739448,21.288139565
"C10800",-157.747705077,21.29000575
"C10800",-157.747717906,21.289266289
"C10800",-157.747765202,21.288976128
"C8469",-157.751272001,21.28044082
"C8469",-157.75134144,21.280411393
"C8469",-157.751542039,21.280328182
"C8469",-157.751665194,21.280279274
"C41480",-157.755566556,21.299189337
"C41480",-157.756121425,21.299305919
"C29119",-157.754086725,21.289136006
"C29119",-157.75385797,21.289143454
"C3014",-157.752683917,21.293016461
"C3014",-157.752900787,21.29309268
"C56823",-157.745733164,21.291604192
"C56823",-157.745522796,21.291626052
"C40825",-157.745247993,21.293468098
"C40825",-157.745212706,21.293361815
"C40825",-157.745292799,21.292846991
"C5075",-157.757108138,21.290671848
"C5075",-157.756971758,21.290770818
"C41671",-157.754627101,21.2836532158
"C41671",-157.754032129,21.283773765
"C41671",-157.753904393,21.283754242
"C41671",-157.753869152,21.283751331
"C54472",-157.754210736,21.298177246
"C54472",-157.754595416,21.298084991
"C44863",-157.744583961,21.284515825
"C44863",-157.744530198,21.284429844
"C38411",-157.753869152,21.283751331
"C38411",-157.753621898,21.283849402
"C38411",-157.753346795,21.283960228
"C30126",-157.744825671,21.293376783
"C30126",-157.74463262,21.29276378
"C3015",-157.757897454,21.276393382
"C3015",-157.757810789,21.276182252
"C3015",-157.757749778,21.276000044
"C54034",-157.754725407,21.295656559
"C54034",-157.754617746,21.295703801
"C4955",-157.756495809,21.28793855
"C4955",-157.75660397,21.288029531
"C54085",-157.757333964,21.286862124
"C54085",-157.757563215,21.286773527
"C19017",-157.744568635,21.286084703
"C19017",-157.744417765,21.285879743
"C22161",-157.754594371,21.29054526
"C22161",-157.755213313,21.29038235
"C41245",-157.757039779,21.293783888
"C41245",-157.757081395,21.293723806
"C41245",-157.757113772,21.293665363
"C41245",-157.757148404,21.293544401
"C41245",-157.757278225,21.293119029
"C41245",-157.757343101,21.292927519
"C41245",-157.757425318,21.292659394
"C41245",-157.757496749,21.292407388
"C41245",-157.757563806,21.292197731
"C41245",-157.75758361,21.292136738
"C4849",-157.756931097,21.296068493
"C4849",-157.756828026,21.296385073
"C4326",-157.757412641,21.284562873
"C4326",-157.757496583,21.28464556
"C29872",-157.746917042,21.291065541
"C29872",-157.746788713,21.291012669
"C7301",-157.756421672,21.299998666
"C7301",-157.756106888,21.2999839606
"C20659",-157.754039338,21.280986202
"C20659",-157.753984666,21.280966422
"C10801",-157.748429334,21.290492211
"C10801",-157.748485511,21.290394504
"C10801",-157.748751795,21.289772592
"C10801",-157.748737145,21.289221219
"C47614",-157.749104199,21.289934598
"C47614",-157.749077491,21.288919905
"C43735",-157.757197702,21.284657299
"C43735",-157.756351471,21.2843010742
"C38032",-157.751971547,21.283858961
"C38032",-157.751937893,21.283785528
"C38032",-157.751830692,21.283563075
"C38032",-157.751761906,21.283420597
"C38032",-157.75173813,21.283367976
"C24170",-157.746177349,21.292767107
"C24170",-157.746145592,21.292677336
"C45283",-157.753529501,21.287518512
"C45283",-157.753342919,21.287997968
"C8085",-157.744124991,21.282612056
"C8085",-157.744681174,21.282558633
"C7848",-157.745902099,21.294725418
"C7848",-157.746125921,21.294394499
"C7848",-157.74612593,21.294394343
"C54327",-157.758596138,21.274801225
"C54327",-157.75868761,21.274990811
"C25698",-157.754145654,21.288363415
"C25698",-157.754184325,21.288512149
"C10835",-157.748314042,21.289010533
"C10835",-157.748368889,21.28867811
"C20197",-157.754817228,21.281904135
"C20197",-157.754428571,21.282022023
"C52569",-157.756828026,21.296385073
"C52569",-157.756720404,21.296398069
"C22317",-157.756299268,21.296450067
"C22317",-157.756028437,21.2965645544
"C38187",-157.755286662,21.2862326066
"C38187",-157.754776262,21.28666068
"C38719",-157.747358961,21.29387376
"C38719",-157.74809983,21.293214655
"C49485",-157.749077491,21.288919905
"C49485",-157.748742285,21.288806273
"C54083",-157.753034508,21.289534674
"C54083",-157.753015534,21.289683344
"C40061",-157.752210091,21.284687754
"C40061",-157.752236589,21.284430722
"C24237",-157.745655111,21.286952518
"C24237",-157.745436954,21.286790766
"C38438",-157.753258921,21.292787426
"C38438",-157.753026238,21.292726045
"C45687",-157.745647087,21.286732029
"C45687",-157.745436954,21.286790766
"C31047",-157.757156056,21.290112911
"C31047",-157.757336982,21.289941829
"C48901",-157.754180097,21.284652969
"C48901",-157.754269489,21.284768851
"C47138",-157.754086725,21.289136006
"C47138",-157.754018508,21.289090763
"C7162",-157.755542201,21.29982266
"C7162",-157.755566556,21.299189337
"C4521",-157.753394269,21.287588856
"C4521",-157.753529501,21.287518512
"C52425",-157.757131056,21.290355214
"C52425",-157.757081697,21.290228488
"C35481",-157.752130969,21.290051995
"C35481",-157.75210626,21.290034933
"C24012",-157.754335086,21.291027405
"C24012",-157.754421301,21.291068245
"C43480",-157.754725407,21.295656559
"C43480",-157.754900048,21.295516871
"C40707",-157.752048311,21.290972016
"C40707",-157.752028417,21.290756095
"C33267",-157.752681629,21.280776011
"C33267",-157.752612751,21.280908994
"C48789",-157.752455038,21.285122687
"C48789",-157.752430256,21.285012092
"C21012",-157.756484273,21.297739342
"C21012",-157.756213718,21.297261052
"C56584",-157.748265735,21.289566233
"C56584",-157.748314042,21.289010533
"C25842",-157.752763089,21.28102301
"C25842",-157.752703686,21.28097851
"C25842",-157.752645393,21.280929023
"C25842",-157.752612751,21.280908994
"C44861",-157.74631926,21.28173944
"C44861",-157.746334187,21.281633362
"C28324",-157.74457832,21.292223318
"C28324",-157.744242151,21.292116019
"C35784",-157.745003401,21.280594229
"C35784",-157.744719758,21.280510499
"C35784",-157.744672444,21.280494293
"C35784",-157.744620849,21.280465978
"C35784",-157.744566043,21.280428667
"C3104",-157.753250497,21.282436668
"C3104",-157.753053575,21.282515974
"C3104",-157.752743728,21.28264014
"C27732",-157.756580853,21.298863219
"C27732",-157.756563745,21.298639334
"C39992",-157.749513402,21.283698483
"C39992",-157.749645252,21.283671131
"C39992",-157.749837338,21.283627675
"C5883",-157.747315554,21.287492492
"C5883",-157.747371286,21.287075339
"C53014",-157.748218997,21.292655608
"C53014",-157.747784235,21.292901901
"C4958",-157.752660132,21.286385297
"C4958",-157.752509572,21.285962357
"C38948",-157.748742285,21.288806273
"C38948",-157.748598736,21.288756134
"C6285",-157.746169509,21.288284036
"C6285",-157.746384014,21.288126878
"C3202",-157.755671627,21.283903024
"C3202",-157.75515476,21.283840559
"C3202",-157.754884722,21.28395101
"C3202",-157.75459117,21.284071619
"C3202",-157.754519159,21.284101063
"C34874",-157.747119434,21.290487337
"C34874",-157.74701625,21.290243438
"C49175",-157.756327379,21.300648268
"C49175",-157.756380383,21.300304365
"C5832",-157.746201965,21.28443506
"C5832",-157.746493367,21.28426067
"C3118",-157.74464175,21.288018556
"C3118",-157.744509145,21.287612297
"C54149",-157.757333964,21.286862124
"C54149",-157.757405257,21.287045489
"C42767",-157.746334187,21.281633362
"C42767",-157.746389226,21.28164544
"C42767",-157.746453786,21.28164352
"C42767",-157.746552806,21.2816235
"C42767",-157.746632494,21.281583284
"C42767",-157.746684202,21.281547057
"C42767",-157.74672946,21.281506788
"C42767",-157.746763972,21.281458435
"C42767",-157.746794189,21.281406042
"C42767",-157.746809351,21.281347576
"C42767",-157.74681806,21.281289099
"C42767",-157.746818131,21.281246745
"C42767",-157.746816049,21.281206405
"C42767",-157.746801065,21.281159994
"C42767",-157.746783929,21.28111358
"C42767",-157.746751738,21.28106311
"C42767",-157.746717378,21.281022721
"C42767",-157.74667655,21.280988372
"C42767",-157.746637872,21.280956044
"C42767",-157.746590569,21.280933788
"C42767",-157.746541104,21.280917578
"C42767",-157.746490144,21.280900023
"C27796",-157.74328136,21.287766593
"C27796",-157.743614955,21.287574489
"C4178",-157.756781409,21.290197339
"C4178",-157.756659824,21.290230239
"C24131",-157.746384014,21.288126878
"C24131",-157.746611282,21.287875248
"C54082",-157.756332282,21.291806581
"C54082",-157.756502345,21.291768225
"C5862",-157.746279813,21.282319943
"C5862",-157.746312472,21.281926522
"C5863",-157.745377026,21.28180911
"C5863",-157.745325171,21.281711934
"C7298",-157.756336489,21.298660497
"C7298",-157.756028796,21.298693757
"C34996",-157.744115018,21.287476344
"C34996",-157.74417627,21.287387937
"C24206",-157.754595416,21.298084991
"C24206",-157.754706122,21.298079695
"C28249",-157.752036836,21.290372433
"C28249",-157.752067413,21.290208557
"C39988",-157.75276773,21.289006264
"C39988",-157.752606324,21.288920729
"C19781",-157.751273642,21.290780781
"C19781",-157.751340869,21.290474316
"C19781",-157.751716408,21.289825438
"C19781",-157.751945548,21.289212647
"C19781",-157.751888388,21.288649856
"C19781",-157.751899283,21.288569198
"C19781",-157.752025017,21.288536248
"C29902",-157.747793588,21.29198197
"C29902",-157.747737198,21.292346132
"C33216",-157.744144514,21.282763077
"C33216",-157.744124991,21.282612056
"C35965",-157.747594819,21.279985348
"C35965",-157.747609042,21.280041266
"C35965",-157.747633105,21.280139718
"C35965",-157.747704108,21.280483675
"C35965",-157.747720132,21.280561299
"C35965",-157.74777075,21.28078132
"C5884",-157.746605176,21.285766623
"C5884",-157.746454285,21.285542283
"C22131",-157.75230717,21.289090577
"C22131",-157.752256113,21.289322927
"C48667",-157.745521537,21.290393045
"C48667",-157.745395272,21.290051041
"C21997",-157.754144319,21.282120781
"C21997",-157.753697084,21.282281221
"C47626",-157.747765202,21.288976128
"C47626",-157.748314042,21.289010533
"C43593",-157.743465807,21.290307327
"C43593",-157.743653476,21.289981806
"C34995",-157.754755193,21.298808654
"C34995",-157.754867975,21.298849792
"C4179",-157.755213313,21.29038235
"C4179",-157.755903156,21.290195843
"C43531",-157.752553061,21.292444121
"C43531",-157.752417641,21.292185686
"C10832",-157.747770024,21.291318027
"C10832",-157.747499894,21.291232077
"C53736",-157.744824027,21.282146202
"C53736",-157.744849871,21.282086827
"C53736",-157.744884388,21.282036457
"C53736",-157.744923205,21.281988112
"C53736",-157.744972792,21.281933731
"C53736",-157.74504606,21.281873336
"C53736",-157.745091308,21.281839117
"C53736",-157.745138699,21.281810953
"C53736",-157.745325171,21.281711934
"C18751",-157.756628023,21.29743615
"C18751",-157.75660667,21.297279164
"C7850",-157.74546187,21.291279687
"C7850",-157.745646977,21.291215569
"C22223",-157.751661665,21.28320852
"C22223",-157.751903697,21.283159564
"C22223",-157.752168509,21.283100404
"C22223",-157.752364268,21.283058563
"C49267",-157.744417765,21.285879743
"C49267",-157.744808885,21.285612618
"C7300",-157.756380383,21.300304365
"C7300",-157.756421672,21.299998666
"C45147",-157.749456076,21.283728872
"C45147",-157.749513402,21.283698483
"C35288",-157.747870837,21.291541403
"C35288",-157.74783458,21.291812076
"C34497",-157.755297865,21.287129608
"C34497",-157.755712383,21.286773131
"C8462",-157.755566172,21.281725403
"C8462",-157.754817228,21.281904135
"C36636",-157.758569335,21.275026837
"C36636",-157.75868761,21.274990811
"C11481",-157.747893813,21.290771322
"C11481",-157.748284304,21.290736519
"C11481",-157.748414891,21.29052228
"C5837",-157.745491923,21.283170424
"C5837",-157.745032808,21.282914069
"C29146",-157.752417641,21.292185686
"C29146",-157.752333694,21.29210575
"C56166",-157.745646977,21.291215569
"C56166",-157.745430873,21.29086352
"C56140",-157.74701625,21.290243438
"C56140",-157.746839041,21.289792956
"C8635",-157.748609576,21.293368308
"C8635",-157.748878435,21.292900989
"C7166",-157.755283127,21.297949501
"C7166",-157.755393932,21.297884143
"C49512",-157.747419152,21.292696023
"C49512",-157.747103523,21.292610044
"C49512",-157.747025082,21.292704691
"C49512",-157.746830217,21.292903061
"C5208",-157.755896598,21.290386943
"C5208",-157.755903156,21.290195843
"C6605",-157.756720404,21.296398069
"C6605",-157.756299268,21.296450067
"C6456",-157.755799317,21.279269287
"C6456",-157.755533398,21.279336172
"C6456",-157.755006713,21.27946214
"C6456",-157.754466436,21.279592668
"C6456",-157.754202352,21.279658413
"C6456",-157.754022012,21.279703377
"C8522",-157.757075119,21.296907176
"C8522",-157.75691633,21.296740338
"C27832",-157.754324034,21.281330647
"C27832",-157.754279635,21.281315698
"C27832",-157.754182385,21.28128979
"C40095",-157.747332599,21.286297062
"C40095",-157.74701284,21.286085616
"C36265",-157.756056754,21.288955527
"C36265",-157.756735368,21.28894826
"C7297",-157.756563745,21.298639334
"C7297",-157.756336489,21.298660497
"C25957",-157.744298806,21.290407513
"C25957",-157.743687895,21.290359726
"C4507",-157.753354688,21.289086191
"C4507",-157.75311021,21.289055097
"C56601",-157.746080922,21.294903845
"C56601",-157.746492173,21.294992555
"C48818",-157.757459941,21.282812775
"C48818",-157.757416851,21.282670573
"C48818",-157.757337985,21.282404268
"C48818",-157.757306566,21.282309333
"C35766",-157.757324874,21.296011833
"C35766",-157.756931097,21.296068493
"C30426",-157.754525704,21.299523863
"C30426",-157.754517751,21.299457466
"C30426",-157.754578245,21.299316373
"C30426",-157.754570175,21.299091611
"C34819",-157.74650253,21.289075827
"C34819",-157.746862984,21.288893539
"C30901",-157.753015534,21.289683344
"C30901",-157.752930343,21.289689327
"C10826",-157.747893813,21.290771322
"C10826",-157.747927367,21.291212755
"C31481",-157.750500417,21.281007451
"C31481",-157.750411543,21.280805153
"C31481",-157.750308767,21.280572726
"C9366",-157.745814508,21.292888908
"C9366",-157.746145592,21.292677336
"C5617",-157.753461578,21.278489969
"C5617",-157.753435681,21.278388355
"C5617",-157.753386044,21.278212075
"C5617",-157.753357171,21.278134156
"C16605",-157.757606025,21.291302713
"C16605",-157.757503649,21.290824156
"C16605",-157.757474153,21.290702512
"C3115",-157.743927998,21.289631275
"C3115",-157.744222653,21.289475551
"C7670",-157.744509145,21.287612297
"C7670",-157.744559304,21.287513463
"C41962",-157.755486486,21.291121862
"C41962",-157.75597075,21.291397901
"C440",-157.755400132,21.2929417
"C440",-157.755905131,21.2915043
"C440",-157.75597075,21.291397901
"C440",-157.756316198,21.290837767
"C440",-157.756345532,21.290611967
"C440",-157.756380732,21.290232101
"C440",-157.756115998,21.2893015
"C440",-157.755874599,21.287891767
"C440",-157.755692399,21.2874843
"C440",-157.754669798,21.286564967
"C440",-157.754287732,21.2860199
"C440",-157.751653998,21.280254767
"C35043",-157.745361687,21.28658986
"C35043",-157.745404554,21.286089914
"C43358",-157.75293495,21.290227371
"C43358",-157.752964253,21.290269805
"C38036",-157.754137912,21.295358985
"C38036",-157.754441407,21.295759784
"C38036",-157.754453885,21.295764769
"C27664",-157.754357409,21.296662056
"C27664",-157.754474287,21.296710457
"C3013",-157.752900787,21.29309268
"C3013",-157.753219447,21.293188994
"C37293",-157.744242151,21.292116019
"C37293",-157.744146183,21.2921399
"C3518",-157.752256113,21.289322927
"C3518",-157.752173418,21.289372398
"C3251",-157.7531323,21.289239057
"C3251",-157.753085322,21.289227997
